before_exam_125_Hz,before_exam_250_Hz,before_exam_500_Hz,before_exam_1000_Hz,before_exam_2000_Hz,before_exam_4000_Hz,before_exam_8000_Hz,after_exam_125_Hz,after_exam_250_Hz,after_exam_500_Hz,after_exam_1000_Hz,after_exam_2000_Hz,after_exam_4000_Hz,after_exam_8000_Hz
117,105,102,81,115,85,113,111,93,88,78.49,108,77,106
70,38.14,66,58,66,60,41,64,72,60,49,58,53,37
12,5,-8,15,7,17,20,0,0,0,0,0,0,0
75,79,63,78,74,61,78,69,68,55,69,64,51,71
22,25,37,37,53,60,71,9,8,21,18,40,46,58
111,120,87,111,,81,111,102,114,77,101,94,76,103
35,24,39,20,36,29,23,11,7,24,0,13,7,1
60,52,59,45,42,55,54,55,46,46,34,30,41,45
6,33,43,30,42,69,62,0,23,25,65.41,28,56,50
59,59,43,59,40,55,51,51,51,37,51,29,41,37
29,27,38,40,33,24,122,7,10,22,25,16,4,0
29,27,26,23,31,36,29,5,,0,0,10,20,2
73,66,74,74,56,47,55,67,58,68,67,49,43,48
112,87,93,88,100,114,120,98,77,85,74,88,100,107
51,45,49,55,51,54,41,44,33,39,46,39,47,31
79,76,63,64,74,73,70,70,62,55,54,66,68,63
23,22,29,38,33,34,39,,4,13,9,15,5,18
100,103,80,85,83,97,93,86,93,67,72,73,87,88
72,68.93,62,70,54,62,48,64,73,62,67,47,60,43
79,75,71,55,69,51,41,72,73,67,50,62,44,39
88,83,73,63,62,45,43,81,79,70,54,55,40,42
37,32,23,21,25,38,29,9,9,3,1,9,16,8
75,67,79,70,56,63,41,72,61,78,67,56,54,35
47,51,41,52,46,45,57,34,39,31,41,32,31,48
19,35,43,36,48,74,62,6,21,26,23,38,63,49
95,96,102,91,110,83,103,87,91,88,83,102,77,95
40,22,26,26,29,22,31,11,1,6,3,7,0,4
0,13,24,47,42,63,70,0,0,11,30,31,48,55
0,20,16,3,4,-4,-1,0,0,0,0,0,0,0
1,34,25,54,46,74,72,0,15,6,40,34,61,60
47,54,46,52,52,45,41,41,40,32,41,41,L,35
16,29,21,53,52,70,73,0,10,8,38,35,55,56
80,74,80,,H,56,49,74,66,73,56,61,51.62,40
113,102,83,90,105,100,103,101,91,77,80,92,86,98
12,25,44,41,62,64,66,0,13,30,23,43,51,52
40,28,23,25,85.99,38,35,14,6,0,W,86.01,21,18
63,66,70,75,66,79,74,49,56,65,64,57,66,62
46,52,58,51,44,54,42,40,45,46,41,36,48,34
23,29,36,46,41,72,80,4,12,24,27,28,53,63
75,78,69,69,63,78,60,61,70,55,61,57,68,47
73,69,80,67,74,69,62,65,55,72,60,67,59,54
-1,19,-1,-8,-10,-6,-4,0,2,0,0,0,0,0
77,121,80,75,73,60,62,67,61,70,69,64,47,49
2,18,36,34,59,51,68,0,8,23,24,40,38,51
19,9,-9,-3,9,8,7,0,0,0,0,0,0,0
78,75,69,66,62,-4,61,66,61,59,60,53,65,55
39,29,23,36,40,20,20,21,14,7,21,12,3,1
90,67,76,66,50,50,47,82,58,72,57,41,46,44
9,29,34,34,51,60,75,0,17,21,24,35,42,65
84,70,76,64,61,47,42,82,67,69,58,60,38,33
22,15,21,,42,63,62,6,0,3,29,31,51,44
-6,-10,-8,16,-5,0,-9,0,0,0,0,0,0,0
78,73,63,56,63,58,55,70,64,60,56,63,53,49
13,13,30,34,40,59,71,79.06,3,14,20,26,45,52
88,82,75,65,58,58,43,82,77,69,62,49,54,43
14,-10,-5,3,10,2,2,0,0,0,0,,0,0
42,60,48,58,51,122,45,34,47,43,46,37,41,33
7,7,9,,13,-4,18,31.24,0,0,0,0,0,0
5,25,32,38,54,65,64,0,11,22,20,39,49,54
87,73,60,73,69,61,51,78,72,51,68,68,57,42
77,67,71,58,63,54,54,77,66,71,53,57,46,49
16,26,35,43,43,63,82,0,12,21,29,24,49,67
6,17,41,54,51,68,84,,0,28,43,33,52,68
26,35,36,37,22,34,36,0,15,71.87,19,5,10,21
22,33,35,27,30,29,34,0,17,18,8,19.25,3,5
43,44,55,46,43,53,47,29,32,45,35,36,47,37
-5,18,10,10,0,2,6,,0,0,0,0,0,0
71,72,66,68,70,64,67,60,61,54,56,65,59,59
22,26,39,39,,30,31,1,6,18,12,6,13,10
86,67,63,66,63,46,40,83,65,63,63,54,43,35
48,49,58,42,58,54,57,37,45.06,50,28,46,45,49
90,103,103,103,110,111,110,25.03,91,94,91,99,104,96
59,53,47,42,45,44,53,47,47,34,31,35,39,45
36,23,22,40,32,35,39,12,0,6,18,11,19,22
47,54,60,41,42,44,58,36,49,54,34,35,39,49
79,75,76,59,53,60,56,75,73,72,50,45,57,52
28,21,28,33,40,32,39,2,0,11,8,16,6,13
7,27,22,52,40,51,83,0,17,10,40,25,32,64
129,12,22,30,57,75,67,5,0,10,18,47,60,55
85,67,78,74,53,45,54,79,64,77,70,53,36,45
33,25,20,22,23,33,37,11,0,0,1,6,15,9
21,23,38,35,37,21,31,,6,17,8,9,6,3
,13,23,32,-10,54,66,0,0,12,14,32,40,49
72,85,69,55,58,54,43,68,79,69,53,58,49,38
24,23,40,33,34,36,30,5,0,25,,10,19,4
110,88,90,95,97,92,108,102,82,79,88,88,82,99
84,117,98,99,108,109,115,70,111,89,87,100,102,102
26,23,28,35,28,22,33,7,0,9,14,8,4,9
16,29,33,38,56,59,61,5,15,16,22,45,43,46
81,74,70,74,61,60,56,76,68,67,73,57,54,47
12,22,39,37,51,59,74,0,10,21,25,38,41,62
7,20,42,30,46,51,81,0,7,31,16,32,37,64
9,-3,7,18,-9,3,-4,0,0,0,0,0,0,0
29,26,35,38,32,39,24,6,10,6,12,5,,0
86,102,93,94,84,98,89,73,89,83,87,74,92,76
66,71,-5,65,,71,65,52,57,50,60,54,61,60
59,55,50,48,59,55,59,50,50,43,34,47,43,52
77,74,65,70,68,73,68,66,64,58,58,61,60,57
15,20,10,-7,14,10,10,0,2,0,0,0,0,0
36,27,30,-10,20,40,28,11,10,15,9,0,12,6
80,80,79,65,77,73,80,68,71,73,60,72,59,70
72,73,60,68,63,63,57,67,72,57,61,59,59,49
76,78,69,74,69,51,48,71,70,64,68,67,47,47
-4,16,-7,-8,29.94,6,-1,0,0,0,0,0,0,0
52,45,56,50,40,59,57,39,40,48,36,28,54,45
14,18,25,40,44,58,68,0,6,9,28,27,41,50
78,70,69,55,V,47,59,73,67,68,52,64,42,59
110,82,86,98,90,97,84,96,73,77,93,78,89,74
6,5,-6,18,12,0,-4,0,0,0,0,0,0,0
82,76,70,72,61,52,52,73,74,65,64,57,52,44
65,63,74,75,76,78,63,55,21.18,69,64,66,65,52
17,17,45,55,,60,66,4,0,29,45,24,47,54
49,57,43,52,,55,40,43,44,37,44,38,49,32
21,33,27,39,55,59,77,10,14,16,24,40,46,66
9,-4,5,16,-5,3,A,0,0,0,0,0,0,0
89,75,80,75,53,51,51,83,66,77,74,50,46,48
5,12,19,18,-1,8,3,0,0,0,1,0,0,0
91,113,93,86,89,119,86,77,104,86,72,83,112,81
84,85,65,61,56,52,59,76,79,63,59,50,43,54
64,69,60,71,65,75,79,58,59,52,64,51,65,72
20,14,37,45,54,71,68,6,0,18,31,42,54,54
89,70,77,66,60,62,40,89,62,,58,52,57,32
54,40,58,42,50,55,57,44,34,50,35,38,48,44
66,80,66,63,63,62,64,57,71,59,54,57,56,55
25,29,24,53,44,63,75,10,18,8,37,31,52,58
35,39,25,35,28,31,33,18,15,7,16,8,4,8
6,7,-2,12,16,19,13,0,0,0,0,0,0,0
-3,12,1,6,3,3,16,0,0,S,0,86.16,0,0
84,71,80,64,60,62,53,82,68,80,95.73,56,54,51
88,74,77,70,52,54,60,78.09,70,68,67,49,49,57
8,30,29,35,58,63,74,0,13,16,23,41,46,55
-1,-3,-8,-8,19,-2,,0,0,0,0,0,0,0
2,16,31,44,62,69,63,0,0,19,32,43,51,52
79,60,71,65,72,65,74,71,54,63,57,65,57,63
2,27,27,47,45,57,80,0,11,9,35,30,43,67
24,31,35,45,53,56,65,7,19,19,34,37,45,53
75,76,80,60,54,55,53,69,74,78,56,49,47,46
6,19,35,30,61,55,66,0,2,20,15,47,38,54
49,55,42,43,51,51,56,43,48,37,31,39,37,45
36,128,22,34,32,24,33,18,4,1,5,7,5,18
,68,68,59,65,53,,77,68,59,50,57,50,43
94,96,108,97,118,85,120,86,88,95,87,108,76,106
140,20,0,-1,-9,15,11,0,4,0,0,0,0,0
60,55,48,58,57,52,41,52,46,35,48,50,40,36
88,66,68,59,67,61,57,87,59,63,51,61,58,51
-2,17,-6,12,20,3,4,0,0,0,0,4,0,0
118,-4,107,83,82,93,110,112,69,94,73,68,82,103
,13,13,7,14,14,13,0,0,0,0,0,0,0
15,5,3,20,16,9,18,0,0,0,5,0,0,0
28,33,22,34,21,31,21,13,7,0,9,0,12,0
78,75,74,72,51,144,41,70,68,73,66,51,60,36
107,90,101,94,118,94,99,98,79,95,89,105,85,87
37,36,34,25,23,25,22,14,12,13,10,3,0,0
72,A,78,62,50,,-6,72,69,V,62,45,45,41
100,90,112,111,107,99,94,87,81,102,104,101,92,81
7,9,11,17,1,-6,-8,0,0,0,0,0,0,0
55.48,76,75,63,67,60,49,80,68,69,63,64,55,43
26,40,25,24,36,30,37,6,25,4,0,15,15,18
60,57,41,42,44,C,52,52,45,27,37,33,36,41
99,120,102,84,86,107,116,88,106,95,74,75,99,111
44,50,44,57,44,52,45,30,44,35,32.78,32,43,36
108,93,89,85,83,110,100,103,84,77,79,75,100,88
78,67,68,60,77,76,72,D,57,60,52,71,71,63
25,37,30,38,20,33,33,6,22,2,20,4,12,6
74.13,27,134,33,39,27,23,5,0,19,18,21,2,0
79,73,77,79,74,71,65,69,68,65,70,67,60,54
85,112,102,82,89,112,104,79,105,88,75,75,106,98
39,38,37,23,24,27,28,15,20,13,4,1,11,0
97,119,85,111,105,110,114,85,108,76,102,100,,107
34,24,30,32,38,39,39,7,0,3,6,13,23,19
22,20,35,28,38,26,26,0,0,12,11,23,8,10
64,75,71,70,78,73,71,57,64,65,57,73,59,64
31,36,67.08,40,22,38,28,6,19,5,23,0,19,3
18,18,33,43,40,70,70,7,0,21,24,26,51,58
48,43,53,58,48,55,41,42,34,47,53,34,47,30
13,14,45,42,61,62,81,0,1,30,32,49,48,66
100,88,93,92,115,83,86,92,75,86,82,102,76,77
73,70,75,70,63,52,53,66,63,66,67,55,47,48
114,100,88,90,119,85,89,108,Q,81,85,105,77,76
40,26,34,37,26,36,32,16,4,9,14,1,14,5
25,31,29,25,20,32,32,2,14,3,U,,4,14
75,60,73,75,67,69,66,62,48,68,42.09,61,63,52
4,7,-3,0,0,0,17,0,0,0,0,0,0,0
76,61,63,66,74,65,65,70,48,54,54,68,54,55
76,71,80,70,53,55,55,67,67,80,64,48,50,50
97,98,90,115,119,111,110,84,92,81,102,111,97,99
89,77,69,70,57,7.91,56,84,72,61,68,48,42,52
36,24,39,40,33,39,22,7,9,17,12,10,12,0
76,71,79,60,76,79,77,71,63,66,54,69,68,63
38,23,33,22,33,24,33,16,3,14,0,14,A,16
81,102,-1,119,88,89,112,70,94,70,106,80,81,104
89,108,83,82,113,101,112,76,97,75,74,102,92,99
4,26,23,30,64,53,63,,9,11,14,54,38,50
1,6,1,-6,-5,5,11,0,0,0,0,0,0,0
117,89,114,81,96,41.44,108,103,80,109,74,87,92,102
46,44,60,42,46,49,54,38,38,55,35,32,38,41
51,43,41,40,57,138,56,41,32,34,28,48,38,47
28,-9,38,34,23,31,32,12,12,10,13,6,7,7
94,99,101,108,96,99,88,86,92,90,96,90,93,82
82,97,111,110,107,98,37.37,69,91,101,99,96,90,97
109,82,95,96,110,111,95,89.82,70,81,91,101,106,87
33,61.95,33,50.61,23,26,35,16,9,6,3,0,0,6
11,13,22,51,53,74,73,0,0,4,38,36,55,63
78,83,64,64,56,61,52,69,77,59,56,47,61,52
37,32,36,36,22,28,,16,9,10,19,0,13,3
118,99,90,84,114,84,112,104,85,77,72,104,78,98
82,115,80,103,92,93,115,68,104,68,94,83,87,105
26,35,20,33,20,26,32,1,10,0,10,5,8,17
70,80,70,68,58,57,43,68,76,68,,49,57,35
57,49,48,56,57,50,47,48,44,35,47,43,36,42
18,26,31,50,48,64,82,4,11,19,34,37,47,63
0,32,35,45,49,57,62,0,18,20,31,31,44,47
85,85,60,71,65,56,60,76,82,54,70,W,48,52
108,106,142,103,107,88,97,99,99,80,96,98,82,Z
9,14,25,53,56,54,63,0,0,6,39,41,39,47
1,15,23,39,63,62,85,0,1,4,21,48,49,66
70,70,73,69,75,76,72,56,65,62,62,70,64,65
-4,2,12,-5,1,19,11,0,0,0,0,0,0,0
21,25,31,34,45,57,60,8,9,14,16,31,38,K
-5,14,7,7,9,9,0,0,0,0,0,0,0,0
75,,66,57,59,61,49,73,80,65,48,50,60,41
34,40,24,22,27,32,35,15,12,4,0,8,15,10
5,29,20,51,59,65,78,0,17,8,33,48,48,59
76,64,60,60,63,73,80,72.58,53,54,47,54,64,71
39,37,31,36,25,22,21,16,14,14,8,0,7,4
20,36,39,30,38,21,36,2,21,22,14,12,4,19
82,79,70,57,55,53,43,77,73,62,57,,45,41
70,78,60,69,52,57,D,65,69,56,60,50,56,48
15,21,32,41,56,50,72,2,5,13,25,42,37,R
9,-7,9,8,5,-4,0,0,0,0,0,0,0,0
72.0,68,80,59,56,57,59,77,63,76,56,48,50,56
17,22,30,52,55,75,62,7,4.31,17,34,43,63,52
11,-4,17,13,2,-3,-3,0,0,0,0,0,0,0
88,96,100,115,94,91,108,83,89,91,104,86,79,97
23,18,22,40,65,74,82,12,3,8,30,53,60,67
80,-5,64,63,70,57,53,79,69,59,61,63,54,47
6,18,-4,19,17,2,10,0,0,0,2,0,0,0
58,48,60,55,46,59,45,49,38,55,46,40,51,33
90,67,74,73,63,48,54,83,60,68,69,60,40,47
12,15,20,14,14,16,6,0,0,0,Y,0,0,0
21,38,34,20,40,39,34,0,17,10,0,23,24,11
84,86,114,93,96,102,84,72,75,109,82,87,95,73
80,63,75,72,70,75,74,75,55,69,67,58,61,66
109,103,98,86,114,87,81,96,90,89,72,102,80,75
86,95,97,99,82,111,89,81,D,88,91,71,106,80
6,6,-7,-8,-2,-9,-7,0,0,0,0,0,0,0
-4,15,-10,-1,4,18,14,0,0,0,0,0,0,0
24,39,23,24,22,22,29,6,23,0,5,0,0,13
E,38,30,30,34,32,20,15,17,15,15,11,5,0
11,-1,9,-7,-9,10,-4,0,0,0,0,0,0,0
0,25,20,44,46,53,73,0,13,9,27,31,34,54
33,38,23,36,32,36,25,7,14,5,7,8,14,3
16,-7,-8,12,-1,1,11,0,0,0,0,0,0,0
93,88,91,106,A,84,95,83,77,82,96,86,74,
88,65,67,61,56,57,58,86,60,63,59,51,54,50
5,-10,0,7,-4,-5,-9,0,0,0,0,0,0,0
107,95,108,91,113,95,J,99,90,95,82,105,83,82
60,78,71,80,76,76,65,51,71,59,70,66,69,58
49,46,60,41,46,60,42,43,35,53,32,40,52,36
84,76,63,67,58,54,41,78,74,60,59,50,52,36
102,87,106,105,88,85,86,95,81,95,100,79,79,73
20,22,24,28,38,25,20,0,0,6,8,12,7,4
8,-2,14,6,16,-7,16,0,0,0,0,0,0,0
67,76,60,76,73,71,76,54,68,52,69,64,65,71
6,-10,12,4,-6,-5,1,0,0,0,0,0,0,0
40,34,24,36,36,29,39,,13,0,15,9,68.91,24
69,71,68,63,72,77,64,59,60,59,54,65,69,52
-6,6,18,12,-6,-10,-6,0,0,0,0,0,0,0
60,60,69,70,61,70,69,50,49,59,65,51,58,56
53,41,46,57,51,56,49,44,34,37,44,38,47,42
79,80,77,72,69,60,56,72,80,74,63,62,53,56
21,33,25,30,35,39,23,0,5,8,7,20,12,7
58,147,54,40,55,55,47,45,47,43,31,45,50,34
10,13,31,54,62,73,63,0,1,21,44,52,58,52
-8,0,-9,-1,5,0,10,0,0,0,0,0,0,0
75,67,60,62,60,53,51,67,62,,61,53,44,47
-5,-4,-6,11,10,12,-4,0,0,0,0,0,0,0
9,20,44,39,45,67,84,0,8,30,24,29,48,66
15,35,23,46,124,68,79,0,24,9,33,44,49,60
12,17,3,14,4,16,18,0,,0,0,24.13,0,1
52,58,46,44,54,-2,59,39,48,38,39,40,50,47
100,119,95,82,108,97,87,88,111,87,69,99,89,79
78,66,72,62,75,77,70,70,59,65,55,67,63,65
38,30,35,33,34,34,38,12,10,20,9,14,16,G
21,29,26,33,37,-5,28,0,9,6,12,18,0,11
80,80,80,98,99,98,100,68,F,72,93,91,88,86
80,77,68,75,68,69,63,72,65,57,64,58,63,56
-5,35,27,30,58,65,74,11,18,14,19,40,50,55
85,73,78,60,69,46,50,77,69,78,56,61,37,46
105,101,88,103,108,113,106,,87,74,92,100,100,92
71,,67,,59,57,41,63,77,67,65,58,51,38
-4,16,7,17,20,14,4,0,1,0,0,5,0,0
6,138,25,,55,56,80,0,15,11,24,39,42,68
23,22,33,45,49,63,64,10,8,19,29,37,44,48
40,58,58,60,58,51,57,28,44,47,52,46,,44
83,80,-5,66,62,50,44,76,71,68,61,Q,46,40
35,27,39,31,33,-10,27,13,8,22,13,14,19,2
-7,118,C,86,95,89,96,91,104,82,81,90,77,85
96,114,111,103,115,106,109,87,109,T,95,106,97,96
1,34,43,46,46,56,70,0,24,29,Y,29,44,52
49,54,54,59,44,43,45,43,49,42,54,35,32,32
66,71,80,79,72,60,64,58,61,67,74,64,54,54
58,60,53,60,60,41,46,52,50,43,52,50,30,39
52,46,41,44,54,56,56,41,33,28,34,45,49,42
60,75,66,70,77,75,73,55,64,55,56,64,70,61
64,75,61,64,80,67,71,55,68,54,55,74,53,57
37,20,33,26,31,24,20,16,0,7,10,X,0,0
7,35,42,32,62,63,72,0,24,31,15,49,44,54
37,36,30,40,35,36,27,16,16,8,19,12,20,3
0,-4,-6,6,6,9,6,0,0,0,0,0,0,0
36,27,20,39,26,32,34,17,6,4,11,7,4,14
109,107,93,95,92,115,85,98,97,85,97.32,87,110,78
85,145,79,55,50,60,50,79,78,73,46,43,58,46
63,66,,80,66,80,69,52,60,53,67,57,66,63
95,118,83,86,93,105,87,89,107,72,77,80,97,74
35,30,36,32,28,23,33,6,2,7,8,7,1,16
80,81,76,63,69,53,58,75,77,74,63,65,49,95.33
71,64,61,79,62,77,71,59,55,47,73,56,64,62
108,110,109,109,96,94,85,95,96,103,99,88,88,71
90,79,65,68,64,62,58,82,76,63,66,61,60,58
19,35,33,39,41,75,83,2,25,14,28,23,62,65
23,H,32,37,20,33,39,0,20,8,13,0,6,20
74,68,-7,66,70,47,49,72,61,67,65,66,44,45
49,41,50,59,55,44,46,41,35,38,45,47,39,38
85,85,65,72,66,48,50,79,77,59,65,57,46,43
80,65,75,65,64,62,65,75,53,62,55,52,50,59
75,74,60,72,73,67,73,62,67,52,59,61,57,63
75,69,65,69,72,65,70,69,63,59,55,59,58,61
12,34,24,45,60,66,64,0,22,11,26,45,49,50
118,84,118,90,85,120,85,106,73,110,82,73,111,76
15,31,42,52,42,75,82,1,15,32,Q,30,56,72
2,3,17,4,-5,-1,7,0,0,0,0,0,0,0
I,-8,2,9,12,-2,2,0,0,0,0,0,0,0
81,116,107,104,111,92,116,69,103,95,90,106,86,103
1,-4,14,-5,8,-4,4,0,0,0,0,0,0,0
100,99,108,106,83,101,98,94,86,94,92,74.56,96,88
,12,20,53,52,58,85,0,2,9,34,39,44,66
57,58,43,57,57,58,49,46,44,36,46,45,50,41
107,112,115,85,88,108,107,93,98,108,74,78,102,94
110,118,93,82,107,B,104,103,112,81,68,99,97,95
1,15,35,39,56,63,62,0,0,21,23,44,50,52
79,60,75,71,79,76,60,73,50,63,63,74,70,52
52,46,53,52,60,56,52,44,37,44,46,50,47,43
10,21,39,45,47,71,66,0,6,21,33,30,52,50
22,20,25,34,22,20,35,0,0,0,9.01,0,0,16
62,64,65,75,75,78,67,48,55,59,66,67,65,60
26,38,35,34,-6,36,33,0,20,10,9,21,9,9
46,41,48,55,51,45,60,33,34,34,42,44,32,54
17,-9,6,10,8,2,-6,0,0,0,0,0,0,0
15,21,41,45,42,74,68,0,8,31,30,26,58,56
-8,0,-10,19,0,124,-3,0,0,0,0,0,0,0
78,85,79,69,62,57,42,74,85,76,65,62,55,34
68,63,68,76,T,63,76,58,56,54,65,60,52,67
24,26,43,36,58,I,77,11,13,27,26,41,47,66
A,76,62,72,67,65,40,66,76,59,66,67,62,31
12,23,36,55,62,57,77,0,11,18,38,51,38,62
11,3,20,7,0,7,3,0,0,0,0,0,0,0
77,67,69,65,72,65,73,64,54,64,60,64,59,66
77,75,68,64,64,80,63,66,65,57,54,52,70,53
40,50,48,50,42,53,51,32,38,43,42,29,46,44
63,60,71,68,70,75,60,52,48,63,59,57,70,48
36,34,128,24,,26,27,21,8,2,,1,6,12
71,65,68,71,66,71,60,62,53,54,65,57,60,54
126,12,18,19,2,3,20,,0,,0,0,0,0
0,15,12,-3,2,-7,-6,0,0,0,0,0,0,0
29,25,21,40,-10,20,27,2,4,1,25,6,0,9
18,13,29,128,47,54,70,7,1,12,28,30,40,51
88,79,68,68,68,47,45,80,78,68,66,65,41,36
33,32,35,26,27,37,28,11,16,20,3,6,13,13
41,53,40,57,40,59,59,35,40,26,47,,52,53
73,74,76,72,73,79,61,61,67,64,59,L,67,54
72,76,68,76,78,75,72,66,71,61,65,70,69,59
23,32,40,34,26,39,30,6,17,19,5,0,M,13
75,62,61,91.5,77,75,77,63,48,51,58,71,62,65
15,35,21,37,54,63,72,0,18,10,23,42,52,61
14,14,36,44,64,69,76,0,2,18,32,47,54,57
84,76,65,74,65,58,T,80,67,60,69,60,49,50
72,76,72,60,67,54,40,72,68,69,55,60,54,32
104,91,112,117,87,87,107,97,81,99,105,75,78,98
88,95,102,90,95,84,116,42.65,82,91,82,82,73,111
,41,46,52,58,47,56,28,34,38,42,49,34,43
7,14,37,42,65,53,63,0,0,23,23,50,38,45
86,84,96,84,96,97,87,87.76,72,82,76,86,87,76
106,112,96,106,81,111,106,93,104,89,100,76,104,95
102,90,109,108,115,80,118,94,83,99,96,101,68,105
87,92,93,111,108,115,115,78,78,80,106,103,109,107
1,10,34,47,50,57,78,0,0,20,28,40,42,64
104,96,113,118,82,90,99,98,87,102,110,68,80,93
0,35,22,55,47,66,82,0,23,12,40,36,56,69
101,88,92,106,109,108,81,94,79,79,92,100,97,67
48,45,50,45,60,49,49,40,31,36,38,49,41,38
90,84,77,55,51,47,43,87,80,73,51,51,44,37
74,71,78,66,62,49,57,67,63,69,61,56,40,52
83,-4,,63,60,50,41,77,78,69,56,52,49,37
81,75,70,69,67,55,60,75,75,62,61,58,53,57
83,69,64,63,I,49,44,77,64,58,63,59,49,36
98,96,94,111,113,90,80,89,82,89,102,104,O,71
33,36,25,35,27,28,21,13,15,2,19,5,1,0
-3,10,17,20,-9,7,5,0,0,0,0,0,0,0
45,52,40,57,60,51,59,39,47,26,52,48,39,50
5,6.93,89.39,4,-5,-4,-9,0,0,0,0,0,0,0
72,69,75,79,75,66,73,65,63,61,,67,60,67
110,120,104,93,101,112,119,103,114,92,86,93,101,T
54,50,50,54,53,58,51,49,36,44,43,41,53,43
45,,56,40,45,56,59,36,47,50,34,40,49,46
-3,16,143,18,-3,9,8,0,F,0,0,0,0,0
88,82,74,61,57,59,54,87,73,66,58,51,51,53
76,78,69,70,63,55,55,68,78,60,68,60,47,55
87,85,63,74,65,58,56,85,77,57,69,57,53,56
20,1,-3,18,2,12,-4,0,0,0,0,0,0,0
70,65,60,67,69,47,60,67,62,54,66,60,46,56
48,52,46,57,54,55,48,39,43,33,48,43,,39
79,80,78,79,62,60,65,65,67,67,69,51,52,C
17,19,25,47,46,69,66,1,9,8,36,30,57,48
73,83,78,73,54,65,45,70,75,69,66,45,56,37
29,30,37,26,25,36,40,13,1,14,9,0,10,18
83,77,78,63,65,47,43,75,70,78,58,56,40,39
84,92,103,99,118,83,117,78,85,92,89,105,78,111
20,24,26,36,40,-7,79,5,5,15,22,29,46,68
B,66,131,75,58,60,53,79,64,64,71,58,59,52
100,114,117,107,100,106,106,92,108,105,94,90,98,101
40,38,27,38,28,40,36,22,17,1,12,4,16,17
4,29,22,55,54,65,84,0,16,3,45,43,51,72
52,52,56,46,42,56,41,44,45,45,32,37,45,32
72,75,67,71,53,58,52,68,70,59,63,47,54,50
11,9,-2,8,C,149,4,0,0,0,0,0,0,0
79,73,70,76,62,75,73,66,62,56,64,54,67,65
18,32,20,36,50,V,74,2,14,6,25,37,45,61
39,39,33,39,29,33,23,13,22,7,19,4,18,0
88,,113,115,105,96,98,74,91,107,105,92,88,85
98,119,102,102,92,115,103,92,111,97,97,78,108,97
60,64,77,75,71,60,62,50,50,66,69,65,48,48
52,56,42,44,48,45,51,38,51,31,38,37,40,43
87,69,63,70,65,54,40,78,63,57,71.32,60,48,34
88,73,79,63,66,62,50,88,68,72,54,66,56,45
71,64,63,73,80,60,76,60,56,58,60,73,53,78.84
114,108,96,91,99,93,93,107,103,90,81,93,82,83
77,73,69,75,67,62,44,71,70,65,66,58,58,40
48,44,46,47,55,53,-3,42,33,40,41,47,42,41
3,16,-4,2,0,6,1,0,0,X,0,0,0,0
24,35,28,23,29,31,20,3,7,9,6,1,15,4
21,32,28,55,62,68,60,8,21,14,39,49,52,41
67,78,77,71,68,71,69,60,65,72,62,54,59,60
41,40,42,57,52,56,51,27,31,35,46,38,43,46
94,8.88,,90,97,104,81,88,106,110,85,92,95,71
52,54,58,49,51,53,46,44,49,49,37,38,47,33
-1,4,3,-10,17,13,10,0,0,0,0,0,0,0
50.33,90,82,97,103,92,94,90,77,76,90,89,86,87
17,10,24,51,45,67,82,3,0,5,40,29,53,67
19.75,66,73,69,69,48,50,70,66,65,60,66,39,44
11,11,21,55,49,70,72,0,0,8,42,32,51,56
50,50,41,53,59,57,40,45,39,27,48,48,50,33
135,60,75,71,62,69,62,72,52,68,65,52,64,56
21,25,27,36,34,38,32,0,4,12,18,7,11,15
90,117,103,93,84,115,A,84,109,89,80,77,107,89
-9,-9,-8,18,12,3,14,39.14,0,0,0,0,0,0
60,65,80,62,65,78,73,53,55,67,55,59,73,61
-7,-3,-4,-6,-10,-9,-3,18.08,0,0,0,0,0,0
71,78,63,55,62,49,,70,72,54,49,58,45,51
-5,18,-7,18,6,-10,4,0,3,0,0,0,0,0
90,77,62,67,54,49,60,88,71,58,63,47,42,51
103,105,115,107,113,96,110,92,96,101,93,103,86,99
71,85,80,69,70,48,60,67,83,76,68,67,40,59
38,20,24,25,37,34,38,17,0,9,0,9,16,13
26,30,34,22,20,38,40,1,1,6,0,0,11,20
75,76,80,70,54,61,55,72,67,77,66,53,57,46
37,24,27,30,31,37,21,12,0,2,5,13,21,1
13,34,42,35,60,70,0,1,22,23,22,46,56,65
27,36,30,G,29,35,,0,14,1,3,11,12,17
7,4,-4,-2,-7,1,14,0,0,0,0,0,0,0
96,86,119,95,83,105,112,83,76,114,82,H,94,100
75,62,67,79,70,73,77,67,57,55,71,65,64,70
9,34,36,42,64,63,76,0,23,20,32,50,51,62
70,82,75,62,52,60,59,65,77,66.66,56,51,54,57
63,76,73,77,67,60,79,53,68,61,70,60,54,68
107,96,92,113,104,113,86,94,87,86,100,92,106,80
6,12,17,-6,13,-4,13,0,0,0,0,0,,0
9,26,36,52,46,73,79,0,10,25,35,36,58,69
55,51,56,42,41,49,45,49,42,49,37,30,42,35
-6,60,50,45,50,58,41,36,48,41,35,40,49,29
78,64,60,70,61,64,67,66,57,51,57,52,52,59
84,91,86,98,109,112,119,71,80,U,89,98,102,107
68,I,68,71,68,65,79,55,48,60,60,56,57,67
3,15,2,18,6,9,-6,0,0,0,3,0,51.05,0
102,129,83,117,81,91,87,97,103,70,111,67,85,81
55,48,42,54,48,51,41,41,40,33,48,34,5.76,31
47,60,48,43,60,58,59,42,48,38,38,46,51,50
89,84,65,57,69,51,44,87,79,61,48,63,51,38
62,62,79,76,63,69,63,57,55,65,63,54,63,52
60,57,59,49,40,51,42,50,47,50,I,35,45,33
33,30,35,27,37,39,22,10,1,15,9,13,19,0
56,59,41.2,55,58,47,45,43,51,47,47,46,39,36
60,-6,68,78,79,71,63,50,50,61,64,70,60,55
70,78,J,59,70,52,55,68,76,58,58,69,47,51
49,,53,50,49,57,M,44,38,46,39,37,46,41
14,6,-9,1,-4,10,6,0,0,0,0,0,0,0
64,68,61,79,76,60,62,59,59,49,65,64,50,48
15,0,-10,,11,3,-8,0,0,0,0,0,0,0
112,87,95,109,107,84,116,101,73,87,97,94,71,105
106,119,112,94,90,99,83,97,108,99,87,81,93,72
20,37,39,33,34,38,32,0,11,13,8,12,21,9
105,93,94,Z,84,100,81,95,86,84,89,72,88,70
88,104,116,120,102,108,113,82,95,105,110,89,103,106
19,145,22,35,40,58,80,2,10,4,17,22,39,66
41,54,54,41,45,60,56,36,40,46,34,40,46,51
16,19,34,38,55,61,66,0,7,21,27,39,43,47
40,21,28,23,37,34,24,24,5,12,4,8,5,0
126,25,42,47,43,65,70,3,10,26,30,27,55,59
19,28,34,36,64,52,63,8,17,23,18,48,37,44
77,74,61,80,62,66,67,69,66,49,73,51,54,59
80,65,76,73,66,56,46,79,64,75,64,57,50,44
80,74,75,E,70,60,67,74,,64,66,64,48,58
1,20,31,30,40,52,65,0,5,13,19,21,42,53
20,21,40,30,38,27,28,0,0,16,2,18,9,10
98,108,118,120,110,112,96,85,101,106,110,103,99,82
6,24,37,43,49,64,60,0,6,23,31,37,45,47
91,110,112,88,102,92,110,84,105,101,74,90,84,100
82,96,86,115,84,104,110,70,83,75,107,72,96,96
22,30,25,22,40,31,24,2,9,2,0,25,15,0
1,15,26,45,64,64,83,0,3,10,28,49,45,68
5,6,12,5,5,7,-9,0,0,0,0,0,0,0
61,68,61,64,74,73,65,53,63,56,55,63,66,51
-5,-9,1,5,-10,-1,15,0,0,0,0,0,0,0
51,52,55,56,53,59,55,39,40,49,42,40,54,47
-1,-3,19,7,9,19,-8,0,0,0,0,0,4,0
53,55,56,55,48,54,58,43,48,44,47,40,41,52
77,78,67,64,78,77,60,66,71,53,56,67,65,48
71,74,77,65,67,58,47,67,74,77,60,62,,47
31,39,24,36,25,25,35,2,15,6,11,7,2,16
1,13,30,35,64,57,72,0,0,11,24,50,41,53
36,39,E,28,20,21,135,16,17,8,0,2,0,
28,37,33,37,25,23,35,8,9,6,19,5,5,11
29.76,70,75,69,62,64,59,85,62,74,68,57,62,58
17,-4,-10,-2,-5,17,12,0,0,0,0,0,0,0
16,19,144,55,57,56,79,0,4,L,38,I,44,63
48,56,44,45,43,57,47,37,45,36,33,31,48,42
9,-6,9,11,11,-4,0,0,0,0,56.51,0,0,0
72,82,69,69,52.43,45,44,63,75,63,65,62,36,38
K,9,10,15,4,-1,-5,0,0,0,0,0,0,0
8,5,0,-10,-4,2,6,0,0,0,0,0,0,0
24,X,32,30,27,30,37,2,17,8,3,2,13,14
21,28,26,38,35,30,27,0,0,4,11,16,13,2
31,31,26,29,29,20,21,4,2,0,10,12,2,2
103,111,105,90,98,119,95,94,106,93,80,87,106,83
5,1,16,-7,19,-8,-10,0,0,0,0,0,0,0
103,103,111,128,110,97,94,94,93,99,70,102,84,86
5,-3,6,14,3,19,-3,0,0,0,0,0,0,0
56,50,58,54,60,54,55,47,44,44,42,53,42,43
29,21,23,25,24,35,28,5,2,0,10,6,9,4
45,46,-7,60,59,48,51,36,41,49,48,54,43,P
114,111,108,93,101,106,120,104,98,102,84,95,96,107
56,52,48,51,42,43,,50,38,43,37,29,34,41
28,26,37,30,23,28,E,13,7,9,3,0,6,8
82,117,102,116,102,88,-10,74,105,91,102,95,83,96
71,63,79,60,66,60,72,60,55,72,46,60,53,
82,81,76,63,66,59,52,79,75,71,57,66,59,49
30,25,35,25,33,32,27,11,7,13,6,10,8,11
60,53,56,41,54,45,48,51,42,47,31,42,38,39
52,49,54,55,49,0,60,45,39,47,44,35,49,51
147,14,45,43,48,72,80,0,Y,35,28,29,60,66
113,91,106,116,85,116,102,101,78,97,110,80,103,88
9,16,35,34,46,73,82,Q,0,23,21,33,63,64
-4,8,17,18,-2,4,-10,0,0,0,3,0,0,0
54,45,56,43,57,41,J,42,35,49,38,51,27,42
51,50,56,60,59,40,47,46,44,47,46,52,35,39
80,67,78,61,69,62,43,76,58,77,53,67,62,35
41,43,52,48,47,40,55,36,38,39,40,35,29,47
9,32,45,48,56,69,78,0,22,30,40.66,37,57,60
96,89,83,89,112,87,107,82,77,72,81,99,81,94
44,56,-2,59,59,59,52,33,45,50,52,54,47,45
78,75,64,77,66,73,67,67,62,58,63,59,62,56
45,54,60,47,57,55,45,33,46,52,41,51,,32
89,72,79,56,52,55,55,80,68,73,55,46,52,51
15,10,10,13,20,-8,-9,0,0,0,0,0,0,0
35,20,37,21,27,23,33,13,0,11,1,0,2,16
112,119,114,117,80,88,95,103,113,109,108,71,77,82
110,98,84,81,104,95,114,104,89,72,67,94,82,106
5,4,13,-6,-4,97.24,-2,0,0,0,0,0,0,0
5,35,44,37,49,52,76,0,24,26,27,34,41,65
50,51,54,41,41,47,57,39,41,41,34,30,37,50
25,26,31,32,38,,33,0,3,8,15,17,0,9
70.11,97,93,114,109,114,90,99,83,86,106,103,106,78
46,47,44,40,45,58,59,38,39,35,29,37,50,45
71,68,63,139,59,55,47,63,59,63,53,57,B,38
-3,12,-9,4,14,16,-7,0,0,0,0,0,0,0
23,28,20,38,27,32,36,0,0,0,23,12,11,12
22,33,21,40,22,21,23,5,18,2,23,2,2,0
67,78,75,71,64,65,71,62,73,62,57,56,54,65
55,49,60,56,47,54,40,50,36,52,45,39,48,28
80,83,76,69,58,49,54,75,80,71,66,53,46,47
21,34,24,37,54,55,69,11,22,12,18,40,44,53
107,109,99,108,119,113,106,102,99,93,95,114,107,96
18,10,37,24.76,46,66,61,7,0,24,27,36,48,50
94,90,102,95,93,99,92,81,80,95,83,85,B,79
89,92,119,81,119,86,101,75,78,112,76,111,58.43,95
61,60,75,67,74,74,68,50,55,65,60,69,63,56
79,80,74,,67,50,43,73,72,74,62,65,49,36
16,7,-4,12,-9,-6,-10,0,0,0,0,0,0,0
78,K,64,67,67,66,61,69,51,52,54,59,56,48
13,11,30,41,44,L,-5,0,0,16,29,28,59,62
128,25,22,42,40,58,61,7,8,3,29,28,45,51
-3,18,4,-2,6,-8,7,0,0,41.34,0,0,0,0
13,24,22,55,50,54,84,0,11,6,41,33,42,72
76,78,77,76,77,76,60,69,68,69,69,69,68,46
14,-6,-3,17,-7,16,10,0,0,0,0,0,0,0
2,18,21,39,63,56,74,0,8,5,20,46,U,62
104,98,,92,111,90,118,95,87,96,80,98,79,108
85,119,119,83,105,85,106,75,105,105,70,94,79,95
31,37,22,26,26,38,36,8,12,3,0,0,15,15
31,36,27,39,35,30,65.02,11,19,2,23,20,5,3
-4,9,17,11,-10,11,-6,0,0,0,0,0,0,0
17,-9,1,-7,0,-9,9,0,0,0,0,0,0,0
0,22,43,36,47,55,77,0,9,32,20,35,38,59
-6,14,29,53,55,65,,P,3,10,41,40,47,45
17,126,38,53,64,71,79.26,1,0,19,37,47,58,52
35,31,26,23,23,35,38,6,6,9,0,0,C,15
46,56,51,54,93.27,47,53,37,48,41,45,30,38,46
-6,0,8,-8,7,15,13,0,0,0,0,0,0,0
49,50,47,54,50,41,54,44,36,36,47,36,33,45
52,55,41,52,51,48,43,38,41,35,39,45,43,30
65,68,70,71,71,64,60,54,58,56,63,63,54,49
45,52,50,41,42,47,58,36,45,39,35,37,33,46
49,53,54,44,41,53,56,38,40,47,39,28,39,50
119,110,96,91,108,104,147,112,102,88,78,102,98,92
87,85,60,73,70,60,43,80,82,55,71,62,52,40
56,54,41,47,48,45,55,44,45,31,40,35,36,46
37,30,35,23,39,31,36,19,7,10,2,17,12,14
61,80,63,74,F,79,79,50,72,53,60,56,69,69
41,59,54,51,55,57,58,27,48,40,37,50,51,45
24,28,20,32,36,40,34,1,0,2,5,7,11,12
24,30,28,53,42,67,61,13,12,10,42,26,50,45
60,80,80,60,73,64,68,50,66,73,49,60,J,55
47,56,53,41,52,51,46,36,44,47,35,46,43,35
10,14,18,11,9,18,4,0,0,2,0,,0,0
77,65,60,71,60,53,52,75,57,59,67,52,51,49
-8,,-5,-5,14,10,4,0,0,0,0,0,0,0
49,45,58,60,42,-6,57,41,38,51,46,31,46,45
-9,20,15,9,8,3,13,0,0,0,0,0,0,0
5,10,30,55,-8,61,76,0,0,16,38,45,45,61
78,85,74,61,52,59,,74,78,66,55,48,52,52
23,36,25,30,29,21,21,7,9,5,14,3,6,0
78,82,61,60,66,51,58,73,77,58,57,57,48,
81,83,76,74,69,48,48,72,80,67,65,68,41,40
53,43,,54,47,57,50,40,32,46,42,37,43,38
77,73,80,55,51,51,45,70,71,,46,45,43,43
113,96,100,94,101,108,96,102,85,87,,95,102,83
4,14,13,-7,2,-3,15,0,0,0,0,0,0,0
77,83,72,67,65,47,53,73,83,67,64,57,42,51
76,68,63,57.68,52,60,51,67,61,54,53,43,54,43
79,74,62,80,76,78,62,73,62,K,69,70,65,53
2,20,18,1,10,13,-7,0,4,0,0,0,,Z
45,42,50,49,46,42,45,34,29,41,41,36,31,31
71,66,78,62,69,45,41,62,66,73,56,65,41,37
22,22,24,39,64,73,72,11,7,13,26,46,55,59
21,23,27,32,37,22,35,0,0,6,10,14,1,12
18,L,20,9,-9,0,-7,3,0,0,0,0,0,0
72,-5,77,71,61,45,57,69,68,73,62,56,43,52
25,21,30,31,26,40,40,3,0,3,6,9,13,16
109,80,106,105,117,95,116,95,73,92,99,111,82,110
93,105,84,95,111,98,111,81,99,71,90,100,93,106
40,-7,60,40,43,59,43,26,36,53,32,33,48,36
102,86,84,94,105,92,88,88,78,74,83,97,83,81
17,-1,-2,6,0,5,-5,0,0,0,0,0,0,0
97,,97,119,12.48,103,D,83,71,91,110,100,89,79
17,32,38,-1,55,58,75,0,21,26,28,43,44,59
58,50,59,58,51,55,55,47,40,51,52,45,42,50
57,60,45,46,47,44,47,49,49,38,34,39,30,41
86,82,70,67,59,39.84,54,80,79,65,63,56,43,51
13,17,33,50,44,75,65,0,4,23,33,28,59,52
B,72,62,68,69,55,54,68,72,61,67,66,53,48
77,70,64,63,65,57,54,77,66,59,57,58,49,46
91,85,99,97,107,87,81,80,78,87,91,99,76,71
0,31,34,48,52,68,77,0,21,16,36,36,56,62
76,73,,60,B,71,77,62,67,75,47,54,61,72
53,58,40,47,59,57,55,43,44,29,35,52,48,47
4,25,27,51,43,75,73,0,11,9,34,31,64,73.54
73,65,69,64,67,46,49,64,65,66,61,59,45,49
16,1,11,16,14,-1,11,0,0,,0,I,0,0
2,15,23,51,59,70,62,0,1,11,32,48,52,51
3,21,31,34,41,54,65,0,4,17,15,24,41,46
18,24,40,40,58,70,67,0,7,29,26,47,60,51
70,74,70,74,75,67,61,56,61,65,62,62,54,48
30,39,38,34,39,29,28,11,11,12,11,15,5,12
79,84,76,57,62,61,42,72,79,76,N,54,54,X
69,71,71,77,75,75,66,60,60,65,70,70,63,57
16,18,14,17,14,5,14,0,0,0,0,0,0,0
20,-9,2,6,-10,5,-4,0,0,0,0,0,0,0
57,48,50,49,45,53,50,49,68.99,40,41,40,39,45
2,11,28,38,44,55,37.7,0,0,17,21,30,40,60
85,106,84,107,92,95,114,71,95,70,96,86,88,109
1,35,36,33,42,53,80,0,25,23,23,26,43,69
148,0,20,-6,-3,0,-7,0,0,0,0,0,0,0
71,74,77,66,59,65,47,45.2,67,72,62,58,57,47
60,69,66,63,72,68,80,47,58,56,49,61,54,75
77,72,76,59,57,55,59,73,70,72,56,55,49,58
81,73,74,73,70,56,52,72,64,71,71,68,48,47
79,74,62,61,50,52,58,74,68,60,60,50,51,57
76,75,73,66,66,80,71,65,69,62,53,52,72,60
5,13,26,51,64,65,61,0,0,11,36,50,52,49
91,101,101,116,94,105,113,80,87,88,102,86,97,107
31,30,38,33,,20,28,6,6,20,6,12,0,13
5,27,34,34,47,54,84,0,14,20,23,33,43,74
80,79,78,71,75,62,70,68,70,69,62,62,48,58
19,40.3,40,38,43,68,77,7,10,26,24,29,50,64
62,64,70,79,F,74,60,55,58,47.54,71,49,64,55
32,24,24,32,30,25,28,12,0,0,12,8,0,1
86,82,118,87,113,115,101,73,68,53.94,75,106,104,88
C,-9,13,16,10,-7,2,0,0,0,0,0,0,0
15,10,17,11,-5,16,10,0,0,0,0,0,0,0
7,16,36,30,57,74,79,0,6,83.55,20,38,64,63
29,29,32,31,22,34,31,5,7,9,11,0,15,11
19,14,23,41,40,73,68,1,0,5,22,28,55,58
61,65,67,79,75,66,63,55,52,55,71,69,57,51
25,24,40,26,34,23,39,5,0,20,6,18,9.46,17
99,84,102,90,110,95,112,89,78,88,83,102,88,101
73,75,64,58,55,62,50,73,66,64,55,54,62,45
50,,45,50,46,41,55,38,31,40,43,40,30,49
23,34,28,23,37,31,22,D,12,2,0,12,13,4
93,106,120,105,95,99,86,80,92,112,97,82,87,72
24,20,,40,27,23,22,6,,9,25,8,5,6
37,26,29,26,34,27,22,14,5,6,10,15,0,7
71,75,62,55,67,64,40,63,70,57,48,66,63,32
109,102,88,109,83,111,116,96,92,75,102,69,103,109
49,52,43,54,49,47,50,41,41,37,47,37,39,43
65,61,73,64,,73,76,58,50,59,51,65,61,66
45,57,44,57,54,47,51,37,52,33,48,43,35,37
89,63.48,115,-7,87,84,87,77,98,103,72,74,72,80
6,30,43,40,60,57,85,0,12,29,21,48,46,J
87,75,60,55,55,52,49,80,66,57,48,51,44,48
81,,116,92,90,85,105,70,87,111,79,79,77,96
118,120,93,120,97,80,100,112,112,88,108,86,73,90
11,20,17,13,10,12,-5,0,0,,0,0,0,0
110,92,84,113,85,89,88,101,78,73,103,79,76,74
118,95,,104,116,90,84,106,89,72,93,107,80,70
1,-10,7,19,-5,15,-4,0,0,0,0,0,0,0
96,83,111,86,111,108,87,88,71,101,77,103,94,82
7,19,26,37,45,50,76,0,3,10,21,30,31,65
36,36,35,30,33,30,24,7,8,17,6,H,6,8
35,20,32,24,37,38,40,9,0,16,6,13,10,22
78,73,79,76,71,61,75,68,66,66,67,64,56,61
,77,62,78,62,62,60,70,68,56,65,57,56,54
98,90,101,119,89,92,118,86,81,25.58,105,82,85,104
5,-10,2,14,-2,-7,0,0,0,0,0,0,0,0
61,73,60,62,66,71,74,55,63,,53,60,66,65
58,42,58,40,41,43,57,48,28,53,32,29,36,51
9,25,35,32,48,51,64,0,8,18,22,30,35,52
75,69,69,69,52,64,54,73,63,62,64,48,61,54
68,76,74,66,60,61,78,J,71,66,52,55,50,73
115,82,S,106,98,118,114,102,71,97,96,92,105,104
73,75,75,61,68,49,57,71,72,66,55,62,48,48
76,79,65,57.21,68,71,70,68,68,60,57,57,62,59
40,40,41,43,48,47,42,27,26,33,30,41,42,37
41,55,54,44,48,58,58,34,41,49,39,35,45,46
-9,-10,-4,10,-4,6,-2,0,0,0,0,0,0,0
67,77,78,79,70,77,78,54,71,69,69,63,64,72
4,13,43,55,54,64,75,0,2,24,36,43,50,57
-4,-10,-7,-8,6,13,-9,0,0,0,0,0,0,0
49,41,55,42,58,44,48,35,30,45,32,46,31,43
43,45,R,43,57,43,40,30,33,36,29,51,37,77.25
-1,19,3,12,6,4,11,0,0,0,0,0,0,0
63,78,69,79,76,69,71,54,68,59,71,67,59,64
84,107,,120,85,94,117,75,99,97,113,78,83,109
75,73,60,78,75,63,80,66,63,52,71,66,50,70
0,28,44,55,40,56,-9,0,10,32,45,23,44,44
76,77,79,75,63,54,48,74,75,73,66,58,47,45
109,110,111,113,84,92,119,95,98,101,108,77,83,108
23.25,-5,17,-4,4,19,8,0,0,0,0,0,0,0
3,13,44,31,45,67,76,0,3,31,18,27,57,60
80,77,68,60,75,71,65,73,71,58,54,,66,60
76,61,74,79,61,70,72,68,51,66,74,54,62,59
58,43,42,59,45,47,43,49,38,30,49,32,38,29
26,22,25,34,37,20,26,11,0,3,6,13,0,10
117,150,84,87,81,106,100,109,95,70,79,70,92,95
43,,45,59,43,44,49,31,38,32,47,36,30,39
76,70,71,80,75,78,62,63,64,62,75,70,69,50
50,56,49,50,44,54,42,44,43,39,43,38,49,36
3,0.46,28,51.49,55,69,78,0,6,16,34,38,56,59
39,33,-4,28,23,30,26,21,7,18,12,1,C,10
12,U,21,33,57,53,84,0,0,8,17,38,39,74
1,30,30,55,54,52,81,0,14,11,40,39,38,69
72,76,66,80,78,68,72,67,62,61,69,64,54,59
13,-7,-9,-3,3,2,15,0,0,0,0,0,0,0
55,51,59,44,44,59,52,47,46,46,35,36,47,43
87,72,63,55,52,45,58,87,72,Q,50,49,42,56
39,31,29,33,30,21,26,22,6,1,16,6,1,5
104,81,111,90,120,84,103,97,68,97,83,111,75,96
9,32,22,55,60,,84,0,22,10,36,49,41,65
4,2,10,14,4,-2,8,0,0,0,0,0,0,0
101,94,119,95,82,119,100,89,83,105,81,74,108,88
17,-10,20,-2,16,2,8,0,0,0,0,0,0,0
20,-10,28,34,24,27,25,0,13,12,13,3,0,1
60,44,56,42,56,59,53,55,36,51,33,42,52,42
72,65,75,67,60,74,60,58,58,64,55,47,65,53
60,70,71,79,64,72,60,51,62,59,72,51,59,50
73,71,79,58,62,65,46,66,62,70,55,62,62,43
-5,-2,16,-2,2,1,18,0,0,0,0,0,0,1
-7,8,-5,14,15,2,19,0,0,0,0,0,0,0
82,72,65,55,55,59,51,82,68,56,53,46,51,51
83,103,115,96,80,90,115,75,89,104,85,72,80,110
24,22,30,48,49,58,64,10,4,13,33,36,43,50
26,37,30,38,39,28,36,4,16,11,10,22,0,12
94,106,104,120,109,118,,80,95,94,111,101,111,90
-5,16,1,3,10,0,S,0,0,0,0,0,0,28.25
71,-10,75,62,70,59,40,71,67,75,W,61,52,40
83,91,95,114,106,-2,111,73,78,89,103,94,81,102
14,13,10,10,0,-8,14,0,0,0,0,0,0,0
90,80,117,116,115,112,108,76,69,110,108,103,102,100
18,34,31,49,55,68,65,2,18,16,31,41,49,52
73,72,80,75,70,45,54,66,66,,70,66,39,52
52,47,46,43,43,50,46,45,37,37,35,30,36,71.83
100,108,106,89,99,80,87,90,99,101,82,92,71,81
32,27,33,24,34,28,31,15,0,15,2,6,13,9
75,68,80,73,69,59,57,66,63,78,67,64,58,54
34,25,G,22,22,32,34,13,3,20,0,3,12,12
28,26,40,33,21,21,31,10,1,20,,3,0,11
71,68,73,77,63,73,60,60,54,62,68,52,61,48
103,95,103,86,112,89,104,91,86,96,79,99,79,99
42,50,54,60,42,46,49,30,38,42,50,36,34,43
43,48,40,58,48,45,46,29,35,34,53,40,32,32
111,112,109,T,103,117,95,102,106,97,78,93,104,90
83,89,84,118,112,82,120,A,83,77,110,106,71,111
76,70,65,67,70,78,79,62,61,54,56,61,H,69
72,80,68,66,72,61,80,64,70,63,59,59,49,75
40,27,21,26,29,26,22,14,0,,7,8,0,0
103,101,104,94,94,90,118,95,90,91,80,89,78,105
5,14,10,7,14,2,-4,0,0,0,0,0,0,0
49,47,34.58,43,47,51,49,40,38,34,37,40,43,39
28,33,20,29,49.06,29,34,4,5,0,2,6,2,5
49,42,50,45,42,56,51,43,33,42,31,33,45,42
83,71,60,62,65,65,44,82,70,51,54,63,61,42
79,77,60,56,55,62,54,76,69,56,54,47,55,51
86,106,92,80,105,101,82,81,99,86,73,99,87,69
64,145,62,,60,60,80,54,59,51,73,47,49,69
79,82,69,56,68,51,144,75,78,63,49,61,44,41
29,31,26,38,38,27,27,3,2,7,20,13,,0
22,33,29,29,32,28,20,0,18,9,3,5,3,0
S,84,65,57,53,65,51,73,80,60,49,52,62,44
44,47,58,46.75,52,60,51,G,42,48,45,44,55,41
9,-3,-10,12,12,39.37,10,0,0,0,0,0,0,0
72,82,74,69,65,53,60,72,79,69,60,62,44,51
120,89,97,91,106,86,105,111,84,85,77,93,81,97
13,7,-4,2,3,,2,0,0,0,0,0,0,0
9,-1,13,0,1,-2,9,0,0,0,0,0,0,0
9,3,-1,15,3,-8,14,0,0,0,0,0,0,0
43,45,46,56,57,53,44,31,37,40,49,49,44,35
35,34,36,32,36,144,22,6,5,11,3,17,17,0
9,-9,19,9,0,20,2,0,0,0,0,0,1,0
60,55,49,56,57,60,82.76,46,50,36,46,45,55,36
25,10,24,39,64,75,83,6,0,9,24,50,62,65
6,15,35,,-4,60,64,0,,16,37,39,50,63.05
50,48,50,47,55,54,44,44,39,42,41,47,28.36,38
57,46,141,48,44,51,42,43,35,42,38,33,43,37
-9,11,11,-2,13,3,4,0,0,0,0,0,0,0
32,28,20,139,23,38,21,14,5,3,0,0,18,6
48,54,42,51,45,52,55,36,42,34,46,36,40,45
29,30,38,36,40,24,27,11,9,21,16,12,0,12
13,27,20,50,65,55,75,1,12,1,38,49,36,57
3,25,40,43,49,59,72,0,7,21,27,30,49,56
U,118,120,84,125,108,81,71,109,106,70,108,94,69
-5,10,0,11,,-4,-10,S,0,0,0,0,,0
60,74,78,75,71,73,68,54,68,70,64,57,65,63
101,80,99,81,112,115,111,92,71,89,74,98,106,106
4,16,33,35,59,62,70,0,0,22,20,45,44,53
60,74,O,76,70,65,63,47,62,55,64,60,54,54
5,33,28,51,64,66,76,0,18,17,40,45,55,60
8,-5,131,2,7,-7,20,0,0,0,0,0,0,2
82,67,61,59,52,48,58,73,65,55,59,44,41,58
40,42,44,48,52,50,54,35,34,37,40,39,40,43
74,73,70,78,61,79,69,63,65,61,69,56,69,61
63,63.24,18.76,80,62,60,75,58,I,55,73,54,55,67
86,69,60,-6,65,50,46,79,67,53,56,56,41,44
71,78,78,75,56,57,59,65,77,77,69,54,48,59
12,,14,8,2,-1,12,0,0,0,0,0,0,0
61,68,69,70,76,68,60,52,56,61,59,64,55,48
41,58,57,53,52,50,52,34,52,44,43,42,41,43
64,60,72,75,67,66,69,52,48,63,70,55,58,59
113,101,85,112,116,85,88,108,89,74,102,111,73,83
28,34,40,38,23,29,26,0,14,20,17,0,11,0
59,N,52,47,45,48,47,50,32,46,40,35,35,39
83,65,77,64,65,60,53,83,64,69,60,63,57,46
43,60,50,46,55,54,54,36,47,42,36,50,46,41
58,42,42,57,51,40,55,48,31,35,48,46,32,42
73,60,76,79,80,74,64,68,51,67,69,72,62,54
-3,-5,5,6,-9,2,7,0,0,0,0,0,0,0
-2,3,19,14,-3,16,19,0,0,0,0,0,0,4
75,79,77,60,70,63,55,71,72,76,56,70,59,52
61,66,73,70,63,77,65,54,58,66,57,58,65,58
63,64,64,73,73,79,65,52,,50,26.49,68,74,53
47,53,48,42,48,58,56,35,43,36,30,37,53,50
81,69,74,56,54,48,44,76,67,65,51,48,43,39
83,68,79,56,57,57,52,76,59,75,51,51,54,43
65,61,78,-2,78,68,71,56,53,72,51,70,62,64
32,23,34,26,38,38,32,14,0,8,1,10,21,9
68.72,72,60,78,80,65,75,52,59,54,69,69,54,68
12,26,43,39,53,70,60,0,11,24,22,40,53,49
43,45,60,49,58,49,55,32,37,53,44,46,35,44
14,11,20,14,-8,8,-6,0,0,4,0,0,0,0
18,28,23,37,64,72,,3,11,7,19,54,57,72
75,80,64,65,72,65,60,68,70,59,51,66,58,54
22,16,23,47,65,75,74,12,4,10,33,49,60,55
21,33,32,26,28,25,22,0,7,5,11,3,8,0
102,104,109,88,96,94,116,88,98,104,77,89,89,102
85,71,77,59,62,59,43,79,67,73,56,61,56,39
79,71,76,57,62,63,40,74,67,75,55,55,55,36
71,73,74,17.43,71,66,77,60,62,66,58,58,59,69
60,44,59,42,58,49,55,51,39,54,31,44,37,42
22.22,7,15,18,10,-1,6,0,0,0,0,0,0,0
72,65,72,74,70,72,140,62,59,63,67,60,59,64
76,73,,66,61,60,48,68,72,68,60,56,56,43
13,26,41,42,53,73,66,0,8,27,23,40,61,56
13,35,33,46,40,70,85,3,22,21,35,25,55,69
86,79,68,67,66,60,41,81,72,64,65,61,55,41
46,40,44,47,46.82,46,40,40,30,35,37,39,32,27
8,19,19,4,3,14,11,0,0,0,0,0,0,0
36,20,22,28,26,33,34,8,5,6,4,5,18,7
82,74,77,57,68,59,52,77,71,74,55,62,53,48
73,63,75,77,65,78,71,64,55,63,72,54,73,62
48,58,45,44,43,60,59,34,45,36,36,32,51,46
20,11,31,52,40,66,85,9,0,21,34,28,48,72
74,73,79,76,61,67,C,67,59,71,62,47,53,64
42,54,43,48,57,49,53,23.2,40,33,37,49,40,44
53,59,57,60,59,49,49,48,49,49,47,54,41,40
37,28,28,29,22,30,38,16,13,13,14.47,0,5,22
44,49,59,41,58,41,60,31,44,52,34,50,29,49
68,64,68,62,65,141,65,59,59,63,53,57,57,51
49,50,49,49,41,57,44,Y,41,38,42,27,48,36
39,-2,32,27,25,40,30,11,8,6,7,0,25,5
78,72,63,70,56,55,50,76,65,63,62,56,49,44
73,71,66,69,75,70,79,63,58,55,59,70,63,67
24,19,26,53,,55,78,9,9,8,34,45,43,64
50,53,50,55,59,47,41,43,40,45,45,47,42,36
26,25,37,33,25,75.66,37,8,1,10,14,6,14,10
,43,42,0,60,47,40,51,K,33,48,55,42,29
12,28,41,33,52,66,81,1,10,27,17,34,51,64
72,68,76,70,63,65,61,66,55,66,58,54,58,55
91,84,83,117,104,116,106,78,75,70,110,99,110,94
70,76,61,78,70,62,80,61,70,47,71,58,54,66
94,90,105,92,86,,91,80,83,97,86,73,16.35,78
24,25,24,37,21,20,24,4,1,2,17,0,5,9
84,92,113,118,109,103,92,76,80,99,106,100,97,84
80,70,60,72,63,72,73,75,65,47,64,51,67,64
112,86,101,97,94,119,99,107,80,93,85,81,108,92
92,81,98,118,91,111,119,81,71,90,107,84,98,107
80,74,68,73,64,53,49,76,74,62,66,56,50,45
21,28,25,40,22,30,23,1,5,9,22,6,2,0
1,25,30,48,45,64,65,0,10,19,38,30,54,47
79,67,80,79,70,64,75,68,59,69,74,57,56,64
43,46,52,56,54,44,45,34,35,40,46,42,31,38
72,71,66,78,66,72,72,66,58,56,64,56,59,61
J,17,36,51,63,67,67,2,5,18,36,45,48,52
76,65,60,56,60,46,52,68,65,56,50,60,41,44
100,109,95,107,112,103,104,89,96,89,95,99,90,90
68,60,67,64,64,71,67,55,53,62,52.03,59,58,59
64,78,79,71,77,70,-6,58,65,70,66,64,57,70
13,2,8,-10,18,2,17,0,0,0,0,0,0,0
120,84,116,120,119,112,93,107,78,103,70,105,106,85
4,0,13,2,15,20,4,0,0,0,0,0,5,0
61,61,61,74,72,70,78,50,50,48,69,61,59,67
7,14,-5,4,11,13,3,0,0,0,W,37.42,0,0
78,62,71,69,74,70,72,69,57,60,55,63,57,62
70,67,77,69,72,60,61,60,59,67,57,62,46,54
73,70,62,65,51,52,49,66,68,61,62,48,52,48
6,35,23,82.16,42,66,79,0,22,6,19,27,,67
87,93,86,96,92,91,87,I,85,80,90,87,80,82
59,60,H,Z,138,41,58,,50,38,37,47,29,47
60,54,46,49,60,50,40,54,47,,39,53,43,30
80,60.37,80,100,72.3,116,98,69,97,71,89,69,107,89
73,61,80,76,74,70,0,59,54,72,71,67,64,66
25,28,,34,23,34,38,10,4,3,10,0,6,16
75,75,62,57,51,A,47,66,67,60,54,48,45,44
2,-5,18,3,15,20,-2,0,0,2,0,W,0,0
-5,20,-5,3,19,-7,-5,0,0,0,0,1,0,0
63,78,61,61,80,79,-2,55,68,49,51,72,70,57
45,41,50,44,52,45,40,38,32,42,32,46,36,32
43,43,48,44,54,46,57,38,31,36,36,44,37,51
95,89,109,98,94,107,94,87,75,102,90,87,93,87
3,-10,-4,-10,0,10,8,0,0,0,0,0,0,0
16,17,Z,45,64,67,70,6,3,21,26,54,55,53
59,59,48,45,50,45,47,52,46,41,40,18.42,34,37
5,18,43,31,45,75,68,0,3,27,12,31,61,50
59,40,55,51,44,55,52,49,34,44,43,35,43,46
112,111,88,91,82,119,83,100,102,79,78,70,111,73
127,-7,-7,-1,0,14,14,0,0,0,0,0,0,0
60,68,68,64,61,63,80,49,57,62,58,50,57,66
29,32,23,33,35,32,22,3,14,7,5,7,15,0
112,109,104,105,115,104,91,107,103,95,97,107,95,86
106,90,108,89,117,103,115,92,80,103,83,112,91,108
103,107,114,105,92,105,85,98,100,102,99,81,98,76
37,27,-8,23,39,20,35,13,6,16,3,11,0,10
-10,8,-7,6,1,3,5,0,0,0,0,0,0,0
23,32,44,38,61,65,75,9,17,32,22,51,53,57
24,18,43,54,64,57,63,8,8,26,40,48,41,53
59,44,48,49,43,44,44,48,33,37,42,33,32,36
19,1,-2,-7,-1,10,5,0,0,0,0,0,0,0
41,58,54,53,42,46,57,35,49,48,47,32,35,44
-2,-6,-6,6,10,9,3,0,0,0,0,0,0,0
53,42,41,60,54,49,60,45,29,36,47,44,36,46
120,114,91,82,90,87,102,114,105,78,72,77,77,96
48,40,60,54,42,58,41,40,35,52,49,35,49,28
103,89,108,96,100,105,112,89,78,94,83,95,98,
53,51,45,44,54,49,42,48,41,32,38,43,38,28
24,31,29,120,20,27,28,3,11,13,0,0,1,9
4,20,33,42,51,51,71,0,2,16,24,32,39,52
62,66,66,66,67,73,73,54,61,55,52,80.41,67,68
86,85,82,95,108,104,102,78,71,71,88,102,95,88
-7,-2,-8,6,9,9,0,0,0,0,0,0,0,0
85,85,75,73,61,59,58,78,83,72,73,59,50,53
86,73,79,58,52,58,54,78,66,77,49,46,52,48
64,70,74,63,71,68,67,53,60,66,50,66,63,59
43,45,46,51,43,44,54,38,36,38,40,37,33,48
15,1,16,3,-4,4,14,0,0,0,0,0,0,0
62,62,70,62,71,72,65,57,51,63,56,64,61,55
71,68,79,61,69,60,56,67,65,76,56,P,56,48
46,59,41,45,53,59,60,34,53,33,39,42,45,46
69,71,66,66,J,61,68,59,66,54,56,62,56,A
49,48,45,47,49,50,45,43,34,37,38,38,38,35
79,83,78,61,50,61,44,72,78,76,61,49,53,36
79,71,79,79,66,73,61,71,61,72,68,54,67,53
69,64,79,67,65,,71,58,54,69,60,55,54,64
86,70,71,58,60,45,47,80,64,71,56,55,38,47
29,24,21,40,31,37,28,10,0,0,18,13,8,0
66,65,75,75,71,74,68,58,53,62,66,59,69,60
83,68,78,59,66,64,45,74,63,73,58,61,61,41
19,10,-1,-8,15,12,-10,0,0,0,0,0,0,0
46,47,59,43,50,45,56,36,34,46,31,41,39,46
75,70,78,67,69,72,72,63,64,70,57,55,59,61
-6,15,4,7,36.32,-2,-3,0,0,0,0,0,0,0
67,72,60,-2,61,68,61,54,66,52,58,50,57,55
115,108,80,93,96,95,106,104,,68,84,82,87,98
A,9,19,-4,20,-5,16,0,0,0,0,0,0,1
12,12,28,14.36,41,53,69,0,0,13,25,29,40,57
21,33,36,25,29,28,39,0,14,14,5,6,12,13
20,0,17,-3,14,-6,18,0,0,0,0,0,0,0
107,109,,115,114,83,82,93,99,88,105,109,76,75
34,25,33,27,35,25,22,13,2,11,20.73,16,6,7
106,101,118,100,115,89,119,100,94,104,86,107,77,114
7,23,41,39,42,74,66,0,6,28,24,30,59,52
101,99,118,106,120,105,96,92,90,109,98,109,98,88
-4,-6,17,-10,5,-1,-3,0,0,2,0,0,0,0
40,23,31,27,27,30,24,12,2,8,3,2,5,3
24,30,29,22,20,28,34,2,3,13,0,5,12,5
8,14,30,32,61,59,65,0,1,20,20,48,40,49
76,69,66,55,53,64,55,71,60,58,53,47,58,48
73,76,71,59,52,53,56,67,70,62,53,52,48,49
81,73,79,73,57,49,49,75,67,77,72,49,41,47
89,78,71,75,56,55,47,81,69,66,72,49,52,
51,44,41,56,53,41,43,39,36,35,43,43,31,
71,62,71,70,62,76,61,64,56,J,57,53,71,49
50,51,49,54,53,59,52,41,43,41,42,42,53,47
68,78,61,60,74,74,73,61,69,53,48,69,63,66
58,45,47,42,43,43,47,46,39,42,34,37,29,34
-7,U,16,-7,1,1,-8,0,0,0,0,,0,0
11,11,29,34,52,56,77,0,1,18,18,38,39,59
63,66,60,70,0,70,80,50,54,52,62,61,65,71
2,21,24,41,46,54,82,0,11,5,27,30,C,65
40,25,20,20,26,34,35,21,8,1,3,8,16,17
62,70,60,80,-7,78,66,52,57,48,72,57,73,55
77,,79,76,127,78,64,71,53,65,65,54,85.57,51
63,60,71,69,79,67,62,56,49,63,63,74,61,49
85,115,85,4.96,88,108,112,74,106,73,100,78,101,102
13,13,24,55,60,74,78,3,3,7,43,49,55,68
52,49,-5,41,60,48,51,47,42,40,28,48,35,46
69,75,71,70,74,73,60,61,66,66,65,61,61,50
87,74,65,58,61,54,51,86,74,59,53,58,53,46
22,,29,29,25,38,33,0,10,12,1,5,23,17
62,75,80,62,73,78,77,49,63,71,55,60,66,68
72,62,60,60,77,66,68,62,56,53,55,70,58,57
65,74,77,78,74,76,J,58,63,71,67,65,63,71
32,31,34,26,21,26,22,14,14,19,4,4,Y,1
5,30,36,39,40,59,85,0,11,23,26,30,49,75
76,63,62,72,60,77,79,63,53,57,60,47,67,66
30,25,24,38,36,31,36,14,0,3,22,15,8,21
87,-10,80,67,69,49,59,81,73,74,59,65,47,50
108,86,86,90,109,96,84,94,78,72,76,100,86,75
30,35,40,36,38,40,39,1,15,14,11,17,20,19
28,36,25,33,22,29,32,12,15,5,9,0,11,6
70,81,68,65,51,55,55,61,72,65,65,42,50,47
24,23,32,40,20,20,29,4,8,11,11,2,0,9
27,23,27,31,34,30,33,0,0,61.51,2,6,2,18
43,45,44,59,72.11,40,58,,17.48,39,47,44,28,45
88,72,61,66,50,58,45,63.96,70,57,65,42,51,39
75,66,74,71,74,65,79,62,52,65,58,65,56,65
74,79,66,68,54,64,49,66,74,65,62,50,62,49
76,76,80,61,66,69,66,63,66,72,55,53,64,55
69,70,65,78,67,60,79,63,61,52,71,56,46,69
46,48,50,57,44,60,43,32,38,38,50,35,47,37
16,31,24,40,46,52,77,3,16,12,22,33,37,61
70,68,68,55,62,46,58,66,64,65,52,53,46,52
60,67,63,67,70,71,61,46,60,54,55,64,58,55
-6,9,8,8,20,0,-2,0,0,0,0,0,0,0
31,23,40,37,L,,22,12,0,18,16,16,8,6
87,77,70,62,56,54,98.46,79,69,,59,48,50,53
52,53,44,53,45,48,56,41,48,37,41,31,41,51
50,47,47,43,57,51,58,42,39,39,29,50,41,50
-2,16,18,-9,34.39,3,-8,0,0,0,0,0,0,0
Q,14,44,41,46,R,83,0,2,27,27,31,49,71
89,102,115,91,95,103,117,81,95,103,86,88,97,112
147,106,110,100,82,91,102,100,100,100,87,70,79,93
68,73,64,63,69,66,75,56,61,56,56,57,57,68
80,76,62,71,70,62,77,73,64,54,59,57,54,66
-7,-10,144,16,7,12,16,0,0,0,0,0,0,0
107,89,89,80,109,105,112,99,78,76,96.72,98,97,99
14,96.1,6,-9,13,10,20,0,0,0,0,0,0,4
72,65,64,63,64,52,56,69,62,58,56,59,48,54
83,75,79,66,66,59,58,80,67,77,66,66,58,55
131,35,24,29,25,22,20,7,10,0,1,4,1,0
71,66,73,121,67,47,59,70,57,73,61,66,42,50
86,116,85,103,101,91,83,74,110,77,92,87,82,69
90,79,80,71,67,51,42,88,73,77,66,66,43,36
83,69,79,64,52,45,43,79,66,77,58,49,41,43
33,30,22,34,27,37,33,14,7,0,6,7,20,4
72,79,74,63,69,61,-2,65,77,73,59,68,,45
70,78,61,68,69,63,70,60,72,50,59,62,58,64
89,84,61,70,70,64,49,86,82,54,61,70,63,41
22,25,41,31,49,58,65,7,9,27,21,35,39,49
70,61,73,66,79,76,66,65,54,61,54,69,69,58
70,65,73,61,-10,79,B,61,57,61,55,,69,61
42,47,59,42,56,60,44,36,41,47,32,42,51,31
34,30,23,30,23,23,35,14,15,S,1,0,0,19
40,141,25,28,39,28,23,15,13,0,3,13,7,
22,15,45,53,50,68,80,5,0,34,39,40,55,63
77,67,63,67,60,72,68,72,55,50,62,49,60,
71,60,74,70,61,70,79,63,46,64,60,52,57,67
4,11,123,2,11,8,-4,0,0,0,0,0,0,0
19,13,27,54,49,62,60,3,0,17,35,33,47,41
82,83,60,67,59,51,43,82,82,58,60,59,44,36
47,56,48,40,43,41,46,38,49,37,34,36,30,34
118,-7,90,,106,95,R,105,80,81,97,92,84,97
114,101,111,117,-8,102,98,109,87,105,108,84,89,86
26,24,34,30,40,34,38,0,6,13,15,20,19,20
54,51,40,59,56,47,49,47,44,29,49,42,40,43
59,43,50,50,58,40,59,46,37,41,38,47,28,50
45,47,42,58,54,46,56,33,37,35,52,47,35,43
12,18,12,-2,18,16,14,0,3,0,0,,0,0
83,101,100,105,92,110,92,70,91,86,94,78,102,78
53,58,,57,55,48,41,48,50,43,46,48,36,32
84,90,105,108,103,88,91,72,77,94,101,94,79,79
36,24,33,36,27,36,38,11,0,17,15,P,7,16
106,104,111,94,93,99,102,98,96,100,83,85,91,89
70,74,69,77,75,60,60,59,69,64,63,67,47,55
38,35,23,22,40,38,20,18,10,0,0,12,16,2
81,67,65,67,58,49,57,73,64,65,58,49,44,50
40,,57,50,41,57,41,34,38,52,45,36,47,32
117,112,112,112,2.8,90,102,105,99,100,100,82,83,90
18,35,30,36,47,62,78,0,23,20,22,33,51,65
1,18,7,0,-6,15,20,0,0,0,0,0,0,5
64,62,69,72,66,69,79,50,56,64,66,53,59,66
63,74,70,64,78,67,79,52,62,59,58,64,62,67
52,60,51,40,56,56,43,39,51,37,29,51,45,37
62,60,61,70,75,69,74,49,53,51,57,70,58,67
72,65,74,77,79,74,69,64,57,66,68,74,64,61
10,18,14,14,1,-3,-9,0,0,0,0,0,0,0
50,47,42,58,54,40,59,37,34,28,52,49,27,53
45,46,54,45,51,57,50,36,71.94,41,37,44,45,42
81,76,77,65,66,55,40,76,67,74,65,60,54,34
80,75,60,73,62,64,44,72,75,60,68,53,62,41
5,34,26,46,63,58,77,0,19,15,33,50,41,60
74,61,F,77,74,70,80,65,50,54,65,65,63,67
77,72,68,60,74,68,69,68,65,58,50,67,55,62
88,73,72,56,63,57,58,85,71,67,56,60,48,50
4,14,30,46,45,50,69,0,0,18,27,26,35,50
88,72,69,63,69,63,58,80,65,65,62,69,60,50
57,60,54,59,57,59,50,52,55,45,48,52,54,36
74,74,R,56,68,50,58,70,71,78,54,68,45,B
8,-7,5,17,19,-2,-9,0,0,0,0,0,0,0
77,67,71,65,79,79,79,64,61,60,55,70,65,49.95
76,77,71,63,70,50,45,72,73,69,54,67,41,44
20,15,19,11,-8,6,11,2,0,0,0,0,0,0
N,31,35,38,27,34,31,5,8,18,16,S,14,12
77,83,66,60,53,62,53,74,74,63,55,49,57,52
-8,29,21,37,25,32,40,8,8,0,Z,3,14,17
32,33,32,30,24,32,28,12,15,6,11,S,7,1
110,107,110,90,81,105,83,100,95,98,81,72,99,75
20,17,27,38,51,63,81,8,0,12,,34,53,71
60,41,49,50,45,48,49,51,34,41,40,,40,44
50,S,55,48,45,45,44,40,50,50,39,33,32,38
72,80,75,65,69,64,69,61,74,61,55,56,52,57
25,36,34,22,22,30,30,9,21,13,3,5,15,I
21,26,45,48,59,70,66,8,11,35,35,46,56,53
13,31,33,41,48,71,-10,0,13,17,31,38,57,49
71,83,62,58,64,47,50,71,F,61,54,59,38,43
99,95,109,110,116,104,84,93,87,95,105,102,97,74
69,70,79,66,71,66,66,62,59,71,58,65,56,
65,76,74,71,67,66,60,54,63,65,66,54,61,54
97,84,83,102,99,-5,117,85,72,74,88,92,112,108
41,60,53,57,60,49,56,33,51,41,52,53,43,45
74,84,120,56,63,56,51,73,80,62,50,54,,50
99,96,89,89,120,106,86,92,89,80,79,115,101,75
74,76,78,80,62,75,77,62,63,68,69,49,69,68
25,36,25,36,29,33,29,0,15,0,14,2,16,1
21,17,37,54,45,50,63,H,3,20,43,34,37,47
20,34,34,37,57,53,63,8,24,17,27,47,38,51
-1,17,6,9,19,-5,3,0,1,0,73.29,3,0,0
54,43,51,41,55,56,52,46,35,41,33,47,43,46
102,88,106,115,84,95,119,88,77,97,103,74,88,114
1,22,36,55,60,61,67,0,3,24,45,44,49,54
20,18,41,32,43,58,85,2,1,28,15,27,43,74
80,68,65,76,72,69,77,66,57,56,69,59,64,69
62,70,75,65,78,72,66,52,60,69,55,67,64,55
10,3,-5,-6,1,1,4,,0,0,0,0,0,0
1,19,43,47,58,53,60,0,8,26,29,46,40,41
50,54,50,45,35.92,50,48,40,40,37,36,40,43,39
19,25,25,43,44,68,66,1,10,12,33,34,53,55
100,97,119,102,118,99,94,89,90,28.33,93,104,88,86
76,70,69,76,66,64,70,63,58,61,62,53,56,61
60,43,53,46,51,43,58,51,36,48,13.96,46,29,51
82,115,90,105,99,81,110,71,104,79,97,90,68,101
50,44,52,52,40,59,60,45,32,45,41,32,49,49
36,20,35,121,25,21,30,16,0,13,15,5,6,8
102,118,115,104,89,100,96,90,110,110,97,78,94,86
0,-1,2,142,17,-9,13,0,0,0,0,0,0,0
24.7,15,36,41,47,75,68,8,5,19,28,29,61,54
5,-5,13,17,0,2,11,0,0,S,0,0,0,0
-9,116,120,89,99,106,102,107,106,111,75,87,99,94
57,48,60,60,60,41,46,46,35,52,55,47,33,36
100,104,92,98,92,81,105,90,K,85,84,84,76,98
114,114,92,81,91,81,93,101,104,86,67,79,76,84
64,67,60,69,68,71,76,51,54,46,57,62,58,67
1,14,25,49,0.68,65,65,0,0,9,37,29,52,46
14,93.88,27,33,46,71,64,3,6,16,21,27,55,53
32,25,38,30,27,37,22,8,8,20,15,2,15,5
48,40,146,52,60,56,57,39,35,38,42,49,45,44
69,66,71,70,80,70,74,57,56,60,64,68,59,60
-9,-2,7,13,-7,8,-2,0,0,0,0,0,0,0
71,82,76,68,50,58,53,68,80,75,64,50,52,51
21,31,35,40,20,32,28,4,14,8,20,0,4,0
34,29,28,32,36,20,22,9,2,,11,10,0,0
73,73,67,58,52,58,59,64,70,62,55,49,54,52
80,111,112,120,81,83,115,67,100,105,112,75,72,104
11,11,28,S,55,52,71,0,0,16,37,36,,59
75,75,72,63,64,64,73,67,68,61,51,58,56,64
1,14,25,42,63,,68,0,4,11,24,52,45,53
-5,9,-2,8,1,14,-5,0,0,0,0,R,0,0
17,19,41,38,55,71,67,6,0,24,19,45,52,53
48,46,48,60,42,45,51,37,36,39,47,31,31,40
-4,4,8,2,18,8,7,0,0,0,0,0,0,0
103,104,108,86,113,119,103,98,97,103,77,108,Q,94
5,-10,-9,14,-3,-7,14,0,0,0,0,0,0,0
46,59,54,46,56,58,59,35,48,C,40,51,45,52
107,119,109,87,111,112,111,100,114,103,79,103,104,104
57,45,51,54,44,51,56,49,32,39,,32,39,50
48,40,43,44,58,40,56,42,30,36,32,44,29,42
73,76,64,75,56,-6,42,66,69,56,75,49,45,38
11,-10,-7,16,18,12,16,0,0,0,0,2,0,0
74,76,76,62,75,61,77,64,63,62,51,63,55,
8,10,-6,17,12,15,5,0,0,0,0,0,0,0
18,1,-3,-2,6,144,1,2,0,0,0,0,0,0
9,13,27,52,42,63,70,0,0,12,36,32,46,52
27,27,20,30,24,30,21,8,3,1,13,4,11,0
10,11,-4,13,1,19,-1,0,0,0,0,0,0,0
83,82,67,71,57,54,57,74,81,63,70,54,51,56
43,60,52,41,60,59,59,30,54,44,31,49,50,A
69,73,73,66,78,-1,67,64,64,68,54,71,56,62
82,66,62,67,54,52,45,77,58,58,58,51,48,39
6,6,-3,-2,8,65.29,5,0,0,0,0,0,23.98,0
115,83,93,89,113,107,104,106,77,87,81,100,102,98
67,65,69,80,77,64,76,57,55,64,72,65,55,65
39,33,38,24,31,39,30,11,7,21,0,3,23,15
103,88,87,95,95,80,82,96,75,80,82,87,75,74
58,52,43,42,59,49,47,49,44,36,28,48,42,33
-8,3.89,20,16,-1,12,15,0,0,4,0,0,0,0
16,18,13,0,-10,6,20,1,0,0,0,0,0,2
-9,43,58,44,43,43,45,41,32,52,30,31,30,40
60,61,66,63,65,77,79,55,56,55,58,51,71,66
40,34,30,40,30,29,36,21,9,3,13,10,9,14
6,10,37,34,61,53,67,0,0,25,20,44,35,49
2,21,39,55,54,65,85,0,4,23,39,40,48,69
80,94,106,87,96,107,103,69,83,96,77,88,95,98
54,47,58,41,52,43,58,40,38,46,29,41,32,47
40,37,31,39,25,25,36,11,13,2,19,6,5,9
9,11,2,19,20,6,-4,0,0,0,0,0,0,0
50,51,42,42,47,45,59,37,46,31,33,40,34,48
43,49,48,51,58,43,49,35,41,43,38,48,33,40
88,79,73,75,69,65,46,84,L,65,73,66,63,39
38,27,25,40,40,40,31,17,5,2,11,22,18,2
19,15,40,32,49,67,75,3,0,26,17,33,49,60
4.55,39,40,26,29,27,22,0,23,25,7,4,1,5
88,95,107,85,107,85,118,83,84,93,80,96,78,111
56,55,51,57,59,58,43,49,47,46,46,46,44,30
44,54,48,59,45,54,50,38,47,35,54,35,43,42
72,65,72,76,79,71,62,60,55,61,64,71,66,52
10,15,6,-4,-7,12,3,0,0,0,0,0,0,0
18,18,29,49,49,58,77,1,0,19,39,30,46,60
79,74,63,73,77,75,71,74,68,55,59,72,67,57
7,0,0,-9,4,16,-5,0,0,0,0,0,0,0
76,72,60,70,80,,80,71,61,46,65,67,63,74
90,65,60,63,50,45,52,82,58,58,57,41,38,48
81,35.31,76,55,70,49,42,77,69,69,48,70,47,39
23,38,35,35,36,38,30,0,19,24.05,13,10,13,7
101,115,94,88,112,107,-2,89,103,88,78,103,101,76
58,42,44,47,46,,49,49,37,36,38,40,41,44
81,68,71,60,59,56,54,77,66,64,51,54,53,51
5,10,7,5,6,9,20,0,0,0,0,0,0,3
93,106,82,80,82,103,82,86,97,O,74,71,98,69
33,37,29,38,20,21,34,M,11,2,15,0,5,15
70,62,71,67,70,77,71,64,48,64,60,57,69,59
83,105,106,89,91,107,82,71,98,100,78,86,100,71
110,98,112,118,93,85,114,103,85,105,106,79,72,102
116,110,89,113,113,86,118,106,99,77,100,101,76,105
18,-6,-9,20,3,-4,19,3,0,0,4,0,0,G
89,96,118,98,80,95,84,82,83,109,90,72,84,71
62,63,72,67,60,64,75,50,55,66,54,53,51,63
2,20,45,41,40,50,61,0,8,31,27,29,38,42
45,45,42,40,42,41,41,31,34,33,Y,33,30,31
35,23,25,27,35,23,26,19,8,10,7,16,8,7
55,60,41,52,43,54,50,48,53,36,41,29,47,P
7,20,9,-4,9,1,-3,0,0,0,0,0,0,0
84,100,,119,87,114,119,74,91,68,111,76,101,107
77,78,65,68,62,71,62,65,71,H,60,57,66,57
53,98.68,41,49,59,47,57,47,34,30,35,54,35,52
82,74,72,70,57,52,47,58.88,74,68,66,49,43,41
42,49,54,59,40,60,Q,30,39,45,47,29,51,44
34.59,30,38,25,29,38,26,0,U,18,3,8,15,2
-2,9,2,-1,1,17,19,0,0,0,0,0,0,0
20,34,27,20,27,40,20,0,14,1,0,5,19,0
12,-1,-4,-2,8,17,0,0,0,0,0,0,0,0
47,56,47,49,58,51,49,38,42,39,38,44,39,43
20,28,39,37,27,21,40,0,12,,21,11,0,14
22,13,42,53,50,53,75,11,0,32,43,36,35,59
78,80,64,64,64,64,61,65,69,56,51,,,48
53,54,45,51,40,56,40,40,45,37,38,31,42,31
20,-1,0,20,5,5,-3,3,0,0,0,0,0,0
120,97,116,88,87,82,89,106,86,109,75,75,77,83
45,57,52,59,52,49,58,38,50,47,45,46,39,48
-7,2,17,-5,-9,15,12,0,0,0,0,0,0,0
-9,-7,10,13,18,4,2,0,0,0,0,0,0,0
53,42,0,3.66,48,42,41,47,34,40,35,36,36,35
76,73,78,74,52,56,59,70,73,72,72,52,51,56
34,31,23,40,32,23,36,13,6,0,11,13,7,21
-10,20,9,16,-10,-8,9,0,2,0,0,0,0,0
45,41,53,59,S,52,59,36,29,40,48,38.6,47,48
30,21,37,25,35,37,21,9,5,10,0,10,15,0
,60,78,77,62,61,62,61,50,69,72,56,48,54
80,62,79,60,68,60,72,67,56,68,53,60,49,61
53,57,48,46,43,59,44,46,48,41,39,38,51,36
80,-4,69,64,67,70,73,74,74,55,50,54,59,66
13,16,37,36,42,64,74,0,6,26,17,24,49,57
-3,147,7,13,18,3,8,0,0,0,0,0,0,0
35,33,26,36,30,34,30,11,9,8,8,7,18,11
60,51,43,47,46,53,58,53,41,29,42,38,40,45
77,78,77,76,77,66,63,68,66,63,71,69,52,54
45,Y,59,60,54,57,59,34,45,46,53,44,43,51
13,12,-4,-6,2,-4,-1,0,0,0,0,0,0,0
42,46,46,54,54,54,57,37,37,32,43,42,44,49
92,106,115,100,120,102,88,79,100,108,92,110,95,75
87,80,75,72,63,121,55,84,79,75,67,60,61,53
46,40,59,52,56,40,43,33,34,54,41,48,30,34
59,60,58,41,46,42,40,46,50,51,36,41,31,27
11,24,21,30,40,73,-2,1,9,7,11,22,61,59
20,-8,-8,11,-7,-6,4,0,0,0,0,0,0,0
78,64,79,60,80,144,76,68,54,71,53,67,73,62
31,24,26,31,21,24,22,13,3,1,6,0,5,6
85,94,97,109,80,101,89,75,81,90,97,,90,82
-10,1,-10,6,14,16,9,0,0,0,0,0,0,
109,118,111,102,108,,84,104,105,102,90,98,78,71
120,93,105,83,0,86,99,108,83,100,77,104,81,90
56,40,50,52,46,46,59,44,32,37,38,35,40,48
24,37,33,37,29,34,25,8,17,4,16,13,12,1
94,120,117,104,103,84,81,86,112,103,92,93,77,76
83,79,71,59,63,56,49,81,76,67,58,59,50,41
75,67,66,60,61,72,64,66,56,60,54,47,63,56
25,31,21,33,33,P,32,0,11,1,8,16,0,6
23,35,38,40,29,29,22,7,7,14,19,2,8,0
12,51.3,1,7,-10,-9,19,0,0,0,0,0,0,0
73,77,62,68,66,63,76,63,65,52,59,53,52,71
18,18,30,51,58,55,67,0,5,13,34,39,45,57
22,35,38,23,22,22,25,0,19,18,0,0,5,0
20,34,21,38,20,33,21,3,6,2,9,0,8,0
6,-9,-9,8,4,5,-10,0,11.23,0,0,0,0,0
68,79,68,62,,78,79,61,74,59,55,63,70,65
13,20,45,35,56,68,83,0,3,29,25,37,50,72
16,12,27,55,56,66,78,0,0,16,45,41,82.16,68
39,36,32,21,31,,-1,20,19,11,4,7,4,12
26,20,20,30,36,30,22,11,0,0,3,21,2,4
-10,-9,0,-4,12,12,-5,0,0,0,0,0,0,0
40,48,42,48,48,43,44,28,36,28,38,88.69,37,39
77,78,78,59,64,51,58,76,70,69,59,59,42,49
94,98,90,98,91,100,102,85,89,79,93,80,94,92
20,33,38,47,47,53,70,8,14,21,36,35,38,53
45,45,59,40,45,60,54,35,37,48,30,32,54,43
101,120,117,81,106,116,84,95,109,110,71,100,102,71
55,54,48,49,40,47,49,45,41,37,37,34,35,35
-3,1,9,0,13,-5,-9,0,0,0,0,0,0,0
22,37,25,39,31,22,23,6,11,8,19,11,0,5
,0,17,10,3,3,10,0,0,0,0,0,0,0
86,71,70,74,59,59,54,,70,66,71,58,54,49
69,61,73,63,69,66,67,57,53,10.52,54,57,52,59
55,48,40,57,42,55,H,44,42,26,47,32,42,28
20,22,24,21,38,30,37,0,0,0,6,20,4,15
10,19,37,33,52,59,81,0,3,19,17,35,41,67
-7,-8,10,0,-5,-4,0,0,0,0,0,0,0,0
90,71,74,60,57,56,48,87,71,66,58,54,53,46
-10,16,16,17,-7,-9,19,0,0,0,0,0,0,0
78,69,77,80,68,62,77,64,62,68,70,59,57,70
71,69,65,62,70,52,57,71,61,,59,64,49,50
89,81,73,75,67,62,57,83,81,69,74,60,57,52
101,96,81,119,93,93,101,89,87,75,106,83,84,89
80,88,82,81,142,120,107,67,82,72,70,92,115,102
16,-7,12,-6,14,-2,-4,0,0,0,0,59.04,0,0
19,10,15,16,2,11,7,0,0,,0,0,0,0
118,110,100,105,101,81,100,111,103,90,93,91,72,91
24,26,29,54,64,60,69,7,7,15,42,53,45,50
60,55,59,56,49,40,43,54,47,52,45,44,27,31
30,34,39,35,23,20,20,14,15,19,17,3,2,4
55,55,41,58,47,58,43,43,48,28,46,33,51,34
8,7,-3,-4,15,13,-6,0,0,0,0,0,0,0
57,59,57,59,48,43,51,45,51,50,54,43,38,37
49,46,55,45,52,45,44,41,33,49,32,44,33,30
82,117,100,107,110,-5,83,68,111,89,98,105,68,75
-2,11,8,14,,19,18,0,0,0,0,0,0,0
30,25,34,23,22,30,23,14,6,17,1,0,1,2
64,62,62,72,68,67,73,51,54,49,D,56,64.98,65
43,,41,59,54,59,52,33,31,28,46,43,51,38
60,80,60,75,79,80,74,54,69,46,68,68,73,67
16,132,0,-1,9,-10,11,0,0,0,0,0,0,0
80,78,75,80,73,73,66,68,65,67,74,Q,60,52
6,4,-4,-5,3,11,17,0,0,0,0,0,0,0
2,13,34,E,65,52,62,0,0,22,15,48,41,50
5,21,37,45,63,71,82,0,6,25,27,53,K,66
95,106,80,90,94,103,105,82,97,69,82,85,97,100
8,3,-1,-5,13,18,-8,0,0,0,0,0,3,0
35,28,32,21,33,23,34,16,7,14,4,8,3,5
35,22,26,32,40,21,37,8,0,0,13,21,0,12
,106,90,101,,94,91,112,99,76,88,88,84,78
56,51,55,49,58,46,42,44,38,49,40,48,34,28
86,76,77,65,50,45,45,80,70,69,57,45,37,40
33,34,29,30,23,31,37,16,15,8,6,4,3,22
76,80,65,62,60,77,78,69,69,C,50,46,69,71
34,39,29,27,27,29,22,8,12,12,6,11,6,0
3,-9,6,-1,-8,20,19,0,0,0,0,0,0,0
15,-3,2,-6,12,16,3,0,0,0,0,0,0,0
2,35,40,48,49,55,85,0,,27,38,37,43,73
60,68,64,69,78,,132,54,56,57,56,72,60,60
78,68,76,71,57,63,7.15,70,66,72,65,49,62,46
42,44,60,60,42,60,41,36,31,51,52,32,50,35
57,50,58,57,55,49,41,49,42,50,48,E,40,31
85,70,74,64,,52,51,83,68,68,58,51,48,48
89,93,85,99,123,86,112,81,85,73,89,75,81,100
99,85,119,76.73,119,109,102,88,74,105,110,111,101,90
55,59,45,40,43,53,55,46,53,40,26,35,U,41
87,114,104,108,103,105,84,80,102,98,94,97,95,75
87,69,0,66,59,56,54,87,60,58,59,59,53,52
100,104,89,114,83,86,99,90,96,76,100,74,77,91
65.08,48,60,48,58,59,41,30,36,52,36,46,45,28
1,-5,12,1,-4,-5,4,0,0,0,0,0,0,0
45,48,46,42,43,60,52,36,36,39,29,36,49,46
83,66,70,73,57,51,40,83,60,68,67,55,44,34
30,28,20,33,37,39,31,12,2,3,6,11,21,3
72,65,71,56,,123,51,65,59,66,50,60,42,47
108,83,103,105,111,90,117,99,74,91,,99,76,112
14,14,24,47,46,64,62,2,0,6,28,30,51,49
13,14,25,34,61,75,69,0,0,12,18,46,60,56
73,67,67,63,76,74,62,67,56,62,55,65,64,50
70,81,64,56,59,56,59,65,81,64,54,54,48,57
8,11,39,135,48,66,83,0,0,25,37,34,55,72
2,18,-2,13,-8,17,10,0,2,0,0,0,0,0
11,-6,D,19,10,6,16,0,0,0,0,0,0,0
29,29,23,L,23,29,36,6,14,7,9,0,10,20
10,22,29,35,43,50,R,0,6,15,22,27,40,47
102,116,86,87,98,102,109,90,102,75,77,88,95,97
76,79,77,62,63,65,59,67,71,73,59,,65,51
0,15,43,33,61,75,78,0,0,28,20,51,62,60
18,22,25,38,49,61,71,2,11,14,22,30,50,57
9,28,34,33,46,59,85,0,9,18,18,27,46,71
82,68,78,60,68,55,51,80,64,77,51,61,52,45
54,,44,131,46,40,41,44,39,36,33,36,31,35
21,18,28,43,60,50,66,3,1,18,27,46,39,47
8,4,20,14,-10,9,-4,0,0,0,0,0,0,0
22,34,30,36,58,50,81,4,15,19,26,42,40,71
116,96,111,114,109,101,106,105,85,102,102,101,91,100
38,22,24,40,32,38,38,23,4,1,17,8,10,9
62,73,77,60,74,80,75,49,60,71,49,63,69,66
96,114,98,87,108,88,108,86,105,87,74,98,76,102
74.81,30,42,49,55,68,82,0,17,28,34,42,56,72
112,85,107,86,100,99,98,99,80,98,72,93,92,86
60,68,61,77,80,79,76,46,57,47,69,73,68,70
59,59,44,46,49,55,,46,46,33,38,39,47,41
71,70,60,64,54,63,60,64,63,56,60,45,59,56
99,111,120,93,88,95,80,93,101,111,85,79,81,71
24,25,36,40,60,55,68,12,15,21,25,42,38,56
72,71,74,72,70,52,44,69,64,66,68,61,49,40
56,47,40,56,49,48,44,51,34,29,46,35,38,34
27,27,22,23,24,40,25,1,12,3,0,0,11,8
3,26,44,31,43,71,75,0,8,26,18,24,59,61
10,3,14,15,8,18,-7,0,0,0,0,0,0,0
26,33,32,37,23,32,32,11,13,3,21,0,16,5
-10,-10,5,3,-2,-1,6,0,0,0,0,0,0,0
0,-3,10,20,8,5,17,0,0,0,2,0,0,0
3,-9,-5,8,-6,-4,14,0,0,0,0,0,0,0
87,74,80,68,66,,44,78,66,76,67,66,49,37
59,55,47,47,53,40,43,53,49,37,39,40,34,37
-7,8,13,5,9,-1,9,0,0,0,0,0,0,0
80,68,,64,55,52,60,75,64,59,59,55,45,52
79,66,71,65,68,52,45,70,62,70,56,63,43,
83,67,77,61,62,49,42,75,63,U,54,62,42,34
25,18,21,36,51,69,79,13,5,7,19,38,51,68
60,67,63,67,68,62,72,46,54,52,61,57,56,64
28,24,20,25,37,20,40,6,0,0,8,12,2,25
10,-8,16,-7,12,7,4,0,0,0,0,0,0,0
53,60,58,52,58,60,50,43,47,44,47,46,54,38
24,39,25,20,22,40,21,3,20,0,0,2,14,3
48,50,44,50,58,55,47,37,45,32,38,44,47,35
86,108,99,85,87,101,87,78,97,91,80,75,88,82
17,14,-8,0,13,-7,-1,0,0,0,0,0,0,0
58,52,57,46,-9,58,47,45,46,46,39,46,48,40
21,26,30,24,25,21,33,0,10,14,0,2,1,11
34,25,27,37,39,32,31,6,0,4,11,18,7,15
56,59,48,60,59,45,52,48,49,79.65,48,46,39,44
12,35,24,,40,56,66,0,18,7,18,22,44,52
-7,83,61,62,62,58,59,75,82,53,62,61,57,59
50,59,45,42,46,43,60,42,47,38,28,34,30,50
69,60,80,80,E,71,67,58,49,73,68,50,60,60
21,22,25,36,24,39,32,0,5,0,14,6,16,11
0,18,-5,-8,9,-4,16,0,2,0,0,0,0,0
104,100,86,114,86,101,105,92,87,72,104,72,92,92
5,-10,11,12,-5,-9,4,0,0,0,0,0,0,0
50,52,50,50,D,57,54,37,39,41,43,31,50,48
5,24,22,31,64,70,-1,0,7,12,19,51,52,A
-8,12,6,18,19,-1,61.29,0,0,0,0,0,0,0
70,66,68,57,50,59,45,63,66,64,54,49,52,43
-1,-6,19,11,5,-3,-4,0,0,0,P,0,0,0
90,92,81,112,105,81,101,77,80,74,102,97,69,95
18,11,15,17,7,6,5,0,0,0,0,0,0,0
85,79,,66,68,47,49,85,77,64,65,65,43,47
101,82,107,106,93,85,119,89,69,98,101,84,77,108
27,40,40,23,26,124,30,4,16,18,0,2,9,5
-2,28,24,40,21,21,22,23,3,5,19,0,0,0
71,74,73,63,78,78,60,62,64,62,56,65,70,51
21,11,29,31,43,57,79,2,0,14,15,24,45,69
1,-5,18,-9,127,-7,5,0,0,0,0,0,0,0
3,33,27,55,49,59,66,0,19,16,43,33,45,53
25,24,21,51,52,63,85,8,9,N,40,35,44,70
-8,14,-7,20,20,3,-1,0,0,0,0,0,0,0
56,54,46,46,45,53,59,45,44,40,34,34,40,49
63,65,74,73,66,71,62,53,53,62,68,58,61,55
58,48,59,51,52,54,54,44,34,53,45,,46,41
90,80,69,72,65,62,56,81,80,60,71,65,54,51
75,75,73,66,71,68,66,67,65,68,53,64,58,60
4,14,-2,7,7,-4,0,0,0,0,0,0,0,0
68,73,69,51.1,67,64,61,63,55.01,57,49.54,53,59,50
19,13,30,33,65,56,78,1,0,12,20,55,37,63
5,16,35,48,40,66,83,0,6,19,33,22,55,71
9,25,28,52,62,64,71,0,10,11,41,43,46,52
-5,-6,15,-3,17,-9,16,0,0,0,0,0,0,0
78,66,72,63,57,50,47,75,60,70,62,50,48,38
59.8,105,119,,82,118,103,95,91,105,106,74,113,97
77,73,62,73,77,70,,68,66,51,63,65,58,72
103,90,104,102,83,101,90,97,82,94,94,70,92,80
61,62,65,73,66,61,69,53,50,57,65,60,56,61
56,57,44,52,47,43,45,44,43,38,43,41,30,36
72,77,70,66,52,46,53,71,73,65,63,50,37,47
68,68,76,60,64,65,77,61,59,65,47,53,58,63
74,65,62,75,74,70,63,69,60,56,69,67,61,55
8,34,43,50,60,52,63,0,19,33,35,43,37,48
K,8,0,20,12,,-6,0,0,,0,0,0,0
28,24,40,28,29,25,23,10,6,17,8,9,0,2
11,34,36,37,45,55,72,96.67,22,21,25,30,45,X
83,84,80,68,61,55,52,82,82,79,61,55,53,52
16,0,11,5,4,20,-3,0,0,0,0,0,3,0
13,1,10,-1,-9,5,20,0,0,0,0,0,0,0
66,78,76,80,61,71,71,56,68,64,75,53,65,65
64,65,78,73,61,76,69,59,60,73,60,54,70,57
42,45,52,42,50,55,51,30,38,46,37,36,46,44
12,28,33,39,64,56,80,2,9,19,26,52,44,64
98,113,81,95,117,98,97,89,100,73,90,104,87,91
,150,32,39,47,,63,9,19,14,24,35,52,47
68,63,64,65,78,79,73,62,56,54,54,67,70,60
2,23,35,30,45,61,77,0,6,17,18,31,48,58
19,-7,-3,7,-1,8,2,0,0,0,0,0,0,0
110,87,112,98,105,93,94,100,82,99,90,100,82,84
69,,69,69,76,64,67,61,55,55,56,65,59,61
109,81,103,102,120,120,83,104,71,95,97,107,112,74
-5,-7,-2,-10,15,12,10,0,0,0,0,0,0,0
13,10,42,31,62,51,74,0,0,28,19,52,38,62
-1,10,-10,7,13,12,-3,0,0,0,0,0,0,0
84,68,76,61,57,47,58,79,68,72,60,50,39,57
9,12,16,-4,1,19,4,0,0,,0,0,0,0
22,25,34,46,54,52,78,8,14,F,27,40,35,68
12,14,26,55,59,65,61,0,3,13,40,42,47,47
142,28,39,38,81.06,24,26,1,8,23,15,9,0,10
76,62,73,61,60,80,64,68,56.93,63,51,51,69,57
64,61,66,70,71,66,70,56,50,59,65,64,54,56
21,13,22,39,41,50,75,7,0,3,,30,34,63
23,35,39,21,26,20,39,8,18,11,3,3,3,24
82,78,75,64,67,51,53,76,71,67,59,61,48,45
78,67,68,61,65,63,76,67,56,58,53,59,50,70
36,27,38,33,20,26,24,9,5,10,5,0,4,0
57,50,55,56,49,47,45,50,40,46,43,40,39,35
81,82,78,62,63,56,50,79,,72,57,60,49,48
45,54,57,52,40,54,D,,43,50,46,33,46,40
2,0,-6,2,,9,-1,0,0,0,0,0,0,0
21,21,35,28,38,24,25,5,6,12,13,13,0,7
73,79,68,59,51,55,50,65,79,62,51,46,48,43
34,36,X,38,30,39,37,13,17,0,23,U,20,11
0,26,36,30,62,69,81,0,15,26,16,52,58,69
71,71,80,63,V,75,62,59,57,73,E,59,65,49
17,29.16,26,44,42,61,80,2,0,,27,30,48,62
41,50,43,49,57,57,47,28,37,34,44,52,43,41
94,114,85,118,99,83,84,89,102,72,108,86,75,74
24,34,29,26,24,40,32,0,6,6,1,5,12,12
75,84,64,70,54,60,44,68,76,58,70,50,53,43
-7,10,-8,88.33,11,-4,13,0,0,0,0,0,0,0
86,67,66,55,60,64,48,80,58,59,54,60,60,42
31,20,32,20,34,38,20,2,3,7,0,16,11,0
76.2,108,95,114,99,114,93,101,101,84,100,93,104,88
77,33.05,80,72,69,47,58,69,71,73,69,66,38,50
7,16,-8,13,13,2,-4,0,0,0,0,0,0,0
24,40,22,39,40,36,26,2,14,4,10,24,17,0
32,29,29,31.67,24,40,40,9,10,13,24,0,14,24
49,58,56,49,40,41,45,36,48,51,44,31,32,40
63,79,65,62,80,77,67,55,73,54,49,70,66,59
35,35,24,38,32,26,31,18,12,9,19,10,7,14
78,73,78,66,67,73,72,69,60,72,58,53,67,61
104,112,97,118,92,98,112,98,99,85,107,85,89,103
1,-8,9,-6,-4,13,-2,0,0,Z,16.01,0,0,0
34,146,36,35,27,30,29,9,0,10,16,9,11,3
51,47,46,43,54,41,42,37,41,41,35,49,31,29
-3,18,4,-3,-10,-4,11,0,0,0,0,0,G,0
-8,4,-1,17,-6,-10,2,0,0,0,0,0,0,0
13,13,7,11,17,0,-3,34.7,0,0,0,0,0,0
103,86,108,91,108,118,-5,90,80,100,82,99,111,106
5,32,31,49,43,66,75,0,17,18,35,29,55,56
5,76.83,42,49,59,61,63,0,13,31,38,49,51,50
80,73,72,60,67,80,69,72,67,64,48,59,70,56
69,66,78,64,63,78,78,64,60,72,56,51,66,66
33,37,34,39,30,38,142,10,11,,14,4,20,0
73,76,80.33,75,79,69,69,68,88.36,68,64,71,56,H
47,44,41,58,44,,56,36,38,28,44,34,35,48
16,27,43,51,50,51,69,0,17,30,40,34,90.47,58
4,18,-8,-7,-3,,6,0,0,0,0,0,0,0
6,0,4,9,11,12,-9,0,0,0,0,0,0,0
58,55,50,55,48,45,57,53,48,37,41,39,39,47
70,72,67,63,71,74,67,62,59,53,54,58,61,55
29,23,34.84,38,35,33,28,0,8,9,23,20,17,2
74,72,68,69,78,72,68,69,63,59,55,68,67,61
54,42,55,53,47,55,49,47,37,46,47,35,49,40
71,74,77,63,70,60,69,58,66,70,57,57,55,58
53,46,41,43,47,43,60,45,36,36,37,37,38,48
84,66,76,61,70,49,52,76,60,71,56,66,43,50
37,38,36,25,31,38,27,9,16,9,7,5,21,4
63,80,65,69,72,74,78,53,68,56,56,67,68,71
101,115,-7,90,110,115,99,93,102,101,85,103,101,92
28,21,33,28,37,26,25,3,1,6,11,13,5,1
52,42,56,59,57,50,58,39,31,50,53,48,39,48
84,87,113,91,114,96,114,73,78,107,78,100,91,102
22,21,,20,40,29,21,0,0,7,5,15,0,6
12,27,25,42,59,54,66,0,15,6,26,48,41,54
2,-6,145,-9,12,3,18,0,0,0,0,0,0,0
14,25,21,49,139,60,65,0,6,9,33,30,49,46
116,91,92,89,142,88,100,102,86,79,79,81,74,87
8,4,-5,2,3,7,4,0,0,0,0,0,0,0
117,118,107,82,83,91,85,111,106,96,75,71,81,
23,37,39,38,24,-1,36,2,22,19,9,8,2,17
23,27,20,40,64,63,60,11,12,3,23,50,45,50
-1,17,36,31,62,73,67,0,7,22,14,51,56,48
85,71,-5,62,63,46,50,79,69,59,61,56,37,48
95,107,114,103,103,114,111,82,93,103,93,89,105,97
81,74,60,69,70,50,45,75,70,52,66,63,44,40
58,45,60,48,40,48,41,48,40,53,40,30,43,31
21,-2,23,22,39,40,24,2,22,0,0,13,11,0
26,38,11.68,29,36,30,32,0,21,16,6,8,7,11
1,11,6,9,13,11,8,0,0,0,0,0,0,0
106,96,92,102,101,81,101,93,82,84,E,91,67,95
24,84.57,30,25,40,32,32,8,8,2,1,11,15,16
34,35,39,37,26,31,38,8,14,12,8,U,2,11
90,85,71,75,53,47,45,86,81,68,75,48,39,38
7,35,38,35,45,53,64,0,23,20,25,31,35,52
82,92,104,111,97,103,93,76,87,98,99,88,98,88
5,28,21,53,49,63,68,0,12,10,42,36,47,56
114,114,89,91,89,81,111,109,106,78,87.79,77,74,105
87,85,68,72,68,46,44,85,81,67,71,63,41,40
18,13,28,43,55,68,83,0,3,15,27,44,53,65
4,7,-5,6,-10,20,9,0,0,0,0,0,0,0
58,42,54,45,40,54,51,52,31,48,34,31,40,44
105,108,109,94,103,100,115,E,102,96,87,93,88,104
88,,93,106,90,101,90,81,78,82,98,83,89,84
-5,-9,20,17,7,14,16,0,0,0,0,0,,0
73,80,77,73,67,76,66,68,70,69,61,57,70,53
2,10,2,13,8,-10,8,0,0,0,0,0,0,0
58,B,41,-7,60,46,47,47,29,34,45,50,37,37
79,69,78,55,56,56,43,71,67,72,47,48,47,43
26,28,36,29,-1,21,24,7,66.54,15,2,0,5,7
89,93,83,86,83,92,118,81,79,76,78,75,87,105
61,61,78,68,73,64,,55,47,72,57,60,55,68
74,79,70,71,77,71,0.89,62,70,62,64,65,21.08,60
85,72,60,70,57,60,57,79,63,58,66,51,57,49
32,23,38,28,90.84,23,37,4,0,14,13,1,0,21
19,29,27,,62,58,68,6,18,10,23,49,48,58
62,60,72,63,68,71,75,52,49,65,55,58,59,70
80,D,74,74,68,66,69,67,53,66,68,63,57,64
-10,19,-8,16,17,20,-4,0,2,0,0,0,0,0
-4,74,62,63,70,50,56,64,74,54,54,70,46,47
12,31,45,39,65,60,73,1,18,34,28,47,47,60
2,23,43,31,62,69,67,0,7,24,17,50,59,54
62,68,69,60,64,66,60,50,59,60,54,51,55,50
55,46,49,47,53,47,52,41,39,43,39,46,33,38
20,34,45,51,59,65,64,10,18,33,38,49,47,47
98,118,119,113,90,87,88,90,108,111,105,77,81,79
37,39,35,34,31,21,34,20,20,14,17,5,46.36,19
44,45,47,42,47,40,47,32,31,40,32,42,26,33
13,18,34,54,48,58,77,0,4,17,35,32,44,60
86,84,63,59,51,60,45,77,80,58,55,47,60,38
81,67,70,70,53,48,51,77,66,63,70,47,44,43
24,35,26,27,26,29,33,0,17,0,5,1,4,7
37,22,23,27,32,34,40,8,0,0,0,7,12,15
117,94,115,109,118,119,108,112,84,104,102,109,112,96
14,33,21,,55,51,79,1,22,2,28,43,40,67
-2,-3,4,2,19,17,9,0,0,0,0,0,0,0
T,71,60,69,57,,-4,66,70,55,68,J,59,39
7,8,-5,-6,10,10,16,0,0,0,0,0,0,0
-9,3,20,4,-4,2,7,0,0,0,0,0,0,0
93,105,83,107,92,117,118,83,94,73,93,81,103,109
59,54,-3,44,49,51,40,45,43,45,37,42,45,34
119,80,66.89,94,90,95,99,114,74,93,85,84,87,89
86,101,92,102,97,117,110,81,94,86,88,92,107,104
5,127,43,37,44,66,66,0,2,29,19,32,50,47
109,115,108,103,96,119,91,104,103,99,91,87,108,84
T,14,42,46,54,67,81,7,0,30,34,43,53,66
71,72,76,73,65,71,62,59,61,63,65,57,57,55
66,80,75,83.82,71,67,M,57,73,62,77.23,61,62,51
2,6,-6,-6,6,14,0,0,0,0,0,0,0,0
84,109,80,94,101,97,119,77,95,70,88,91,Y,111
116,116,109,100,97,114,117,108,110,98,94,88,106,105
-5,79,79,74,71,80,80,55,69,71,60,60,73,74
71,74,80,58,59,J,53,68,65,77,51,55,45,47
85,146,61,58,56,55,58,79,68,53,55,48,46,57
110,84,120,94,90,80,82,100,77,108,86,84,74,68
41,53,51,55,48,59,60,28,42,38,45,40,49,50
50,58,43,57,42,59,51,44,51,31,43,33,54,45
16,33,29,47,44,53,85,2,16,19,36,33,40,75
22,39,27,34,37,22,27,0,17,6,16,22,0,0
142,0,18,-5,13,5,-4,0,0,1,0,0,0,0
49,59,56,48,56,54,45,36,53,42,41,49,44,40
23,27,37,23,32,40,36,6,12,19,3,6,18,7
42,49,56,40,57,46,49,34,41,44,33,52,32,44
70,70,67,69,53,50,52,61,62,60,64,45,41,44
35,35,30,27,31,27,-2,6,17,1,9,12,0,12
10,0,-6,-6,0,-6,-5,0,0,0,0,0,0,0
45,49,59,54,41,43,40,33,35,49,44,35,38,33
70,62,60,60,79,62,70,59,51,50,55,74,51,56
41,40,43,46,60,57,59,34,26,37,40,55,46,51
71,78,65,69,,65,53,68,71,60,67,49,63,49
66,75,74,61,-8,73,62,54,62,67,50,46,66,57
39,23,22,29,38,24,33,21,8,0,5,9,0,17
20,27,24,42,54,58,67,2,10,9,23,40,44,
88,84,67,64,68,48,43,88,80,58,59,63,44,43
22,33,35,32,55,55,79,12,20,18,13,41,45,60
71,61,68,73,62,65,65,66,49,62,64,49,54,59
67,70,71,76,74,61,65,62,56,62,70,64,56,55
80,76,68,76,69,80,80,66,70,60,69,63,68,67
80,80,77,70,54,50,56,75,76,71,67,49,50,56
21,24,41,40,56,65,69,3,13,25,29,44,46,51
27,33,69.95,27,0,33,32,8,64.44,0,0,6,6,11
28,22,30,30,20,24,35,7,0,14,6,4,0,12
34,25,30,39,30,30,37,5,0,2,10,6,7,18
130,34,41,54,47,72,73,0,16,25,43,29,62,57
15,19,-8,2,-4,5,-4,0,0,0,0,0,0,0
99,102,104,119,81,90,116,90,93,96,111,70,83,105
102,100,107,108,114,87,115,90,95,95,103,105,75,109
61,64,60,76,67,69,75,49,53,48,62,57,63,67
88,107,115,82,110,88,89,78,99,105,70,99,78,83
61,73,65,75,71,60,66,49,59,57,69,58,49,54
65,,77,68,79,61,64,59,63,66,54,66,52,51
60,80,63,62,60,77,69,53,66,54,55,55,64,63
39,27,37,25,24,22,24,13,9,22,4,3,4,0
16,-2,18,18,2,-5,6,0,0,0,1,0,0,0
10,12,22,49,60,58,64,0,1,10,38,47,41,48
73,71,74,70,70,61,7.58,72,63,66,69,69,56,39
70,78,61,75,54,61,54,67,Y,56,71,54,60,51
0,25,24,49,62,50,73,0,11,6,39,46,34,63
40,41,39.54,57,P,45,41,29,30,55,45,38,31,27
77,78,79,74,80,64,78,46.32,69,65,69,72,56,65
37,24,20,22,39,33,36,18,7,0,2,17,16,13
37,22,21,21,31,29,34,21,0,5,0,9,7,12
88,69,69,67,51,61,57,82,65,62,61,48,60,53
35,33,32,23,37,36,34,7,5,12,0,22,7,6
5,20,31,38,43,60,70,91.94,6,14,21,26,47,54
13,-1,-7,-3,9,129,-1,0,0,0,0,0,0,0
3,8,-7,12,12,18,-2,0,0,0,0,0,2,0
65,80,76,72,62,65,67,53,72,63,64,49,54,54
99,81,93,111,119,90,84,94,71,,97,106,81,77
51,42,45,48,48,48,42,41,35,39,34,35,40,35
73,145,62,72,70,67,62,60,66,48,66,59,59,52
89,79,78,63,53,56,58,86,73,75,59,52,49,50
132,97,94,102,108,84,92,97,83,80,97,103,76,85
21,22,32,30,32,24,37,0,7,17,5,10,4,12
55,Z,54,41,49,43,48,43,34,41,27,40,35,35
-5,-10,-2,-5,20,18,8,0,0,0,0,0,0,0
77,71,60,67,71,61,71,69,57,49,57,64,54,64
59,54,48,48,56,50,49,52,46,36,40,46,45,41
19,3,18,N,-2,4,1,0,0,0,0,Q,0,0
78,77,62,59,63,49,43,71,74,61,50,60,40,34
94,106,86,96,90,92,111,85,93,72,89,76,87,100
56,43,47,51,43,H,46,47,35,33,44,38,34,38
62,64,69,74,65,62,74,54,56,55,65,52,54,64
22,31,31,39,43,65,64,6,12,13,28,33,51,54
30,34,20,21,32,36,37,2,6,0,0,15,21,14
9,24,41,49,60,69,80,C,6,26,30,43,58,64
87,66,65,55,57,64,55,85,64,61,49,48,57,47
40,Y,45,55,50,49,59,33,36,34,44,37,38,52
76,78,65,66,61,144,79,63,73,60,52,52,58,73
5,23,23,47,63,66,78,0,5,10,32,47,51,59
73,79,69,72,65,73,64,64,66,64,61,52,59,59
90,80,68,56,65,45,56,86,75,59,47,56,39,55
6,20,11,11,9,-1,-6,0,0,0,0,0,0,0
29,37,38,56.04,33,25,29,4,9,,16,16,0,3
7,18,31,34,45,66,85,0,8,21,17,29,47,72
92,102,99,93,89,120,115,82,94,26.66,79,77,109,101
13,17,9,-6,-8,6,7,0,0,0,,0,0,
118,89,83,119,120,90,105,105,82,70,105,106,83,91
80,95,85,-3,86,102,86,73,90,80,86,78,91,79
114,101,112,80,110,83,96,101,95,106,70,101,78,90
90,76,62,58,56,Q,52,86,67,62,56,50,51,50
59,46,44,45,45,42,45,46,40,78.12,40,35,34,38
10,20,40,53,62,54,80,0,6,25,38,45,37,68
23,22,30,27,31,40,20,0,0,7,5,11,16,0
54,41,60,54,46,40,42,42,30,54,45,33,35,30
13,10,20,53,58,68,70,0,0,1,34,47,53,54
48,54,41,49,53,46,44,36,48,35,37,48,41,32
103,84,98,119,95,89,118,,79,88,112,85,84,108
31,26,31,,20,24,27,5,9,5,7,4,8,1
62,61,66,72,80,62,65,51,51,55,64,70,54,55
2,25,43,43,51,64,84,0,11,30,30,35,50,73
89,107,98,106,96,105,92,79,94,85,98,85,100,83
60,,79,80,127,61,65,55,60,68,75,68,55,52
-2,20,3,14,7,8,10,0,0,0,0,0,0,41.25
58,57,46,43,47,58,42,51,47,34,31,35,44,36
I,5,-8,19,10,20,-9,0,0,0,0,0,0,
53,54,50,40,59,48,43,40,43,41,31,47,42,35
41,46,48,48,49,46,52,31,37,41,36,44,40,45
-4,51,40,41,51,56,43,48,41,35,28,41,44,34
35,20,27,36,39,,23,11,5,6,11,12,13,0
27,39,27,23,24,23,39,3,11,1,0,5,1,19
40,40,55,122,51,50,57,27,30,41,82.32,41,45,45
29,40,30,37,37,30,34,6,11,10,19,19,11,5
80,63,74,76,67,80,79,71,51,61,66,53,73,70
83,99,103,112,87,80,105,69,91,93,107,75,75,91
7,16,21,54,60,,66,0,2,10,38,42,47,56
56,52,48,57,59,42,48,45,42,35,49,46,28,42
24,22,24,22,30,27,24,9,0,8,0,13,8,1
8,21,32,42,58,53,73,0,5,I,24,42,34,62
13,13,37,32,44,68,68,1,1,20,17,25,,50
72,79,79,64,64,71,65,59,67,67,55,50,63,54
107,110,103,105,114,106,109,97,104,93,91,102,96,98
68,80,80,64,63,78,69,54,69,75,59,50,66,64
,75,131,79,63,74,69,55,68,53,W,51,61,62
109,96,100,89,119,81,108,103,82,89,78,108,72,102
87,66,62,73,64,54,55,79,65,56,70,64,46,46
116,81,,102,82,82,95,106,68,110,93,70,74,81
90,109,119,101,115,80,84,78,101,111,92,105,75,70
57,44,54,50,40,59,47,50,38,48,42,29,47,33
70,68,80,60,56,57,45,65,64,75,54,53,51,36
14,11,27,49,48,63,75,0,0,16,37,31,46,64
68,80,135,78,60,79,72,60,67,56,72,52,69,59
89,109,86,100,117,92,84,84,96,73,88,104,80,70
87,79,74,30.14,58,48,47,83,78,74,71,58,45,47
79,69,71,75,54,64,52,71,66,71,70,45,63,44
3,14,-5,68.72,-4,0,16,0,0,0,0,0,0,0
56,50,43,43,,48,46,48,38,29,31,40,41,40
25,27,D,22,22,21,36,2,0,7,0,0,0,16
31,36,29,-9,25,22,25,6,14,4,4,0,0,0
-9,20,10,16,-3,-9,-6,0,0,0,0,0,0,0
62,77,75,72,64,69,69,52,78.67,68,58,57,61,59
8,23,44,30,59,72,74,0,5,25,19,46,61,55
81,99,84,115,102,83,113,73,94,78,110,97,76,102
64,64,69,65,80,79,77,56,58,I,54,67,70,57.69
16,22,45,51,50,54,61,2,11,34,41,34,40,43
82,80,68,75,50,53,49,82,79,61,73,46,51.27,42
20,35,34,142,31,30,27,0,7,14,1,11,5,2
90,81,62,74,52,49,58,83,81,56,66,45,42,54
78,65,72,70,79,80,76,69,57,65,64,71,71,68
77,79,79,66,63,58,42,Y,74,74,57,54,52,42
-4,V,16,14,-2,-3,11,0,0,0,0,0,0,0
3,34,23,45,46,63,78,0,17,10,27,28,49,66
36,39,22,24,39,34,33,16,19,0,0,19,15,10
90,30.97,95,113,113,91,114,81,95,,106,101,80,104
76,0,68,77,62,76,66,64,60,58,63,53,64,55
88,71,61,57,68,61,58,85,67.99,56,51,66,53,50
39,28,36,26,35,32,37,18,3,18,1,15,6,12
52.78,89,99,99,113,87,104,96,81,85,88,101,76,99
75,83,61,75,63,45,58,69,74,55,68,60,44,49
39,28,34,27,,31,38,17,5,12,10,7,6,11
81,82,101,98,98,104,108,72,73,94,92,86,91,101
13,16,10,-2,-2,-8,19,0,0,0,84.59,0,0,0
52,54,,2.84,49,55,,47,47,,34,35,43,30
-6,12,7,-8,9,19,-1,0,0,0,0,0,3,0
43,43,51,43,56,52,22.94,,31,38,33,49,39,34
8,-2,45,40,45,68,70,0,10,29,26,26,55,58
-7,14,-3,19,-3,13,-3,0,0,0,0,0,,0
5,28,39,,57,59,74,0,17,20,24,46,40,61
75,65,77,,70,62,63,68,54,63,61,60,55,51
85,76,75,55,63,59,44,82,70,74,51,61,53,36
90,76,61,62,68,50,52,86,67,54,54,66,48,48
7,11,3,12,12,4,-7,0,0,0,0,0,0,0
90,89,87,109,111,24.86,86,78,83,Y,100,103,111,78
117,84,112,106,104,87,82,106,74,99,99,93,73,77
89,84,67,62,70,61,55,83,78,67,60,69,54,52
105,113,80,115,85,105,103,98,,68,102,79,97,96
-9,5,8,10,15,12,9,0,0,0,0,0,0,0
51,45,41,42,47,57,48,42,32,32,29,36,49,36
77,79,70,64,66,72,61,70,74,59,54,A,62,56
97,84,99,82,118,89,D,91,73,93,76,104,80,104
29,35,34,38,22,32,40,2,14,17,S,4,8,17
27,25,28,21,27,20,24,0,2,2,0,4,1,0
71,65,60,71,67,47,46,65,61,58,68,65,46,43
112,109,103,95,84,111,90,103,95,95,81,79,100,85
111,,102,93,118,6.43,118,98,93,93,81,110,96,104
72,63,71,75,76,65,61,61,50,65,66,70,51,50
60,58,53,43,46,59,44,53,47,41,37,38,50,32
8,,29,42,42,62,82,0,19,14,26,31,43,72
5,26,41,42,42,64,64,0,15,27,24,29,54,52
82,109,113,115,100,83,96,77,95,103,110,91,77,85
112,102,99,90,102,114,106,107,92,94,78,89,108,98
8,-3,15,17,-2,-4,1,0,0,0,0,0,0,0
90,80,77,57,52,49,40,86,80,70,50,43,49,38
66,66,79,77,76,64,63,54,61,73,66,66,59,57
44,54,59,55,56,60,47,37,44,53,41,45,55,35
63,62,70,77,66,80,62,49,52,59,64,60,75,50
83,69,74,63,62,48,44,83,63,72,61,53,42,44
75,74,69,64,55,57,45,70,71,60,63,52,55,41
3,14.05,-7,10,16,19,19,0,0,0,0,0,3,3
60,76,79,73,64,77,75,46,65,65,65,57,68,62
65,144,63,69,71,60,77,53,68,51,59,61,49,69
67,73,72,68,74,65,78,56.62,61,62,56,69,59,71
102,107,92,96,112,99,109,94,101,87,91,103,89,101
-2,111,119,82,83,111,108,107,104,105,69,76,97,100
67,77,61,72,63,66,62,53,64.02,48,64,49,60,53
42,49,54,58,50,55,56,33,37,43,44,36,50,44
75,66,67,63,62,75,70,67,60,59,58,51,,61
77,75,71,55,69,51,45,76,71,71,51,64,43,45
18,14,33,41,40,50,78,7,0,21,29,28,37,62
73,68,72,63,76,62,65,59,58,63,56,66,57,51
88,32.69,74,63,55,50,53,81,80,69,61,51,49,49
16,1,13,16,-7,14,-3,0,0,0,0,0,0,0
66,131,80,67,69,78,79,52,55,70,56,57,64,73
7,3,6,-10,-6,19,50.24,0,0,0,0,0,0,0
0,11,24,39,54,55,79,0,0,9,26,36,39,66
58,41,54,40,53,48,48,48,29,49,31,47,43,42
77,76,67,70,80,135,72,65,68,56,60,,48,62
60,59,41,42,60,42,53,49,53,29,34,54,28,47
88,78,62,74,N,47,49,79,69,54,67,61,47,43
0,-2,1,6,-1,3,2,0,0,0,0,W,0,0
73,66,76,,68,65,52,66,61,74,70,63,56,49
43,42,54,54,-8,53,,30,31,45,40,51,42,40
3,29,43,53,49,,63,0,10,33,34,34,38,51
81,96,90,95,92,95,111,69,20.87,81,86,83,86,103
84,107,117,115,83,115,119,74,101,105,109,72,103,106
E,33,26,35,61,50,68,13,18,10,17,51,37,56
24,21,26,37,41,55,85,10,8,12,20,26,36,69
114,84,92,80,110,118,105,100,71,87,71,102,104,92
100,88,96,82,80,80,98,88,83,91,69,74,74,91
20,18,44,41,54,51,60,8,2,25,22,42,,46
57,60,42,58,52,56,42,44,49,29,48,44,45,35
112,110,108,97,99,117,99,103,102,100,87,87,106,90
51,57,57,41,53,41,54,38,45,47,28,39,29,40
6,2,10,-5,-9,2,-3,0,0,0,0,0,0,0
11,32,33,12.51,46,65,85,0,15,16,28,T,49,74
96,96,116,115,90,98,85,,83,108,,78,85,77
37,26,20,20,22,37,38,22,2,0,0,0,19,19
28,39,35,35,34,,32,0,11,14,13,13,4,5
62,73,77,70,64,66,66,53,66,64,62,36.85,56,55
20,33,33,27,25,31,20,2,15,18,11,10,6,0
80,65,60,72,50,57,45,72,61,51,65,43,51,40
8,141,37,33,45,74,65,0,7,23,20,35,63,50
89,86,90,91,114,89,103,78,73,85,85,105,84,94
57,40,46,45,50,41,44,43,26,32,36,39,30,30
17,18,28,42,54,59,62,6,6,16,26,M,44,50
14,-6,5,-6,11,4,16,0,0,0,0,0,0,0
86,85,68,55,62,50,40,81,85,59,54,61,45,34
74,75,75,61,62,47,57,70,71,67,58,56,40,53
20,32,38,28,37,39,22,0,3,18,3,20,11,7
2,18,36,34,46,66,84,0,6,18,22,29,55,70
47,49,42,42,50,46,50,35,41,30,36,37,39,39
64,77,79,70,64,66,80,55,68,66,57,58,52,70
2,14,43,49,43,63,I,0,0,28,39,27,45,51
40,45,51,52,50,60,53,35,37,38,42,44,49,46
99,100,115,100,94,100,101,87,89,104,88,87,86,88
87,86,81,90,80,80,83,81,80,75,83,72,73,72
71,72,80,70,0,56,46,66,67,76,64,55,54,38
70,71,69,78,75,65,68,57,60,58,70,67,54,54
87,77,78,70,57,63,48,84,74,71,63,49,61,40
37,38,29,28,26,35,33,12,13,9,3,1,11,14
2,13,25,36,50,71,61,0,0,7,24,31,52,47
76,71,73,72,52,46,46,70,65,73,67,47,41,41
119,86,120,100,87,95,84,110,I,106,92,79,88,74
19,-10,9,13,7,-8,-5,3,0,0,0,0,0,0
7,26,29,37,62,58,74,0,9,18,25,46,46,63
,58,60,58,,50,46,43,53,50,47,32,41,36
14,27,27,32,49,68,80,0,15,15,16,36,52,65
55,44,55,45,52,58,45,45,31,44,38,39,45,33
31,20,21,39,K,33,32,3,4,0,24,13,5,5
7,24,20,30,62,73,83,0,10,9,14,52,59,71
18,12,42,54,55,75,60,0,0,27,40,39,21.91,48
73,73,76,79,62,54.95,68,59,65,71,O,49,67,60
53,60,41,58,42,43,49,41,49,32,44,32,34,39
117,90,80,84,94,102,106,105,78,75,73,84,97,94
82,109,103,89,87,-10,93,72,99,92,76,77,82,83
78,79,60,63,66,55,48,75,73,60,61,63,55,45
77,77,,64,51,58,40,71,77,66,55,44,51,35
-8,1,-1,17,9,-2,3,0,0,0,0,0,0,0
75,63,64,64,71,67,70,64,51,57,54,58,55,56
-7,6,2,2,8,20,15,0,0,0,0,0,4,0
93,90,85,100,97,,86,79,77,79,89,87,81,78
5,29,31,33,23.83,62,85,0,12,14,20,31,48,75
29,37,28,27,21,36,24,14,19,0,4,5,12,0
43,53,58,47,45,44,45,33,45,46,36,38,36,39
29,31,29,32,24,29,32,11,14,0,3,4,1,17
-2,3,15,12,69.83,7,-7,0,T,0,0,0,0,0
48,,51,57,57,40,41,36,44,44,43,47,29,27
-4,5,H,-1,-2,-1,4,0,0,0,0,0,0,0
86,74,75,70,59,63,49,80,66,73,62,53,62,47
8,-7,14,15,5,19,10,0,0,0,0,0,1,0
104,92,102,88,86,111,99,93,87,88,77,74,98,92
83,69,76,63,56,51,50,80,,68,56,47,47,42
62,78,76,65,73,79,61,52,72,66,51,61,72,50
84,100,105,114,80,93,111,78,86,96,107,73,86,101
53,42,51,44,U,57,49,47,30,43,37,43,G,36
21,38,39,24,37,31,24,1,23,18,0,12,9,0
83,88,120,98,87,106,97,70,75,114,92,81,101,91
119,115,119,80,80,84,104,112,110,108,71,68,79,92
58,60,52,56,50,59,50,44,49,38,43,45,50,44
,80,92,90,89,,101,88,68,87,76,81,76,87
110,103,111,112,80,91,84,100,89,98,104,72,84,72
10,24,23,49,48,61,66,0,9,7,30,31,43,47
78,60,65,T,80,80,70,65,46,79.52,68,71,74,60
79,69,77,65,71,71,73,71,62,72,56,59,58,59
78,81,71,58,66,63,60,72,75,66,49,65,62,55
55,50,58,40,60,44,47,43,40,45,30,55,38,38
100,95,113,84,89,113,102,88,85,103,75.17,81,105,96
80,85,76,70,69,56,42,73,84,68,63,63,49,41
75,69,63,73,75,78,70,69,56,52,63,70,69,61
0,15,40,54,63,69,71,0,0,24,44,52,56,56
-8,-7,9,-4,4,16,-5,0,0,0,0,0,0,0
72,85,76,60,55,57,53,67,78,71,51,48,50,44
20,27,31,34,27,36,31,0,7,12,15,9,12,10
83,85,60,59,65,50,58,82,83,60,53,61,42,49
31,33,28,38,30,30,32,15,11,12,11,10,3,3
83,78,63,67,52,56,47,79,74,61,64,43,49,38
71,70,70,73,79,73,80,64,65,64,65,72,63,66
20.27,107,106,86,87,87,S,84,93,94,80,81,74,105
96,105,,112,97,104,98,88,96,72,107,92,94,93
-7,6,1,-9,19,-3,20,0,0,0,0,0,0,0
77,75,68,58,60,65,47,73,75,67,49,B,62,46
49,47,45,43,44,47,53,39,40,40,34,36,38,42
22,28,29,23,36,26,28,5,12,7,0,8,3,0
2,3,-10,-3,4,-2,15,0,0,0,0,0,0,0
93,112,96,107,99,80,87,82,107,87,101,88,67,74
49,41,43,55,50,47,43,41,27,34,42,44,41,32
119,119,112,83,108,96,120,110,113,104,78,97,87,113
76,83,69,55,67,58,42,75,77,62,54,60,53,34
69,75,,76,76,69,L,64,66,56,64,65,60,62
88,76,65,68,55,62,48,85,73,60,65,53,53,39
17,-8,-9,148,-9,-1,-3,0,0,0,0,0,0,0
95,92,111,98,90,132,119,82,86,99,84,80,100,105
57,43,43,40,52,56,40,51,38,37,34,44,49,
-6,19,-2,19,-4,-9,-5,0,0,0,0,0,0,0
63,69,72,68,71,68,77,54,56,63,57,57,62,67
54,46,54,58,54,51,59,45,40,42,45,40,45,53
66,78,75,68,68,64,60,57,71,68,62,62,55,46
-9,-7,5,-7,8,-4,2,0,0,0,0,0,0,0
89,72,79,71,66,52,47,83,72,71,67,61,47,43
9,23,29,49,64,56,60,0,9,17,,54,38,46
119,100,85,112,91,103,103,108,93,78,105,82,98,89
10,,22,37,52,57,66,0,20,8,23,36,43,48
24.42,18,41,34,,51,67,0,6,24,23,24,39,49
66,74,78,75,78,65,77,57,64,70,68,67,57,64
57,58,53,54,46,45,60,49,48,43,48,35,40,48
97,114,112,109,84,87,86,90,105,99,96,71,78,74
9,17,45,55,55,70,72,0,0,34,42,45,51,61
20,31,,B,23,25,37,2,16,1,21,3,10,12
77,85,77,71,53,55,44,69,82,76,68,49,55,35
18,-2,13,17,-1,-3,8,0,0,0,0,0,0,0
64,79,71,70,66,75,70,53,,61,60,60,62,61
37,21,21,40,22,23,34,15,0,0,13,4,1,19
65,64,77,63,76,60,70,51,52,71,55,67,52,61
74,64,71,69,75,67,79,69,52,65,64,68,60,69
75,61,65,67,62,63,80,66,47,51,56,52,49,73
87,77,76,70,57,60,50,82,70,73,69,57,55,50
15,-7,5,5,-10,1,20,0,0,0,0,0,0,0
55,43,51,41,45,49,47,43,37,39,29,35,38,38
22,31,24,26,35,25,31,0,7,8,1,12,2,14
16,8,17,4,-2,20,14,1,0,0,0,0,0,0
64,75,77,75,62,62,77,54,65,70,61,53,50,67
77,69,73,73,79,76,72,69,60,65,64,70,64,59
,7,M,-9,12,1,12,0,0,0,0,0,0,0
24,27,21,36,36,34,40,6,10,0,12,19,14,16
89,102,114,84,119,85,89,82,89,107,75,113,80,76
21,27,27,24,40,29,35,0,9,9,K,24,6,12
32,22,20,35,29,23,35,13,5,3,18,13,6,10
60,47,51,55,53,46.86,40,52,39,40,47,39,37,33
72,73,70,60,73,67,74,62,59,56,54,63,61,61
2,22,41,49,K,66,85,0,7,23,38,41,55,69
74,69,78,70,55,59,59,67,61,72,64,49,58,58
-9,16,18,4,8,19,3,0,1,0,0,0,0,0
81,72,67,59,60,53,60,81,71,60,56,58,49,F
61,75,73,76,74,62,63,51,61,63,67,67,57,50
60,62,61,63,79,74,66,50,56,47,58,74,67,55
105,101,97,103,80,113,111,91,87,85,93,74,105,104
6,29,42,48,43,67,62,0,16,25,31,33,48,48
-5,-9,19,3,10,-3,16,0,0,0,0,0,0,0
2,23,41,33,57,68,70,0,13,29,41.47,44,50,52
2,25,20,37,48,51,67,,7,9,22,36,41,
71,75,64,57,57,51,46,69,74,60,54,48,50,40
84.59,37,21,35,22,23,27,24,13,0,6,0,1,8
26,21,30,31,27,39,25,1,1,1,12,8,13,2
80,104,90,95,95,110,103,,97,80,84,86,96,92
7,8,6,5,,18,3,0,0,,0,0,0,0
20,8,-4,11,16,11,-3,0,0,0,0,0,0,0
3,-9,4,17,2,5,14,0,0,0,0,0,0,0
73,65,73,67,55,58,44,71,61,71,60,52,53,44
48,53,46,42,50,52,45,36,46,32,32,39,42,38
80,85,109,92,80,111,83,66,73,99,78,68,104,74
73,77,79,79,68,66,77,63,64,69,67,57,52,70
34,29,31,24,37,28,21,12,13,16,0,19,2,0
-10,9,6,-8,5,-10,0,0,0,0,0,0,0,0
10,6,11,13,2,-3,0,0,0,0,0,0,0,0
32,24,29,29,23,27,31,14,0,8,14,0,8,13
105,96,81,90,88,101,119,94,88,68,81,78,95,106
-7,9,3,9,15,-7,-1,0,0,0,0,0,0,0
20,11,15,3,1,16,19,0,0,0,0,0,0,0
10,9,-10,7,15,128,-4,0,0,0,0,0,0,0
72,79,65,79,67,69,78,59,68,56,74,53,59,64
6,12,7,0,11,-10,-2,0,0,0,0,0,0,0
20,29,35,28,39,28,24,0,12,7,9,18,2,0
35,27,40,38,28,33,34,17,0,20,21,9,15,7
43,43,48,55,42,44,57,34,36,42,45,29,37,51
90,99,95,103,110,91,98,77,91,86,93,98,86,88
7,13,-2,8,14,-5,-2,,0,0,0,0,0,0
71,78,65,68,54,55,45,71,74,62,62,46,55,37
80,,72,69,65,80,74,70,67,65,61,59,69,63
32,35,34,31,32,29,36,8,11,12,6,3,6,19
55,41,-2,59,Q,41,41,50,36,53,49,31,28,27
52,53,47,54,50,54,42,47,47,40,48,36,45,32
18,15,18,-10,10,13,6,1,0,0,0,0,0,0
76,70,61,69,-6,65,79,66,62,54,61,65,54,72
65.08,64,68,60,78,61,74,66,50,62,54,70,52,63
110,105,114,89,86,102,119,100,99,107,75,77,88,114
33,21,20,22,39,28,26,12,0,2,1,14,3,6
40,35,23,30,29,,23,13,9,8,2,10,4,3
75,75,60,61,68,64,45,73,72,55,53,60,58,37
26,20,27,33,27,26,36,6,3,4,13,4,8,20
75,64,77,74,79,72,77,65,50,69,69,67,66,67
119,120,89,97,119,83,92,105,108,75,88,109,70,81
34,22,34,37,37,29,23,9,1,16,,8,7,0
Z,-7,32,44,61,50,74,0,10,19,28,49,40,64
87,78,73,61,64,58,49,79,72,64,55,63,50,42
5,33,26,37,53,,65,0,22,16,25,35,,55
90,81,70,61,53,46,48,89,75,61,55,44,38,48
17,3,-9,-7,-2,8,16,0,0,0,0,0,0,0
21,36,25,28,22,30,30,2,13,0,6,0,9,13
80,75,62,75,57,47,55,79,74,55,66,48,41,47
113,120,104,83,93,119,105,106,106,93,73,88,113,96
4,9,-1,2,19,14,18,0,0,0,0,0,0,0
96,101,94,102,113,106,94,90,93,81,88,102,95,82
87,69,66,65,53,58,41,78,69,59,63,49,50,37
42,56,46,50,43,50,60,32,49,36,41,30,37,48
120,107,81,113,91,100,81,106,100,72,104,77,87,73
75,77,62,65,69,65,41,70,75,58,56,67,64,36
22,25,39,29,58.18,24,31,5,0,19,7,23,0,8
1,31,39,40,41,65,74,0,21,20,23,23,48,56
16,32,41,34,49,60,66,0,22,25,21,39,43,47
87,117,86,106,94,99,117,82,106,75,95,86,87,108
56,52,48,40,52,58,44,47,46,43,35,47,53,35
24,30,30,22,30,C,20,7,9,7,0,5,12,0
4,-9,-3,-4,17,11,11,0,0,0,0,0,0,0
67,80,64,73,-5,63,72,55,69,59,64,65,52,59
83,72,78,55,58,60,57,79,64,72,46,58,60,54
44,44,44,59,55,51,58,32,39,31,50,45,40,45
4,11,35,34,60,69,79,0,0,17,18,50,55,64
28,25,-1,36,38,32,21,0,7,5,19,12,17,5
50,59,51,40,,60,51,40,46,45,33,34,51,39
37,24,38,38,26,25,20,62.17,0,15,11,3,0,0
39,22,34,26,34,32,13.99,20,2,43.14,4,16,7,11
30,26,37,25,40,35,25,11,1,8,1,15,7,
23,28,21,28,31,20,31,8,6,0,43.95,13,0,6
48,47,44,49,46,60,52,43,39,36,39,36,48,41
91,107,92,94,-8,86,88,80,99,78,88,85,73,78
18,50.72,0,36,58,51,69,7,21,13,19,40,38,52
18,31,28,50,43,58,64,1,14,15,39,,41,49
81,77,70,B,64,60,44,78,73,68,56.6,56,52,37
117,120,101,99,118,108,111,105,106,96,86,106,97,98
82,110,103,96,106,94,119,77,100,,83,93,83,106
43,42,40,45,55,58,44,34,34,29,37,43,50,34
2,34,34,32,47,59,66,0,22,15,17,35,43,53
93,115,110,102,81,32.38,107,87,110,102,95,73,82,93
7,30,35,31,51,63,71,0,19,22,20,40,45,61
77,75,77,71,Y,50,43,74,68,69,65,69,43,42
13,-9,-10,-7,1,11,16,0,0,0,0,0,0,0
10,20,44,35,42,62,60,0,5,25,20,26,50,45
83,68,77,67,53,52,50,76,59,71,67,45,50,45
50,41,58,45,58,58,42,41,30,50,37,49,52,29
60,78,78,67,Z,74,77,J,64,67,60,48,62,72
36,24,35,40,31,30,35,8,0,13,19,12,15,18
8,2,2,16,0,-2,-2,0,0,0,0,0,0,0
21,30,21,24,28,25,,5,10,0,6,8,0,C
14,12,-4,-4,10,2,20,0,0,0,0,0,0,3
10,28,35,-8,41,65,64,0,12,19,31,29,49,51
47,51,55,54,47,42,55,41,38,45,45,37,35,48
49,57,55,41,48,50,47,39,52,41,36,43,39,42
102,109,116,109,118,116,96,88,101,104,104,105,104,91
114,96,83,91,110,100,91,100,90,69,79,103,89,77
-3,48,59,49,43,59,43,55,34,51,39,32,52,29
46,48,59,57,42,46,46,34,39,53,51,33,41,36
11,31,36,44,65,63,85,0,19,22,28,55,46,67
3,17,4,0,15,17,5,0,1,0,0,0,0,0
11,13,16,4,-7,4,7,0,0,0,0,0,0,0
43,58,42,42,40,45,60,38,45,31,30,31,40,50
7,24,41,48,55,58,81,0,12,23,34,44,43,63
116,119,107,102,91,113,100,107,108,101,97,85,,86
12,3,17,9,-1,-3,-7,0,0,1,0,0,0,0
3,5,18,3,13,13,-9,0,0,0,0,0,0,0
74,60,,63,79,S,77,64,53,53,51,66,61,70
73,63,71,80,73,72,74,60,50,60,73,67,58,65
84,77,62,67,67,58,47,79,69,60,59,59,58,46
27,139,36,33,22,35,30,2,3,11,8,0,15,2
55,46,41,58,55,47,49,48,38,31,46,50,34,36
I,3,11,63.03,16,-6,-4,0,0,0,H,0,0,0
24,146,28,30,35,31,29,0,14,12,15,6,4,6
20,19,-10,-8,9,-1,15,0,3,0,0,0,0,0
54,60,60,50,40,49,46,44,49,51,45,30,39,33
55,44,56,47,47,48,54,50,30,42,36,35,41,
5,-2,41,34,54,69,68,0,0,26,22,43,59,55
12,9,-10,10,-1,17,-7,0,0,0,0,0,0,0
86,-10,73,60,63,47,55,77,62,66,59,61,40,51
117,84,87,111,87,96,101,104,75,77,103,82,82,94
-6,-6,11,0,19,2,11,0,0,0,0,0,0,0
72,76,68,70,60,66,78,64,69,59,58,54,52,68
35,20,27,39,28,30,32,A,2,2,16,27.45,10,10
8,-9,26,54,41,56,66,0,7,7,36,25,40,51
0,19,-3,20,-3,13,-8,0,2,0,0,0,0,0
51,43,46,49,49,43,54,41,35,34,42,42,36,43
-10,15,17,5,1,16,17,0,0,0,0,0,0,0
13,20,10,5,-1,-10,14,0,0,0,0,0,0,0
73,75,62,62,62,62,69,67,69,49,56,52,49,58
-8,1,18,15,1,18,6,0,0,0,0,0,0,0
118,115,-7,96,118,80,85,108,101,74,89,106,70,73
79,76,66,65,67,45,58,75,75,63,63,60,45,49
45,45,51,,42,44,59,34,31,43,36,35,35,47
-9,20,19,16,18,-1,-2,0,4,0,0,0,0,0
21,32,25,42,44,50,R,4,20,14,23,32,34,53
72,78,66,74,62,64,52,72,72,57,65,60,55,50
76,67,72,64,73,63,67,65,55,66,53,60,54,60
16,15,26,38,44,65,77,4,0,9,19,34,46,63
10,17,42,40,52,54,70,52.01,6,26,23,38,42,55
12,11,20,12,15,-1,20,0,0,3,0,0,0,0
-3,10,5,-10,-8,-7,4,0,0,0,0,0,0,0
56,55,49,44,60.68,44,60,47,42,44,36,30,34,51
25,143,40,29,27,23,23,1,0,17,10,0,0,2
64,73,67,70,63,67,69,52,59,56,57,57,61,61
3,3,15,3,-10,-3,6,0,0,,0,0,0,0
-5,18,19,3,10,-10,-9,0,0,4,0,0,0,0
-7,-5,4,20,17,1,13,0,0,0,0,0,0,0
13,14,-7,-10,-9,8,3,0,0,0,0,0,0,0
77,73,76,69,64,53,46,68,65,73,61,63,52,38
11,-7,-5,11,18,,10,0,0,0,0,0,0,0
5,30,22,42,56,55,85,0,13,3,26,39,41,67
13,26,31,44,51,50,67,1,12,14,33,36,37,57
40,47,60,60,,40,40,27,37,46,53,49,30,32
41,46,53,54,41,46,42,29,40,39,43,29,33,35
80,82,62,68,50,54,50,75,T,57,59,44,45,42
-5,1,8,1,12,-7,-6,0,0,0,0,0,0,0
9,6,-8,-2,-7,-2,10,0,0,0,0,0,0,0
0,28,41,30,59,58,74,0,17,30,20,46,41,64
120,87,104,120,95,111,94,108,82,97,110,87,98,89
32,21,26,26,24,35,31,13,0,1,2,0,7,11
19,29,43,41,50,75,G,1,15,,25,37,59,54
61,79,72,62,63,68,75,56,70,58,53,55,57,70
11,33,23,34,61,63,85,1,21,9,23,42,48,67
1,20,5,18,15,19,-10,0,3,0,0,0,0,0
90,79,62,62,58,51,55,87,74,56,53,51,51,53
-10,76,67,71,69,62,74,55,68,53,61,57,49,64
5,10,10,-8,-8,19,-5,0,0,0,0,0,0,0
63,32.37,65,67,65,64,63,53,63,57,61,60,55,55
G,4,13,6,138,-4,8,0,0,0,0,0,0,0
0,34,40,44,49,75,64,0,23,23,34,30,62,47
8,-4,-7,17,17,-8,K,0,0,0,0,0,0,0
,104,118,104,101,80,109,78,96,109,94,93,70,100
42,46,42,44,50,48,60,36,34,35,35,41,34,48
53,42,50,51,48,44,41,45,36,39,45,35.43,39,29
21,39,24,31,35,26,37,4,,0,11,8,8,18
20,21,32,21,28,24,37,5,5,11,0,2,0,10
35,38,34,23,36,35,-3,16,11,6,0,10,13,0
7,26,36,36,65,72,70,0,13,25,26,55,54,60
73,68,74,71,65,61,42,71,65,68,63,63,56,S
58,42,50,25.1,46,54,50,53,37,42,32,41,41,45
83,65,60,56,142,55,49,82,61,57,55,55,55,41
14,6,13,-10,8,-10,15,0,0,0,0,0,0,0
54,56,54,44,46,54,56,46,42,,36,41,49,46
76,65,61,62,68,54,57,71,58,59,57,68,50,56
77,67,63,78,69,65,65,63,62,49,73,58,52,51
73,83,74,60,66,62,49,66,82,66,55,61,60,44
119,95,81,86,87,87,97,112,90,76,74,80,73,86
40,40,27,29,33,30,20,14,13,6,11,6,3,2
55,60,53,42,50,48,43,47,47,39,31,42,40,36
0.92,43,42,45,45,44,47,31,36,30,32,33,37,40
2,26,38,46,60,58,85,0,16,21,27,46,40,74
19,12,42,33,57,68,75,7,0,28,19,45,55,60
89,77,60,68,12.19,55,60,88,70,60,66,51,47,55
81,66,67,60,58,58,57,76,58,59,56,55,55,52
89,76,60,73,62,63,52,83,75,56,69,56,62,52
86,65,41.11,67,56,64,51,85,57,55,66,53,58,46
40,23,22,W,21,36,35,22.92,0,0,17,6,10,17
58,44,59,26.51,57,57,-3,47,33,47,44,50,52,35
44,47,41,121,42,50,43,32,41,34,32,37,45,29
73,78,64,57,59,57,45,68,70,60,56,54,50,37
-6,77,68,60,68,62,54,84,73,68,56,67,17.99,52
-8,14,13,8,5,14,4,0,0,0,0,0,0,0
20,,0,13,6,16,8,0,0,0,0,0,0,0
66,64,67,60,78,68,69,57,50,60,49,65,58,60
38,21,34,39,23,38,23,13,0,7,89.63,0,19,7
31,21,30,36,20,38,22,10,0,6,16,0,20,0
3,32,33,55,60,54,64,0,20,21,43,Z,43,50
71,73,79,63,80,67,69,64,62,70,50,74,54,60
85,84,72,71,54,65,40,85,79,69,70,49,63,37
-8,H,-5,10,6,0,19,0,0,0,0,16.59,0,3
85,84,83,100,84,98,86,74,74,76,87,75,86,74
111,90,115,107,105,118,88,101,81,109,99,92,108,80
16,4,19,2,17,4,6,0,0,0,0,0,0,0
62,69,77,74,71,80,74,55,61,63,65,64,68,67
12,2,-10,15,20,-8,13,0,0,0,0,0,0,0
37,39,39,28,20,33,29,22,10,15,0,5,12,6
28,30,26,29,-8,30,38,3,5,1,4,8,5,13
78,78,69,72,79,70,78,66,67,62,59,66,65,65
55,41,48,43,59,45,49,49,36,38,32,48,34,42
6,13,42,45,58,72,75,0,1,23,34,,62,62
1,-5,120,6,16,6,-4,0,0,0,0,0,0,0
25,79.06,38,25,38,28,21,0,21,16,4,13,0,0
5,12,-3,11,8,14,-3,0,0,0,0,0,0,0
23,10,28,142,65,50,79,7,0,13,,53,37,63
76,77,70,66,53,47,57,70,76,63,58,47,40,53
,95,93,B,96,110,106,104,90,85,101,87,96,101
-7,17,12,-9,17,-3,-7,0,0,0,0,0,0,0
55,58,49,58,47,53,51,48,49,35,47,41,44,39
80,65,75,68,54,46,58,74,59,68,61,51,37,49
86,83,62,58,50,61,44,85,81,57,54,48,58,36
37,34,38,31,-8,21,33,12,9,11,4,8,4,13
27,23,38,39,33,37,32,1,3,17,15,13,12,3
71,82,65,59,61,50,45,65,75,60,54,54,49,41
73,70,74,,64,61,42,69,64,74,61,61,58,41
29,23,29,21,21,36,30,7,0,4,3,0,15,9
7,17,20,44,120,58,70,0,4,7,31,30,40,57
83,73,77,75,50,48,56,74,68,70,68,50,45,55
36,30,39,35,0,23,32,13,11,24,13,7,0,5
56,58,43,45,46,42,59,43,53,29,38,41,35,45
8,7,-10,-5,9,6,6,0,0,0,Q,0,0,0
70,-9,73,69,53,61,42,65,76,73,64,48,58,38
14,-3,-10,1,14,16,0,0,N,0,0,0,0,0
-8,-10,-3,4,-9,10,11,0,0,0,0,0,0,0
60,60,72,65,-7,75,W,55,49,66,56,52,64,69
-7,43,46,50,52,54,52,40,29,40,43,38,45,44
79,66,76,64,57,47,53,76,57,76,64,52,38,53
87,83,69,75,50,55,139,82,83,61,75,49,52,53
70,84,64,75,58,52,60,64,83,57,67,56,48,56
84,76,80,57,58,46,60,77,71,74,49,51,39,56
51,53,57,45,40,40,52,37,40,43,37,30,30,40
74,66,74,74,68,71,66,60,61,61,60,56,65,55
76,63,66,75,61,68,76,68,56,53,67,56,61,67
C,24,36,35,61,62,66,2,13,26,22,44,45,
15,10,16,-7,-5,11,8,0,0,0,0,0,0,0
76,66,-8,71,68,51,52,71,61,70,67,60,45,46
20,17,41,45,51,64,81,4,0,30,32,37,53,64
55,45,40,55,54,56,48,42,39,30,41,46,42,36
78,65,76,60,62,,76,73,60,66,48,52,65,66
2,21,25,46,53,50,70,0,11,14,29,40,39,55
58,54,53,58,50,45,41,53,44,47,48,43,31,29
69,67,78,75,60,75,63,62,62,69,66,55,64,55
-3,17,-10,83.81,3,-5,-6,0,0,0,0,0,0,0
4,22,25,37,64,55,80,0,12,15,20,50,38,70
77,73,71,68,98.75,61,78,68,59,60,62,68,48,67
102,89,105,80,107,113,97,,79,43.09,70,100,103,90
74,69,71,55,60,51,55,71,67,65,53,58,44,52
56,41,53,56,46,49,43,50,27,39,51,40,41,35
-1,-1,-7,-6,-6,3,0,10.76,E,0,0,0,0,0
83,117,87,94,86,109,108,75,105,81,84,80,102,96
59,40,48,52,40,45,52,54,32,34,43,34,40,43
24,30,26,,35,23,20,0,5,1,10,19,6,0
6,11,K,30,60,55,69,0,0,29,14,46,39,52
79,69,76,80,60,74,66,67,59,63,75,50,63,
110,104,97,80,116,97,116,98,95,91,74,105,84,105
49,58,57,59,57,58,55,42,46,47,48,52,46,46
5,23,26,47,53,-10,60,0,11,11,30,43,41,50
12,16,-5,9,7,-10,-10,0,0,0,0,0,0,0
33,38,38,23,32,40,26,12,19,17,6,85.29,13,0
29,25,30,32,31,28,34,13,10,14,3,10,13,5
92,108,107,85,109,105,97,19.94,95,100,77,99,92,86
33,20,29,40,39,33,22,8,0,8,16,23,17,0
120,,95,97,102,83,109,115,83,82,83,91,77,95
5,10,-3,41,57,56,80,0,0,3,24,43,38,62
54,59,50,53,44,40,40,41,46,43,40,38,28,26
66,67,70,61,61,61,67,57,58,57,48,47,52,61
54,48,40,59,50,43,55,45,40,35,45,43,34,42
47,53,58,55,49,48,49,38,45,44,48,40,27.39,43
71,74,65,72,59,-1,57,64,70,57,70,52,53,54
78,77,64,64,68,60,60,75,77,59,,63,60,55
-8,19,15,17,12,-5,-8,0,0,0,0,0,0,0
81,116,102,111,113,90,119,71,102,91,105,106,81,106
16,14,29,35,59,57,74,2,0,11,16,49,45,62
68,77,70,72,62,78,73,61,65,62,65,54,70,68
77,76,72,77,63,74,79,65,67,65,67,49,67,71
,31,22,34,24,34,32,0,13,0,15,0,10,7
15,26,22,35,59,67,80,1,9,9,21,40,51,62
82,65,65,68,53,61,42,82,61,56,68,47,58,36
72,62,79,62,61,80,75,62,54,73,57,47,74,62
5,-7,9,4,-5,19,7,0,0,0,0,0,4,0
1,33,44,38,65,50,64,0,14,29,20,54,31,53
1,-1,2,-4,20,15,-6,0,0,0,0,4,0,0
70,83,-10,62,50,64,44,68,82,68,58,42,58,42
40,32,35,20,39,38,29,17,10,9,0,16,17,13
0,29,43,38,47,53,81.9,0,14,28,27,31,35,43
27,32,38,24,28,32,26,0,16,19,2,13,11,0
82,72,68,56,59,53,50,81,69,63,53,51,48,46
84,72,74,75,60,55,51,81,64,68,66,56,49,49
37,37,32,W,20,31,25,12,15,13,4,4,14,4
-9,6,2,-5,12,12,-3,0,0,0,0,0,0,0
90,88,100,116,90,80,100,80,76,95,106,82,73,93
49,45,50,44,54,43,60,35,33,36,38,49,37,48
73,68,71,55,59,50,56,73,61,63,51,55,43,53
11,12,22,39,65,60,79,1,0,6,26,47,43,61
83,90,81,91,88,81,95,76,80,69,79,82,70,87
47,56,48,42,47,42,54,39,49,41,29,35,34,42
37,39,26,40,35,26,35,16,21,0,17,9,2,6
27,37,37,38,31,40,40,W,8,20,19,3,18,16
80,60,62,62,63,72,70,69,47,52,51,53,59,56
8,-9,-5,4,14,8,-5,0,0,0,0,0,0,0
21,35,37,33,36,39,35,0,8,8,6,18,22,13
52,8.35,41,45,47,45,123,40,26,35,36,35,34,32
16,33,36,51,50,65,77,6,19,22,37,38,50,64
71,64,68,78,77,71,75,62,50,62,65,67,61,70
18,27,25,32,48,70,82,8,13,6,18,32,54,66
85,70,76,62,59,65,50,77,63,71,60,56,63,
60,56,60,60,52,41,53,53,47,55,54,44,36,43
13,20,35,37,57,52,74,0,2,16,21,45,35,60
37,30,25,30,24,26,39,11,6,10,11,0,7,11
67,62,67,73,79,75,,60,48,,66,70,69,63
76,85,74,64,53,147,59,,79,74,60,46,48,54
105,119,105,87,111,94,118,97,111,97,73,101,87,111
87,107,107,115,93,119,109,82,95,100,102,84,112,96
-2,-8,3,14,1,20,4,0,0,0,0,0,0,0
87,113,92,95,106,111,82,73,108,80,90,95,98,74
-7,8,-3,16,10,15,11,0,0,0,0,0,0,0
99,105,88,91,99,92,107,86,95,83,86,88,82,94
U,2,16,12,19,13,15,0,0,0,0,0,0,0
77,70,,73,70,68,79,65,58,64,65,60,57,70
72,70,74,129,B,61,77,61,58,64,68,62,54,67
85,72,62,55,52,53,51,81,63,61,52,44,45,46
57,56,40,46,46,52,46,50,45,31,39,32,46,41
77,64,60,76,66,64,78,67,52,52,63,54,51,69
32,22,23,21,33,35,40,12,7,7,5,17,13,13
66,70,79,63,80,72,76,54,65,74,57,59.97,64,71
24,26,22,21,31,34,30,0,8,4,0,9,8,8
50,46,53,58,43,60,52,45,37,41,53,38,50,34.34
85,83,61,66,63.51,51,40,78,77,55,64,62,49,37
23,27,27,A,76.59,40,33,0,0,0,4,15,12,4
11,30,22,34,57,52,61,0,20,8,23,86.22,33,45
82,84,67,68,57,59,57,73,83,58,64,52,58,
21,21,23,23,37,35,38,2,1,0,3,18,11,18
22,40,28,39,28,36,29,0,14,1,18,3,11,6
27,26,35,23,26,23,38,4,10,9,3,5,0,18
30,31,36,32,37,38,31,2,10,9,13,10,21,4
78,73,73,70,54,54,50,75,65,68,70,48,45,43
2,28,37,Z,65,73,71,0,18,27,C,48,55,56
11,27,28,46,60,60,,0,13,14,29,41,49,48
22,27,40,37,25,36,28,0,10,15,21,4,21,3
69,67,77,62,74,61,62,57,53,70,50,64,53,50
70,79,79,76,79,69,76,61,66,68,64,74,59,68
3,-10,6,-9,-3,9,0,0,0,0,0,0,0,0
108,97,90,104,98,110,117,100,91,81,90,84,97,105
82,69,61,69,62,54,53,82,64,60,60,54,50,52
79,75,78,67,62,75,63,73,65,73,58,54,68,3.31
7,31,33,44,49,63,62,0,21,19,34,37,49,52
-7,-1,6,-7,18,-7,18,0,0,0,0,1,0,0
24,34,45,35,61,70,70,10,15,33,22,,55,60
13,29,34,43,56,63,70,0,19,22,29,44,53,53
51,56,55,47,42,54,47,46,47,48,41,34,43,37
67,67,74,73,73.39,76,71,62,61,65,66,50.65,69,64
55,45,58,51,59,54,53,41,40,49,37,51,49,39
119,106,94,46.0,82,116,89,109,99,81,94,77,110,80
12,13,-10,20,7,-5,18,0,0,0,0,0,0,0
10,20,32,35,54,63,84,0,4,,16,37,52,72
73,75,66,78,74,65,65,68,67,59,70,61,56,58
58,36.11,52,43,42,41,41,44,53,46,30,34,33,33
74,77,79,74,77,74,73,67,65,71,67,69,63,61
76,72,70,72,63,71,73,64,58,65,59,58,65,60
43,59,53,41,59,53,43,31,53,43,34,52,41,34
55,50,42,-4,53,56,55,42,39,31,34,48,51,50
6,24,29,42,62,58,85,0,8,10,32,49,41,69
74,75,68,75,67,61,43,69,66,68,74,63,B,34
112,119,94,83,103,101,80,107,106,86,76,90,96,69
35,22,37,33,28,27,39,16,0,18,10,1,1,13
7,0,7,-9,18,0,-7,0,0,0,0,0,0,0
45,49,52,40,55,59,40,36,41,44,28,48,45,33
16,28,21.68,35,53,73,68,0,12,24,21,42,63,53
12,-7,18,13,1,-5,-2,0,0,3,0,0,0,0
46,46,50,41,56,60,59,39,33,44,28,46,54,47
79,76,64,80,72,72,75,65,62,55,74,58,61,64
86,73,63,62,68,47,44,82,68,54,61,61,47,38
98,112,87,90,105,111,85,93,E,82,84,91,101,77
76,77,62,71,62,69,74,63,,49,60,55,57,63
141,85,96,109,91,109,104,114,74,88,99,78,95,99
36,22,40,24,22,29,24,7,7,20,7,0,14,1
85,71,76,70,54,57,,83,63,73,68,49,49,51
45,58,49,46,52,58,57,38,44,35,41,40,48,52
21,35,31,43,49,75,67,3,17,14,25,31,62,49
67,77,78,66,63,74,,55,71,65,54,55,68,58
70,85,73,56,70,64,59,65,85,72,48,67,56,55
76,63,70,78,67,76,76,69,55,56,72,55,69,70
12,11,28,52,43,57,61,1,0,14,35,25,44,47
72,63,67,63,64,72,65,67,50,59,54,53,59,57
34,24,28,38,24,,32,11,7,6,11,1,12,16
77,73,60,68,55,47,53,68,71,59,61,51,43,46
32,20,26,31,O,27,23,6,0,3,5,11,4,2
19,18,21,30,48,50,80,7,1,5,18,29,31,67
62,80,60,63.56,65,70,78,49,70,51,65,54,56,73
40,46,49,,56,54,53,30,40,37,36,46,47,41
-2,117,110,98,96,119,93,B,110,105,93,91,110,84
120,119,85,112,90,83,103,111,114,79,102,84,71,91
45,52,52,43,43,45,50,31,46,40,38,31,33,45
74,71,72,65,68,66,F,64,57,63,60,62,57,53
15,11,38,41,40,58,81,0,,23,28,29,48,63
76,75,72,63,69,66,70,C,67,D,55,55,52,57
30,28,34,23,40,33,34,2,2,12,0,15,16,7
16,19,43,-9,44,72,84,0,8,26,22,32,60,70
82,74,64,66,68,50,45,73,66,62,64,63,45,D
40,59,54,58,40,56,60,27,46,44,44,35,44,55
9,21,20,38,41,59,69,0,6,9,19,26,40,55
47,40,52,59,41,54,47,36,34,46,46,32,43,39
102,-10,U,87,103,120,92,89,81,99,78,92,106,80
68,78,60,73,74,76,73,63,67,52,66,62,62,
79,70,80,75,78,62,79,66,65,68,67,69,57,70
61,63,65,79,74,,78,53,55,59,65,66,61,65
65,68,80,66,75,80,79,51,61,69,53,65,75,74
107,112,107,104,101,102,115,100,103,94,95,95,95,110
70,78,76,64,74,71,65,56,66,69,57,60,66,57
38,25,,31,36,35,20,11,10,6,5,19,6,0
76,66,77,64,68,62,72,71,60,72,57,62,51,58
74,67,65,62,67,46,45,70,67,65,58,63,38,37
106,88,116,103,109,110,83,100,83,108,98,97,98,77
5,19,30,41,60,52,70,0,1,12,22,43,33,56
29.36,31,35,40,45,64,81,14,19,20,29,33,48,71
35,28,33,34,32,30,25,16,11,10,18,4,13,0
69,62,66,65,69,77,72,62,57,56,60,63,67,62
85,84,77,K,57,53,43,80,77,74,60,53,45,42
86,100,118,95,99,115,101,72,92,113,88,92,104,94
70,77,64,59,50,52,42,70,70,64,52,45,49,39
33,32,27,25,33,36,37,7,10,11,10,5,9,15
61,68,67,80,61,65,61,48,63,55,73,54,52,50
-2,-1,3,16,1,10,18,0,0,0,0,0,0,0
8,15,-2,11,-1,18,-6,0,0,0,0,0,2,0
34,20,26,25,40,40,22,18,0,0,2,15,21,1
-2,-1,15,-4,8,15,11,0,0,0,0,0,0,0
49,55,40,44,54,44,59,44,50,33,37,43,39,50
16,22,32,51,48,67,-10,0,12,21,39,29,50,61
20,38,38,24,21,30,21,0,13,13,3,0,7,0
5,30,25,37,47,62,60,0,12,12,23,29,47,
21,36,39,31,21,38,33,0,12,23,6,3,18,8
-10,19,-4,11,-9,9,7,0,0,0,0,34.66,0,0
84,83,75,72,68,55,47,81,80,74,68,67,47,47
74,77,60,62,51,50,43,74,77,54,54,45,41,34
31,39,30,26,38,31,38,3,10,10,11,16,2,10
54,42,47,78.53,58,49,58,46,31,39,46,49,36,51
-6,15,-7,12,0,12,16,0,0,0,0,0,0,0
69,65,66,62,63,69,71,56,55,57,53,52,62,61
29,31,23,26,24,25,27,3,13,0,2,4,0,1
6,16,12,-4,-1,8,6,,0,0,0,0,0,
29,30,20,,29,23,21,9,3,0,13,12,0,0
,21,23,40,53,60,78,0,7,9,30,39,47,65
104,88,88,107,116,114,85,93,74,83,97,105,100,77
28,21,38,33,39,24,39,8,0,23,13,16,0,16
84,115,97,101,83,82,80,79,105,88,90,72,68,68
53,56,50,46,58,53,60,39,47,44,39,49,40,51
19,14,,52,0,57,85,7,0,31,34,44,43,66
73,74,61,125,70,50,40,E,73,52,70,65,44,34
8,-9,18,-4,-7,13,16,0,0,0,0,0,0,0
60,78,63,65,72,76,74,48,72,51,55,61,69,63
8,27,30,41,59,69,71,0,8,19,29,48,56,58
2,30,27,37,,72,68,0,17,12,19,45,56,57
77,68,75,64,74,63,71,69,56,67,53,67,57,64
38,38,34,22,28,20,36,22,21,9,0,0,0,17
9,18,,44,57,56,65,0,6,9,X,43,42,48
4,0,3,20,2,-3,7,0,0,0,0,0,0,0
53,42,50,44,45,46,49,45,28,43,33,31,34,40
45,56,46,49,55,43,47,32,43,35,35,41,38,39
77,73,C,78,80,73,73,64,59,47,67,70,68,62
24,26,28,35,20,40,26,0,2,6,17,4,17,2
76,75,60,77,74,60,69,69,61,52,67,65,46,62
28,33,21,21,21,20,32,7,7,0,1,,4,15
40,22,29,,27,37,29,15,5,1,0,12,17,2
17,31,37,37,65,66,71.91,0,17,27,27,50,49,54
42,53,50,42,51,54,58,26.39,48,37,32,37,44,46
57,55,58,46,45,43,51,47,46,46,38,36,37,40
46,44,46,45,47,43,49,32,32,36,40,41,32,36
40,48,55,59,49,50,53,29,42,47,46,38,40,W
105,,84,105,102,115,120,97,77,77,91,91,101,111
45,41,51,48,45,52,,34,30,38,36,38.67,40,45
47,127,93.32,44,52,54,54,40,36,44,34,46,45,45
74,,60,59,52,60,45,70,64,56,50,48,51,42
42,53,53,45,51,-10,48,34,42,43,34,41,43,40
90,94,108,82,95,110,116,80,81,102,74,90,98,104
2,-8,-3,5,3,0,-6,0,0,0,0,0,0,0
54,60,55,S,48,54,47,46,54,46,42,38,43,38
86,86,108,89,82,117,90,73,75,102,82,73,103,76
56,42,47,42,56,58,41,48,30,40,35,43,45,29
4,19,22,55,40,62,80,0,3,11,38,21,45,61
51,52,43,54,51,45,43,44,44,37,49,38,33,38
70,82,65,56,65,64,53,63,79,64,47,57,56,48
70,77,62,71,59,49,45,69,75,62,64,59,47,40
,77,62,85.68,58,57,49,76,73,62,52,51,50,42
21,25,33,38,49,64,85,6,14,19,25,32,50,74
23,38,26,40,40,23,20,,22,3,22,18,2,0
40,46,51,42,52,40,-5,26,35,45,33,42,34,37
89,68,78,74,64,46,46,81,62,76,73,55,38,45
88,82,65,57,55,46,60,86,78,63,56,46,40,59
19,6,5,-1,17,6,13,2,0,0,0,0,0,33.49
71,66,65,68,73,65,75,65,58,60,62,63,56,65
85,111,111,88,103,109,105,76,98,102,83,92,95,96
79,72,74,59,64,45,125,78,70,65,53,61,41,49
6,21,34,42,63,53,,0,11,17,P,44,34,46
6,12,37,30,52,55,76,0,0,22,11,40,36,61
5,5,K,6,16,-4,1,0,0,0,0,0,0,0
60,77,2.67,66,71,79,68,47,,51,59,62,69,
72,61,72,65,61,69,63,58,81.9,65,57,52,60,58
48,45,40,41,44,45,43,34,40,32,30,39,34,33
118,101,92,97,116,90,89,104,94,86,84,105,82,75
14,30,38,132,43,68,67,4,17,23,40,32,55,55
76,65,71,69,64,76,69,70,53,60,57,51,70,64
13,12,28,34,41,50,72,0,0,16,20,27,34,62
36,35,27,26,38,21,31,17,15,1,3,22,0,3
60,48,54.09,47,41,51,54,52,41,45,34,28,45,43
58,50,48,53,51,44,57,53,43,34,40,44,39,49
40,50,55,60,59,54,48,31,40,43,52,54,42,35
-3,-2,-6,-10,15,17,13,0,0,0,0,0,1,0
66,78,73,77,62,63,68,54,73,62,66,49,58,58
44,G,59,52,41,45,51,33,42,48,39,28,40,40
22,16,20,53,65,74,74,10,0,10,38,53,55,57
66,66,73,79,61,78,74,59,54,65,69,51,65,61
12,20,-4,6,1,-9,0,0,0,0,0,0,0,0
31,28,39,27,22,33,23,7,4,12,0,0,15,6
29,25,24,26,36,26,31,2,0,0,2,18,5,7
60,42,49,43,122,57,50,52,29,43,38,54,52,40
7,30,22,37,40,55,68,D,12,12,25,23,36,49
27,40,39,27,26,Q,23,7,15,15,D,11,0,6
60,53,47,40,49,43,53,55,40,38,26,39,36,40
54,50,53,40,60,,57,47,43,40,35,54,52,44
105,119,100,86,87,109,87,96,108,86,81,82,104,76
-8,-1,1,-8,3,9,-4,0,0,55.47,0,0,0,0
24,32,31,39,26,33,36,1,12,8,23,4,11,16
85,68,71,69,67,53,40,76,61,68,60,62,50,35
82,76,79,57,66,54,44,73,76,78,55,65,50,43
87,68,71,58,60,45,56,82,65,63,49,52,38,52
37,30,36,23,29,28,27,9,13,17,0,12,3,6
28,25,30,-10,27,22,34,12,8,4,10,10,0,16
77,67,71,72,67,78,62,69,59,65,63,57,72,52
80,77,64,58,54,48,53,78,77,61,51,50,40,50
80,66,78,66,78,78,75,67,58,71,57,67,70,61
52,59,50,46,,45,52,38,53,39,37,41,39,43
60,68,74,67.23,60,60,71,51,60,67,57,50,55,64
109,88,116,106,119,109,92,102,76,105,92,112,100,81
24,12,32,35,41,62,63,12,0,13,16,29,51,49
-10,13,0,20,-7,9,-5,0,0,0,0,0,0,0
60,57,54,55,42,57,59,53,43,42,44,30,50,46
78,68,69,130,66,68,65,67,62,63,52,61,57,59
14,13,-8,-10,-6,-10,3,0,0,0,0,0,0,0
49,43,53,46,,59,46,40,36,45,34,31,54,32
46,45,59,55,40,53,58,32,40,52,42,33,45,45
32,23,22,21,30,22,25,11,0,5,6,12,0,4
-3,28,32,34.23,N,36,37,4,0,6,15,5,16,12
-2,26,29,36,43,64,71,4,9,13,24,24,46,55
12,16,38,40,43,59,75,0,5,27,30,24,45,56
1,15,18,13,-10,0,18,0,0,0,0,0,0,0
66,62,75,63,66,65,61,56,49,65,58,52,53,47
29,21,30,35,20,39,20,2,0,13,12,0,14,0
97,91,85,92,118,119,86,85,84,74,78,109,110,76
85,65,78,62,66,60,54,82,62,71,57,43.54,57,52
54,50,46,51,42,40,52,40,45,32,43,31,32,45
25,25,39,34,31,30,39,0,6,10,11,9,4,23
12,12,20,50,48,63,81,0,2,1,39,35,45,66
47,42,56,53,51,58,43,38,37,51,42,42,45,29
4,19,,53,64,51,77,0,3,13,38,45,N,62
15,R,0,2,15,-6,-2,0,0,0,0,0,0,0
86,68,74,75,,61,46,80,61,72,73,45,54,37
101,80,107,90,113,107,-9,89,68,94,81,99,100,75
47.77,23,20,22,34,30,23,4,1,0,7,6,12,0
30,30,40,39,21,33,26,10,5,20,10,0,11,9
82,71,71,75,67,45,42,82,68,69,68,58,40,40
40,40,45,41,41,52,42,26,35,,28,32,41,31
18,24,31,55,45,57,61,8,14,18,41,41.08,39,43
72,65,64,62,60,58,47,68,65,56,62,54,50,42
15,15,38,30,50,53,65,0,0,23,11,40,43,51
74,84,79,57,56,51,58,65,84,77,50,48,43,57
64,78,72,73,73,80,64,58,64,66,63,66,72,55
43,51,53,49,46,43,42,29,38,42,35,39,29,34
36,25,34,38,28,40,36,13,,13,16,3,16,17
33,36,31,34,33,24,27,15,20,5,8,16,0,1
54,42,55,43,55,60,53,46,34,45,38,43,55,47
84,75,75,63,65,63,59,,73,69,60,59,58,54
85,66,77,73,51,60,54,80,65,77,73,50,55,45
40,55,59,49,59,50,51,32,49,17.75,35,47,40,55.15
78,83,70,74,51,50,43,75,81,68,74,50,42,38
49,54,58,42,54,50,43,37,46,50,28,42,43,88.59
100,83,98,98,84,96,111,90,72,92,S,75,88,104
15,22,43,32,46,71,74,5,9,29,16,32,57,56
8,17,8,6,-8,9,-3,0,0,0,0,0,0,0
12,-5,17,7,-8,12,4,0,0,0,0,0,0,0
23,32,32,39,20,35,31,4,3,7,20,0,13,13
88,82,69,57,54,59,48,82,76,C,51,52,51,40
7,11,10,15,2,-6,-1,0,0,0,0,0,0,0
115,81,106,98,97,98,87,104,72,95,88,86,87,78
17,16,0,49.29,20,1,-1,0,0,0,0,4,0,0
127,68,74,63,66,61,49,69,59,65,62,62,54,44
74,76,80,60,66,50,52,70,76,71,53,66,47,43
78,77,0,70,69,48,44,76,75,57,65,61,45,42
51,55,52,59,18.02,44,40,38,48,38,54,40,37,28
115,111,97,83,111,87,84,110,105,88,73,97,82,70
10.24,20,32,35,46,52,71,4,10,18,20,33,38,57
48,58,55,43,51,47,43,35,47,43,36,45,41,31
P,69,64,64,63,73,73,58,56,50,52,49,67,61
88,85,67,66,69,64,52,85,78,58,65,65,55,46
76,70,65,62,68,64,60,76,65,60,54,,55,52
-5,6,9,U,10.15,8,-7,0,0,0,0,0,0,0
23,23,36,36,28,26,26,0,0,8,20,8,3,0
50,53,58,52,56,53,47,42,44,52,39,43,43,41
-5,-1,-6,19,-10,-4,0,0,0,0,0,0,0,0
61,72,68,70,79,79,76,56,63,60,,66,72,64
87,83,80,60,64,51,54,85,79,71,51,61,47,50
52,56,40,50,55,41,42,41,44,31,39,45,34,28
83,74,61,55,57,47,53,74,72,58,48,51,41,53
-8,6.4,103,105,87,86,102,106,105,90,96,76,80,92
75,82,63,60,63,59,48,74,79,58,59,54,57,45
27,37,34,28,34,31,40,0,12,13,1,7,3,23
81,105,103,93,120,80,85,69,98,94,88,109,73,75
0,12,1,-7,16,11,5,0,0,0,0,0,0,0
13,10,26,34,51,72,85,V,0,9,23,39,55,69
73,74,74,62,,55,60,67,71,69,56,60,53,51
-8,9,-7,T,-10,13,9,0,0,0,0,0,0,0
4,,29,55,70.09,53,75,0,2,17,44,46,37,61
3,14,30,46,58,57,77,0,1,16,34,43,45,61
80,70,63,60,52,59,52,71,66,58,57,44,50,50
19,-8,8,19,0,12,0,1,0,0,0,0,0,0
58,42,60,54,57,43,45,47,34,50,45,47,33,35
24,28,26,24,20,28,34,0,0,7,5,0,2,7
75,77,76,67,80,71,78,63,65,65,56,74,64,72
93,98,116,82,97,98,84,80,85,111,77,87,92,77
81,78,69,75,69,46,48,78,73,66,74,69,43,41
76,74,79,61,67,68,66,65,64,70,48,61,55,57
80,78,73,74,55,58,40,77,76,68,68,49,55,36
,78,63,71,63,55,45,83,78,61,62,55,48,43
38,39,38,21,24,21,34,15,13,10,4,0,3,10
77,80,67,61,-1,60,76,63,69,61,49,58,50,70
60,58,58,55,55,48,47,50,52,53,47,44,36,41
72,71,80,-1,65,80,66,63,62,66,63,60,67,56
86,120,106,85,101,101,87,81,106,94,71,95,91,K
15,18,4,11,L,9,-10,0,0,0,0,0,0,0
12,20,6,13.43,-8,7,16,0,0,0,0,0,0,0
-7,-2,7,,4,-7,-5,0,,0,0,0,0,0
82,J,108,94,99,91,102,68,94,95,82,94,86,90
46,45,44,53,41,42,48,38,40,37,45,30,28,
46,60,44,57,51,60,54,,46,39,47,41,49,48
-10,43.02,17,-2,16,17,11,0,0,0,0,0,63.64,0
106,117,106,112,94,80,90,96,108,95,99,82,66,77
11,9,41.91,-9,-6,18,11,0,0,0,0,0,0,0
47,45,48,51,59,58,60,40,38,38,37,49,48,50
51,54,40,41,40,46,56,42,45,29,29,35,38,49
77,65,79,78,67,67,79,72,60,74,70,53,62,71
47,57,50,43,54,47,60,39,44,38,34,44,36,49
36,23,34,39,22,39,28,8,8,9,17,0,18,3
85,73,60,68,59,47,46,83,70,57,60,54,47,42
60,74,76,68,60,R,68,52,63,69,58,47,59,5.97
T,78,74,65,60,48,48,70,73,73,63,59,42,44
72,70,75,62,60,55,46,71,66,67,61,14.47,46,41
22,28,21,25,38,27,35,0,7,3,0,22,11,12
70,69,80,P,72,67,62,64,60,72,63,65,55,51
P,71,77,76,75,77,79,52,66,67,69,64,63,68
18,31,22,47,59,61,67,4,14,6,28,42,50,55
39,23,27,22,27,39,36,13,7,2,5,8,23,19
51,54,44,56,53,53,47,40,48,30,50,48,46,40
90,A,82,96,93,80,104,83,97,72,86,88,72,92
53,41,46,43,42,43,50,43,32,38,31,37,33,36
112,117,107,87,85,98,82,106,105,95,77,79,85,69
71,69,77,76,75,69,79,62,58,66,64,62,63,66
25,33,28,45,56,70,71,10,14,10,26,40,58,61
82,82,114,97,97,109,104,71,76,104,91,83,98,96
65,68,76,64,65,70,80,52,60,65,52,51,64,72
28,38,38,31,31,35,40,2,11,21,6,12,10,21
47,50,40,41,54,43,51,41,43,28,30,42,32,45
9,-3,-7,4,10,1,10,0,0,0,0,0,0,0
1,16,24,54,55,66,77,0,2,6,43,36,51,65
77,70,69,61,65,75,73,66,57,64,48,52,65,61
22,21,30,25,21,29,28,0,0,9,0,3,12,2
1,18,44,50,62,62,72,0,7,32,38,45,51,54
85,85,60,57,59,48,47,78,84,56,52,57,41,42
18,10,37,42,53,C,77,3,39.09,20,31,38,47,60
19,34,21,50,41,73,82,7,24,11,34,24,59,66
90,81,92,103,114,106,80,83,74,86,89,105,97,68
88,99,119,84,115,99,115,76,88,106,78,103,88,103
70,80,71,72,71,75,61,56,75,58,61,61,64,53
111,112,84,80,82,90,102,97,102,70,74,72,85,94
32,24,23,24,36,29,26,16,0,0,9,11,11,11
71,68,64,61,0.94,58,56,68,60,57,58,57,52,Y
25,15,45,39,57,58,77,7,2,33,24,45,44,62
146,19,6,-9,-7,-10,-1,0,4,0,0,0,32.44,0
36,32,35,39,28,23,35,17,13,11,22,11,4,15
74,73,78,61,68,77,65,61,59,68,55,63,63,51
91,96,85,118,107,95,114,83,90,71,110,94,87,102
33,34,37,35,24,28,24,14,18,10,18,6,1,0
34,24,36,36,31,33,37,16,0,21,17,16,13,8
90,66,77,71,50,48,53,83,62,69,71,50,43,48
70,71,63,55,70,49,50,68,71,62,49,70,42,41
51,59,40,50,48,43,48,37,51,30,40,39,36,36
8,-7,8,-4,6,-8,1,0,0,0,0,0,0,0
88,71,60,55,58,48,55,87,69,60,50,54,41,49
71,71,77,66,50,50,49,69,70,69,66,K,47,45
119,81,96,113,95,108,119,110,74,85,101,88,97,108
27,28,36,23,27,-5,30,0,2,16,0,6,5,14
64,79,66,64,78,63,74,57,69,60,38.52,69,55,68
89,109,94,105,109,102,114,79,99,84,100,95,89,107
78,71,80,W,70,62,53,73,64,80,62,65,62,49
38,33,28,30,24,29,40,9,13,10,8,0,2,18
1,,24,36,54,62,83,0,2,5,19,37,47,68
70,82,72,64,66,45,55,62,76,67,64,65,40,55
71,60,68,61,64,76,77,59,48,60,56,55,64,63
90,66,75,69,53,63,Y,89,61,69,62,50,62,52
71,128,68,56,58,49,47,71,69,63,55,49,43,38
,42.36,58,47,52,54,48,53,42,51,35,41,46,34
0,16,37,48,93.44,73,68,0,2,22,31,23,58,53
7,27,21,53,45,56,60,0,10,2,36,29,41,49
24,40,30,31,38,29,30,0,23,14,15,22,5,1
67,74,67,79,71,69,63,54,69,59,71,57,56,53
87,80,80,,66,45,41,82,77,78,60,63,45,33
23,22,33,29,21,26,30,0,0,14,2,0,9,14
74,73,73,77,149,68,78,68,64,62,66,61,58,65
65,75,68,67,66,65,70,59,66,58,56,50.44,51,57
12,10,44,40,50,68,75,0,0,25,22,32,57,58
71,80,64,73,78,69,70,64,75,53,59,69,61,64
112,83,89,109,98,95,100,106,71,82,99,92,91.08,88
6,14,11,5,10,,1,0,0,0,0,0,0,0
37,28,38,20,23,36,33,8,8,13,0,0,11,13
22,20,38,29,32,26,24,,0,15,14,11,0,0
67,80,61,77,77,64,63,57,66,47,69,70,59,51
25,33,37,50,54,70,80,6,20,22,32,42,57,64
127,75,,56,59,46,60,82,71,71,47,50,39,55
24,34,22,27,21,31,28,7,7,4,6,0,10,R
59,53,54,55,44,44,40,47,39,77.02,50,36,31,33
80,E,72,63,50,57,43,79,74,68,58,44,53,42
30,28,22,21,40,26,26,9,8,0,4,20,6,0
92,99,107,97,100,-3,118,82,86,101,86,89,111,107
85,117,94,108,86,107,104,71,106,87,101,81,100,90
84,81,72,74,57,58,41,77,81,65,72,51,53,38
57,51,44,42,42,48,52,43,38,37,34,28,38,41
33,27,21,31,32,38,36,6,11,0,9,16,14,9
6,13,27,34,41,62,60,0,1,8,20,31,49,47
62,,68,76,72,79,65,51,74,61,65,64,74,56
-4,7,16,5,2,16,-2,0,0,0,0,0,0,0
27,-5,21,38,27,30,35,2,4,0,17,6,3,12
31,30,35,30,36,20,23,2,3,14,1,7,0,3
4,28,45,49,62,57,65,0,18,30,30,49,38,53
51,48,43,44,45,51,42,41,39,31,36,34,44,29
83,116,95,88,102,109,108,74,109,87,82,91,104,97
67,77,67,69,63,75,65,57,65,53,56,51,65,58
16,13,43,44,120,65,83,3,2,24,32,32,52,71
86,V,75,59,67,46,57,83,65,75,53,65,37,52
120,108,81,105,115,102,106,112,102,70,93,102,93,92
-3,-3,2,-10,18,-6,19,0,0,0,0,0,0,0
6,30,45,38,61,-7,81,0,12,35,22,49,35,67
81,70,76,64,61,51,52,75,69,70,60,55,43,46
45,45,58,44,58,59,40,37,34,52,38,48,51,32
9,15,28,38,42,75,61,0,4,18,27,25,57,46
43.57,25,33,23,69.57,27,32,3,5,10,0,0,5,8
-1,6,-8,13,17,15,1,0,0,0,0,0,0,0
5,20,13,5,3,10,15,0,0,0,0,0,0,0
12,-10,1,17,-5,1,-1,Y,0,0,0,0,0,0
14,31,23,46,129,58,66,3,18,11,30,44,39,51
23,16,29,41,42,56,65,11,0,19,24,27,38,46
26,28,24,21,36,35,32,2,9,0,0,11,8,4
113,120,87,U,80,106,105,105,114,81,110,68,99,100
114,94,85,93,86,85,96,106,83,75,81,77,71,88
111,110,S,106,102,86,96,105,102,84,99,93,77,89
47,54,60,1.09,41,55,52,33,41,51,40,31,46,46
72,60,63,67,73,77,62,58,46,52,58,63,72,52
59,57,43,58,48,41,52,53,49,33,47,36,28,47
46,50,50,45,40,60,59,38,40,42,36,35,54,54
5,22,40,37,49,70,65,0,7,26,25,39,55,49
85,109,96,118,112,91,119,72,102,83,107,98,78,110
9,17,121,43,48,63,81,0,1,18,33,30,52,63
58,45,-6,48,55,56,60,52,33,35,40,42,43,51
74,72,62,63,72,60,62,60,66,54,58,65,52,56
74,69,65,57,67,59,52,72,63,62,55,65,59,51
6,13,36,41,62,60,77,0,3,21,24,48,43,62
22,33,36,37,36,21,21,6,18,16,13,18,2,0
48,46,50,40,41,56,47,43,38,39,27,36,44,39
62,75,70,79,74,77,62,49,65,61,67,65,70,48
47,54,49,40,49,53,42,35,47,41,26,42,47,30
52,52,48,49,52,57,78.57,47,41,34,44,38,45,34
89,70,75,74,67,58,52,86,64,69,67,58,50,46
-6,60,74,72,79,62,74,58,47,67,63,71,57,67
15,4,11,13,-10,6,-4,0,0,0,0,0,0,0
84,97,89,86,120,89,115,72,89,80,74,115,75,109
18,31,E,55,48,72,85,0,17,16,38,35,61,71
57,47,60,45,143,52,58,43,39,51,37,36,40,53
67,74,69,73,73,62,66,53,67,55,68,67,53,61
78,79,73,56,67,50,51,72,75,65,54,61,44,47
87,114,106,99,115,107,96,74,107,99,89,108,100,87
94,106,107,88,96,101,81,83,96,96,77,89,90,72
22,28,38,37,63,65,80,11,12,23,26,49,53,66
72,67,78,-5,63,57,57,67,62,72,57,56,57,54
26,29,40,32,28,33,38,2,11,18,4,12,5,18
55,42,51,42,41,54,49,42,30,44,36,35,41,43
37,20,36,29,30,39,0,12,0,9,2,11,10,21
71,61,61,60,65,77,80,59,56,49,49,52,64,74
14,11,44,37,60,54,84,0,0,27,20,50,37,73
27,31,22,35,27,26,30,7,4,4,16,0,4,10
84,C,63,71,60,60,54,80,77,60,68,57,60,46
58,48,45,44,,53,46,44,37,40,38,49,40,37
62,66,69,60,68,78,67,48,61,58,54,61,67,57
77,64,64,70,66,A,63,66,58,50,57,53,62,49
24,34,22,29,30,25,39,0,8,5,13,11,6,17
57,49,59,45,52,44,50,43,38,53,32,39,38,41
17,23,44,35,59,64,76,3,7,27,16,47,54,65
68,70,80,76,67,69,64,58,65,66,65,54,59,50
2,5,15,11,-6,8,-9,0,0,0,0,0,0,0
83,88,115,107,87,106,96,74,76,105,93,75,97,89
10,35,43,33,59,52,72,0,16,30,14,46,38,58
72,71,63,68,72,66,77,59,60,54,57,67,53,63
92,91,85,85,83,111,89,81,86,74,79,73,104,75
73,66,72,75,61,63,51,66,65,67,71,60,63,42
41,55,41,X,53,60,0.11,27,44,36,42,40,51,41
52,59,48,59,46,57,46,39,53,34,51,40,46,39
64,60,74,68,65,60,63,53,50,63,63,54,51,58
52,43,60,60,40,42,48,47,30,55,47,28,32,38
61,63,65,73,61,75,70,53,55,52,M,48,68,65
68,66,79,75,79,60,61,59,52,65,66,65,55,53
8,24,44,43,54,74,80,0,7,25,29,42,58,62
80,81,75,65,70,F,44,76,74,67,56,65,48,35
40,36,23,35,29,35,30,15,,4,18,4,6,4
29,32,21,20,39,33,29,6,14,0,0,10,10,14
34,J,24,30,25,35,30,12,0,0,5,1,D,14
59,43,44,50,41,55,48,45,32,35,42,29,42,36
62,80,74,63,75,62,61,48,74,62,50,69,49,49
23,36,30,22,39,28,29,0,10,6,3,18,5,3
99,92,80,106,103,88,113,86,81,67,101,91,80,106
10,32,21,40,43,54,64,0,13,2,29,32,40,47
,66,66,58,64,56,52,85,64,66,49,60,54,44
40,39,37,32,20,21,24,15,12,16,12,0,0,0
29,33,26,38,24,27,32,7,14,8,13,0,5,11
79,S,77,69,80,73,77,67,67,63,60,69,68,66
41,44,54,54,149,44,44,28,31,45,49,35,30,32
23,23,37,39,51,62,79,10,11,,29,34,51,63
83,65,75,60,69,58,46,79,61,70,55,68,53,43
23,38,34,24,40,26,36,0,16,5,5,16,3,13
40,43,49,58,60,41,56,28,31,43,48,53,29,49
79,85,80,58,63,47,59,76,77,79,50,55,40,57
85,109,99,105,87,93,112,80,97,87,91,76,87,105
87,67,61,72,50,59,45,78,67,58,71,43,59,38
-5,14,0,8,-5,12,-7,0,0,0,0,0,0,0
41,56,45,50,135,59,46,33,49,34,37,49,51,37
22,17,25,38,54,75,82,,0,14,27,43,57,69
10,9,1,2,0,-7,-2,0,0,0,0,,0,0
72,76,75,74,80,60,79,65,69,61,66,73,48,68
113,98,82,95,120,99,119,105,93,75,89,107,86,109
34,36,25,20,25,26,32,9,21,3,0,3,38.46,7
21,36,36,20,27,22,37,0,15,13,0,12,0,22
15,16,26,55,55,55,77,3,0,12,38,36,45,58
9,19,19,10,,-6,19,0,0,0,0,0,0,0
26,30,29,28,31,22,27,9,12,10,10,16,0,9
110,109,87,83,103,84,91,97,104,77,75,98,79,84
107,86,102,92,97,84,112,96,75,92,85,83,70,98
57,41,53,42,46,52,50,43,27,39,34,35,40,38
,W,56,54,40,45,50,42,49,44,40,35,37,38
18,10,31,74.48,64,65,84,2,0,16,24,50,53,66
99,100,107,122,91,113,85,86,95,102,77,81,103,80
11,6,19,-1,-6,18,14,0,0,0,0,0,4.46,0
22,25,31,30,31,-4,35,0,9,8,3,14,7,19
31,22,30,28,36,39,40,T,1,10,2,18,10,19
23,27,23,22,25,30,34,1,4,0,1,9,8,16
,14,39,47,63,51,67,0,1,28,,,36,53
102,116,117,114,82,103,84,94,111,106,106,72,98,74
113,116,112,85,82,116,93,101,106,107,77,73,105,80
60,42,143,49,45,59,57,,29,37,40,38,47,47
72,63,79,76,66,68,80,60,56,71,65,53,57,69
4,6,8,14,-6,-7,3,0,0,0,0,0,0,0
74,80,79,60,64,76,63.83,64,75,70,54,59,66,58
56,47,54,58,55,48,53,42,41,42,48,48,35,39
69,78,75,71,68,63,70,59,65,69,63,55,58,60
109,80,88,113,86,91,80,95,67,83,107,72,78,69
71,71,66,78,64,71,71,66,58,55,70,54,61,63
110,97,111,101,100,96,107,99,88,103,93,88,87,100
70,F,75,69,67,65,61,58,48,61,62,62,58,53
15,25,27,53,46,72,69,3,8,14,42,31,55,58
119,118,82,115,118,119,16.66,105,109,73,106,108,111,105
25,33,34,47,51,71,64,13,19,20,36,36,60,53
66,65,63,80,74,75,70,56,54,54,70,68,69,59
11,31,28,43,56,74,74,0,21,,28,42,61,11.19
116,103,112,118,103,86,80,108,89,98,113,96,73,73
12,24,35,31,59,57,76,0,8,23,K,47,47,57
113,115,99,86,112,88,97,100,105,85,80,105,75,89
36,22,23,26,29,22,35,14,0,4,8,9,0,15
20,24,28,41,46,66,65,6,7,37.72,22,36,49,48
55,43,56,44,51,53,40,42,29,43,33,43,46,28
9,125,25,51,64,63,84,0,16,10,38,54,46,70
58,53,44,47,43,52,52,46,43,33,35,34,42,47
11,0,-10,-7,2,6,4,0,0,0,0,0,0,0
60,57,47,45,56,52,59,48,52,38,34,43,43,54
40,33,38,21,36,23,24,12,18,13,5,12,0,0
13,23,45,40,59,53,85,0,13,29,30,49,36,73
60,65,62,68,80,63,80,55,53,56,60,75,56,68
60,54,51,48,59,42,55,48,44,41,37,47,29,48
48,55,52,44,51,48,55,35,50,39,31,46,40,42
-2,-3,13,12,14,3,145,0,0,0,0,0,0,0
95,120,114,30.44,81,91,86,87,107,109,98,70,84,72
70,78,79,62,76,65,80,62,65,74,51,71,53,75
-1,20,4,-1,19,-3,2,0,0,0,0,0,0,0
Z,96,86,101,113,112,83,91,90,72,96,101,99,70
26,34,38,28,21,40,36,7,17,V,12,3,17,15
71,73,62,61,68,71,72,61,67,53,52,62,58,66
91,89,99,91,94,109,89,81,83,94,80,,96,80
52,40,58,60,57,45,47,39,30,49,47,51,33,38
67,69,76,,61,66,61,61,55,62,47,55,52,52
84,81,62,57,51,57,50,81,76,56,53,46,52,50
100,T,101,117,80,82,108,95,107,89,103,68,,99
70,61,71,76,63,73,63,61,50,65,68,50,68,55
79,72,60,77,78,78,65,66,64,49,70,67,73,59
40,40,40,50,46,53,43,26,34,27,38,37,44,38
56,58,47,45,44,42,46,42,44,38,31,36,28,40
-9,0,-1,-7,-6,3,20,0,0,0,0,0,0,0
2,28,35,31,48,75,81,0,14,25,19,30,60,70
91,86,120,98,114,115,100,77,,110,89,104,106,90
79,74,79,66,68,60,75,74,64,70,53,61,48,65
70,85,80,65,68,59,55,63,79,77,65,67,58,49
18,35,45,54,42,,65,2,17,31,38,30,38,52
76,62,74,71,73,66,75,68,51,64,65,60,55,61
68,72,60,71,77,71,76,62,62,47,58,66,63,69
-3,-4,19,-5,-8,M,-5,0,0,0,0,0,0,0
70,78,66,60,62,65,71,56,68,59,50,53,57,59
83,76,79,71,61,65,43,83,67,70,69,60,59,38
63,66,74,79,79,71,77,49,66.41,69,73,67,62,65
5,20,-7,18,-2,6,1,0,0,0,0,0,0,0
16,-4,-5,14,,-3,11,0,0,0,0,0,0,0
32,32,30,26,23,37,38,11,14,12,3,0,22,18
119,89,-7,81,114,120,95,110,80,92,67,108,107,86
30,-7,20,28,39,25,28,13,5,0,11,15,2,6
19,25,42,40,48,60,79,3,12,24,23,35,43,68
3,1,10,11,13,9,14,0,0,0,0,0,0,0
57,56,54,58,56,54,46,43,46,47,50,49,48,38
114,85,94,92,,96,115,108,72,85,84,109,82,110
32,32,25,34,27,34,39,5,15,5,14,K,12,18
68,78,75,62,80,78,68,59,67,67,54,72,66,58
21,26,35,26,33,27,35,0,0,17,2,6,2,19
103,109,104,90,85,81,93,91,95,96,,71,75,88
76,75,79,66,70,47,52,72,73,70,60,62,45,52
39,35,20,39,42.29,32,36,18,10,0,D,16,14,16
18,33,29,2.8,42,67,75,8,14,15,27,24,53,62
3,-6,-7,-7,9,2,-5,0,0,0,0,0,0,0
-6,-3,3,6,11,-4,-10,0,0,0,0,0,A,0
108,81,100,87,101,92,89,95,76,94,81,90,84,82
63,74,73,71,68,78,62,58,68,63,65,55,72,57
39,37,34,32,20,24,38,18,9,7,6,5,0,22
46,59,48,46,48,48,43,33,51,39,34,38,35,33
2,18,-1,-1,20,1,-8,0,0,0,0,0,0,0
66,65,65,71,73,78,68,56,60,58,64,65,72,57
12,32,25,52,58,68,71,0,13,12,39,44,50,52
31,25,23,39,37,40,24,8,0,6,20,9,20,6
5,5,2,-10,-8,7,10,0,0,0,0,0,0,0
79,67,68,68,61,,,72,55,57,56,49,65,68
22,23,28,31,53,142,65,4,6,16,14,34,60,54
E,21,27,22,30,34,21,17,0,1,3,6,11,2
30,21,28,21,30,30,39,15,0,8,0,6,10,13
39,37,32,30,27,34,39,10,19,16,3,3,10,23
2,18,-5,14,-3,-8,16,0,0,0,0,0,0,0
73,68,74,63,65,76,79,61,61,69,54,57,64,69
73,78,66,55,51,61,41,67,70,59,50,44,60,36
16,10,18,10,-10,20,3,0,0,3,0,0,4,0
71,74,78,60,59,51,55,64,67,71,54,56,42,52
13,0,20,-10,0,0,8,0,0,0,0,0,0,0
88,85,64,63,59,46,42,83,79,59,58,55,43,34
2,0,-5,3,0,9,6,0,0,0,0,0,0,0
24,29,40,36,53,53,68,13,16,23,19,43,39,55
34,32,27,36,28,30,22,Y,3,11,21,2,2,0
13,34,36,33,41,51,83,3,17,25,15,29,35,73
2,20,32,130,40,52,62,0,9,20,41,21,34,51
87,72,67,65,54,63,46,82,,60,58,53,58,44
43,51,55,45,54,53,54,34,40,49,32,42,46,41
72,85,63,58,59,-2,60,64,84,60,50,57,59,51
12,20,45,49,55,57,68,0,10,32,35,U,43,57
0,-6,9,-2,6,1,11,0,0,0,0,0,0,0
66,66,79,75,V,76,66,54,59,72,67,,70,55
35,28,20,40,32,36,28,56.4,1,1,25,9,21,12
81,83,84,97,118,111,103,72,71,70,87,113,103,89
78,74,62,65,74,76,66,72,64,51,60,60,62,53
72,74,74,58,54,53,49,72,74,71,52,51,47,49
70,67,60,64,64,56,49,68,59,55,57,55,54,43
27,31,27,40,38,30,20,3,8,0,22,23,3,0
76,76,78,73,64,55,44,69,68,69,69,62,55,42
117,98,82,88,108,E,116,110,84,76,83,99,90,104
-1,-8,1,13,5,14,-7,0,0,0,0,0,0,0
71,80,61,60,68,77,60,65,70,49,47,57,67,54
90,96,-8,88,94,90,91,80,83,80,80,86,78,85
-5,2,6,-3,-7,11,-5,0,0,0,0,0,0,0
7,-3,4,17,-3,16,-7,0,0,0,1,0,0,0
-3,-2,-9,-7,20,G,-4,0,0,0,0,3,0,0
73,66,65,65,79,80,63,61,57,53,55,73,74,57
107,96,92,B,119,107,100,102,86,78,77,113,94,93
98,120,84,106,109,98,91,89,109,71,98,99,88,84
72,69,69,68,66,53,46,65,60,69,63,64,44,43
8,23,21,35,53,70,74,0,7,10,17,39,53,60
24,31,34,28,21,40,36,3,9,14,11,5,17,20
0,19,7,7,-10,-8,-7,0,0,0,0,0,0,0
90,68,80,,55,55,56,81,67,72,59,54,51,52
46,46,54,58,52,57,51,34,41,46,,46,45,37
14,25,33,36,50,65,82,0,9,22,17,39,54,65
-1,15,15,9,0,5,5,0,0,0,0,0,0,0
90,117,99,85,89,92,103,83,108,90,80,75,80,90
41,41,53,57,51,57,45,28,32,46,46,38,46,33
-2,11,17,2,3,-4,-5,0,0,1,0,0,0,0
-4,6,18,11,15,-4,5,0,0,0,0,0,0,0
49,56,59,59,50,40,57,35,51,49,50,43,29,43
71,73,60,68,72,71,62,62,64,50,56,67,58,49
23,71.6,29,53,41,55,81,6,1,16,10.9,25,45,69
65,62,76,60,76,61,60,51,48,68,51,64,49,55
65,75,71,76,66,77,77,53,63,62,67,56,69,66
22,14,29,39,58,70,65,3,4,12,24,44,60,53
23,22,22,46,40,66,77,12,3,4,31,21,54,61
5,31,35,44,,54,67,0,14,19,34,54,44,50
28,33,20,22,30,31,25,6,12,2,4,1,5,2
40,128,44,46,42,53,43,27,39,38,33,31,39,36
0,20,37,-4,60,73,63,0,3,26,38,44,61,52
23,22,33,39,26,31,21,7,3,17,11,3,15,3
32,33,26,Y,38,34,25,16,6,0,11,10,7,9
1,-6,-1,-3,4,4,11,0,0,0,0,0,0,0
12,17,33,55,42,70,65,0,0,14,41,31,55,55
94,84,104,118,103,99,108,89,71,91,113,98,89,61.04
0,18,45,54,56,67,84,0,4,30,O,46,57,71
86,81,80,70,69,54,48,78,80,79,61,64,47,41
3,10,27,38,45,73,69,0,0,9,22,33,55,53
-3,12,9,7,19,3,4,0,0,0,0,3,0,0
-8,20,20,18,16,4,5,0,0,0,0,0,0,0
90,,64,63,54,62,49,81,80,57,55,52,57,87.76
32,26,32,39,31,27,25,7,11,6,24,13,5,10
27,20,20,K,24,22,27,11,0,0,10,6,7,0
71,66,66,71,67,80,60,60,54,58,59,62,72,48
16,17,41,38,64,50,77,1,2,29,28,50,77.11,66
78,75,68,75,55,45,51,B,67,A,70,51,P,49
94,101,111,110,110,88,90,85,96,105,100,98,83,81
9,14,42,32,61,57,69,0,0,29,17,48,39,52
55,52,51,44,49,55,58,45,46,43,35,43,45,45
119,93,90,111,108,97,101,113,84,80,104,102,88,91
0,16,21,54,D,72,77,0,0,8,F,45,61,62
87,94,100,87,83,84,93,77,87,95,77,76,70,85
9,11,39,37,58,-10,81,0,0,27,21,40,53,66.96
84,76,71,63,52,48,45,83,68,66,54,50,40,44
103,119,106,107,118,106,115,93,109,94,101,109,98,110
75,72,65,76,60,63,78,69,61,23.74,69,51,53,67
76,61,X,61,76,76,73,69,50,60,49,63,68,65
103,84,92,115,80,-9,93,H,76,80,101,70,89,86
81,80,66,69,52,54,43,77,78,65,61,47,51,40
63,71,74,66,66,69,77,50,62,66,59,58,59,67
M,13,28,34,41,63,69,0,0,13,20,22,48,52
38,23,24,31,21,26,32,11,6,5,14,6,0,4
10,-4,12,16,-9,-7,4,0,0,0,0,0,0,0
45,60,57,42,47,53,58,34,53,49,34,34,48,52
50,59,55,50,47,44,47,36,50,42,42,36,38,39
35,28,84.54,38,36,35,26,7,10,22,22,10,19,0
-9,-6,11,13,-5,-7,15,45.4,0,0,0,0,0,0
22,33,22,39,54,64,63,9,19,5,21,43,51,47
74,84,63,66,66,56,57,72,83,61,61,62,52,
24,20,24,27,24,30,29,0,0,5,6,6,8,11
79,82,60,71,58,61,55,75,80,56,66,54,54,48
80,108,108,89,101,99,94,74,97,98,83,92,91,88
8,28,36,39,59,67,75,0,13,20,27,84.36,54,57
1,14,19,-10,12,-2,1,0,0,0,0,0,0,0
-9,1,6,56.45,-7,-8,-10,0,0,0,0,0,0,0
103,102,118,88,X,86,117,91,90,107,77,102,77,105
99,111,96,97,104,107,95,91,106,89,89,97,96,83
-4,0,-10,-7,-3,-9,73.41,0,0,0,0,0,0,0
25,13,40,42,51,75,76,15,2,22,26,40,58,66
86,85,68,58,66,49,49,85,84,60,55,57,48,46
74,84,79,68,54,47,51,72,80,75,64,54,38,46
77,73,74,57,67,58,53,77,71,73,54,60,55,49
73,63,66,70,63,80,72,67,54,60,16.27,57,74,63
101,114,86,86,99,81,82,95,102,80,73,91,75,71
65,72,80,77,65,80,72,55,65,73,70,59,69,59
53,47,47,59,44,46,50,41,35,39,,31,33,36
4,28,25,49,44,62,78,0,10,14,34,25,49,59
100,120,99,90,82,115,113,94,110,89,82,74,105,105
55,54,52,49,52,44,60,42,43,39,39,46,32,47
35,26,37,22,35,29,23,8,4,14,6,16,4,1
-2,118,82,84,106,106,83,99,109,72,73,95,94,77
11,13,13,13,17,16,-8,0,0,0,0,0,0,0
71,75,69,70,70,50,60,63,74,63,65,65,46,60
75,L,65,67,58,64,60,69,61,61,65,58,57,59
96,84,99,101,105,120,85,91,75,86,96,93,112,73
59,49,54,57,45,52,45,52,41,45,47,40,47,40
-4,-10,17.71,-8,0,10,19,0,0,0,0,0,0,0
80,68,73,69,65,71,73,74,58,61,63,54,64,65
77,62,75,63,75,141,71,69,50,B,54,69,56,62
12,14,42,49,44,27.54,-8,0,1,26,37,26,52,60
11,26,35,42,66.01,68,82,P,14,20,27,49,57,64
7,11,33,31,61,66,85,0,1,14,13,51,50,71
85,92,116,83,109,100,116,73,83,102,69,95,86,109
30,33,24,40,38,22,39,6,12,6,15,22,2,21
72,69,60,74,56,53,50,63,66,54,67,56,47,44
109,83,91,102,99,104,94,101,78,80,89,93,94,84
45,49,48,42,45,49,48,39,40,34,36,32,41,41
65,64,69,74,78,63,67,60,56,58,68,67,52,55
34,38,23,23,25,26,29,19,14,,7,7,5,3
72,Z,72,68,67,51,47,66,67,72,66,60,43,38
-10,30,30,20,28,36,Q,10,4,2,0,9,14,4
36,27,23,31,36,32,23,8,11,0,8,20,14,0
66,61,71,75,70,68,66,53,47,61,69,61,56,55
6,-10,-1,14,-7,39.16,13,0,0,0,0,0,0,0
40,27,-7,33,35,39,35,21,5,14,12,12,17,7
3,16,36,51,44,66,71,0,0,17,33,32,52,53
20,32,33,36,22,27,21,0,16,11,89.4,0,12,0
138,86,112,120,82,117,91,89,81,100,115,72,104,58.0
7,20,35,33,58,74,80,0,4,24,14,44,58,63
89,78,61,74,60,54,51,85,72,59,71,52,51,50
54,50,41,50,41,41,49,41,44,27,44,34,29,40
-8,8,-10,-7,-4,16,13,58.66,0,0,0,0,0,0
87,80,63,73,68,63,57,86,80,61,72,60,59,15.21
45,43,43,52,,57,54,38,38,36,38,35,50,48
51,48,54,56,58,47,40,42,38,48,46,53,35,33
80,114,120,97,111,116,117,67,106,108,83,104,107,109
20,9,7,-5,142,9,-7,0,0,0,0,0,0,0
64,67,63,67,61,77,64,53,55,52,55,56,71,51
98,119,109,93,106,87,106,86,112,102,84,95,75,98
97,,80,87,101,111,101,85,75,68,75,92,98,96
78,84,65,70,69,60,50,75,81,58,61,62,55,46
13,28,31,38,52,59,80,0,12,19,26,34,46,61
V,17,39,41,49,70,70,0,6,20,26,30,58,51
76,77,77,71,58,61,56,72,77,76,70,57,53,49
12,11,-9,2,-4,0,-10,0,0,0,0,0,0,0
17,26,30,46,40,66,64,58.98,16,11,32,28,47,
73,-8,80,73,66,66,65,,62,70,67,61,61,54
46,55,42,52,40,50,47,40,46,34,43,32,39,
34,40,31,39,33,24,31,6,12,11,23,14,0,11
46,57,46,57,46,60,50,35,43,32,47,39,52,36
-2,15,3,8,4,-10,13,0,J,0,0,0,0,0
,18,38,34,58,65,63,0,7,25,15,40,52,44
88,113,,85,103,108,102,78,105,80,73,,100,88
3,15,-5,18,1,-3,2,0,0,0,0,0,0,0
,31,41,51,53,61,80,0,14,23,32,37,48,62
11,10,12,18,-1,-1,2,0,V,0,1,0,0,0
83,69,62,57,56,61,53,77,66,56,54,56,61,50
51,45,53,53,45,52,46,38,33,44,42,36,39,34
14,15,4,16,12,-6,15,0,0,0,0,0,0,0
9,24,43,,63,57,67,0,11,29,34,47,43,I
85,107,101,99,85,101,H,74,98,96,87,75,90,99
47,43,45,41,41,43,141,42,37,38,33,27,36,68.78
20,32,28,35,38,33,31,5,11,11,15,16,11,5
33,34,40,37,26,30,25,10,17,14,20,10,9,1
112,116,104,105,96,102,90,100,106,96,91,83,95,80
8,34,32,37,51,73,68,0,16,15,23,38,59,52
40,23,27,30,21,32,25,11,1,11,14,2,10,6
61,77,64,72,79,71,70,47,68,53,63,70,57,64
16,-6,15,1,-9,8,-9,85.78,0,0,0,0,0,0
-9,-2,-6,17,10,1,19,0,0,0,0,0,0,2
24,40,23,21,34,30,40,2,16,6,3,16,3,24
51,41,48,56,53,45,45,41,32,38,42,43,35,33
75,77,69,68,51,47,45,69,76,63,66,44,40,37
88,114,93,86,84,106,103,74,107,79,78,70,98,90
36,38,34,40,S,35,21,15,22,12,23,7,8,0
16,26,30,48,48,38.52,63,0,13,17,32,33,56,8.04
20,-9,12,-6,Y,4,-6,0,0,0,0,0,0,0
15,28,33,38,49,73,82,0,14,18,23,38,63,69
41,47,59,,46,59,51,34,33,50,42,41,52,U
3,25,31,43,53,51,82,0,6,16,31,42,37,68
76,79,62,69,62,58,54,70,73,57,69,61,57,51
72,71,75,70,67,65,59,67,67,71,67,66,57,51
41,43,44,57,45,56,51,28,32,32,49,34,47,41
97,110,70.45,104,117,82,119,87,97,100,90,108,69,105
73,79,77,79,63,71,72,59,66,64,67,56,57,67
1,15,26,30,53,66,84,0,5,10,15,42,51,66
83,76,71,63,50,60,47,82,76,70,56,48,58,47
35,33,38,20,33,21,30,15,16,19,0,6,0,15
95,83,97,80,117,135,95,89,71,84,,,105,90
S,45,51,54,50,58,47,37,35,46,48,44,44,36
69,80,60,66,64,70,60,63,67,46,56,51,58,54
-7,10,8,19,8,-1,-5,0,0,0,0,0,0,0
81,73,67,60,51,51,56,73,67,60,52,50,43,50
90,110,89,88,81,83,108,80,97,76,79,68,76,99
58,56,45,40,40,56,43,49,49,32,26,34,45,36
51,51,53,50,50,40,47,43,4.65,42,39,36,30,36
119,93,97,94,107,92,92,110,79,86,85,102,83,87
13,10,-6,20,12,-10,-5,0,0,0,3,0,B,0
9,0,5,13,-2,3,-7,0,0,0,0,0,0,0
33,38,38,25,28,26,40,5,21,22,0,1,10,16
N,107,-10,97,107,88,113,87,99,102,88,96,82,99
11,32,29,34,52,62,64,0,20,13,21,40,45,47
21,38,33,37,24,23,36,1,16,4,14,1,0,21
84,70,73,74,53,59,52,76,63,66,68,45,53,49
11,G,-4,-6,2,17,138,0,0,0,0,0,0,0
68,73,65,64,68,76,68,57,66,57,57,56,68,56
48,57,46,40,54,40,43,43,46,37,29,41,26,34
65,71,80,74,67,60,68,56,66,70,64,55,55,54
36,31,32,27,32,24,23,10,6,7,11,5,0,0
73,76,67,60,64,77,60,62,70,57,50,54,72,47
10,20,29,43,46,56,83,0,7,18,25,28,37,66
68,73,77,78,68,72,66,60,63,66,73,60,58,52
62,63,71,,61,74,76,56,51,65,56,47,67,66
71,74,76,67,66,62,77,29.1,67,69,54,60,54,68
67,73,60,74,73,78,70,53,63,,66,B,64,57
5,24,23,54,59,74,65,0,14,6,43,43,60,53
80,64,74,64,64,65,73,74,55,64,52,55,58,67
84,114,93,98,80,112,99,78,106,81,93,70,100,94
37,20,36,40,27,36,37,18,0,16,23,3,11,11
89,79,67,-2,68,46,57,89,74,64,66,62,42,54
78,61,77,64,75,72,61,64,56,63,52,67,65,55
13,18,,49,51,71,66,0,0,18,34,40,59,51
101,84,96,120,83,92,90,88,78,90,109,77,85,81
45,59,42,51,57,56,59,34,46,28,41,45,49,50
42,53,59,49,41,57,48,37,48,47,42,30,44,42
40,34,20,24,37,25,-8,17,6,0,5,13,1,8
-6,17,30,53,42,64,80,6,2,18,41,31,45,62
16,59.1,34,54,50,60,84,2,19,22,36,38,41,68
31,21,35,31,31,32,34,8,0,12,3,11,12,16
37,30,38,23,27,30,20,16,9,20,0,8,6,
66,67,70,67,68,77,77,61,61,60,62,61,65,69
21,32,32,20,27,30,40,2,4,5,0,,13,19
26,32,28,36,32,35,33,7,15,13,15,13,20,10
75,76,71,68,69,59,44,72,68,66,63,60,50,36
88,86,103,95,105,114,112,77,78,97,82,92,102,103
26.96,89,96,23.04,116,80,97,87,84,83,104,108,70,90
96,103,114,112,99,82,D,89,98,108,105,87,76,86
58,54,46,48,44,49,40,53,45,40,35,35,40,34
11,31,41,52,47,72,62,0,13,26,40,28,53,44
63,66,,69,67,73,75,51,53,69,62,57,66,62
60,41,59,57,57,43,54,50,29,54,48,47,30,46
17,24,34,42,52,-10,75,0,10,20,24,40,51,59
49,55,44,50,59,48,54,39,47,38,41,,40,42
80,79,61,79,80,60,72,66,65,47,65,D,40.45,65
52,51,44,49,55,51,51,44,37,39,43,44,45,41
2,35,26,30,50,68,76,0,22,11,12,38,54,60
67,-9,75,74,76,80,66,62,49,68,64,67,66,61
16,31,38,38,44,51,61,2,13,24,28,29,39,48
75,77,61,73,69,65,69,61,66,52,61,61,59,57
80,63,78,73,74,74,69,75,55,67,60,60,68,56
63,72,70,71,,79,77,58,63,62,61,68,68,66
-3,13,9,-8,-7,1,-9,0,0,0,0,0,0,0
13,14,26,45,50,61,67,0,0,13,34,38,46,56
69,65,61,74,76,61,69,58,53,48,62,70,56,62
70,70,72,71,61,68,65,56,65,60,64,48,63,56
72,75,49.45,70,X,55,56,69,73,79,67,50,54,52
44,42,44,52,43,53,40,38,37,36,41,37,45,32
99,116,99,R,105,104,94,94,106,88,93,100,98,88
8,-7,2,-2,12,8,7,0,0,0,0,0,0,0
57,45,42,40,48,42,40,43,36,30,35,37,30,28
112,112,96,118,116,95,96,105,104,87,110,105,88,90
78,70,J,68,65,-5,44,73,62,62,64,60,42,41
6,28,25,45,54,63,70,0,14,6,29,42,45,58
71,E,72,67,62,75,70,62,69,58,61,52,61,61
78,66,61,65,62,65,80,70,52,53,60,48,59,67
43,57,49,40,59,46,60,37,48,37,34,48,36,47
-5,6,10,2,20,-3,16,0,0,0,0,0,0,0
73,77,,79,67,61,70,67,65,G,72,58,55,64
120,86,107,85,119,115,103,115,81,99,79,108,104,98
46,56,42,49,45,44,56,41,48,28,43,34,35,43
69,73,69,64,76,71,79,64,66,60,57,67,62,68
118,87,107,80,87,116,115,113,81,98,75,82,110,106
-8,-3,14,U,0,11,17,0,0,0,0,0,0,0
9,13,44,32,60,67,85,0,0,30,20,50,48,66
61,76,72,79,74,66,75,54,71,60,72,69,57,66
17,20,-9,13,-9,0,-10,0,0,0,0,0,0,0
19,13,15,4,7,5,-5,1,0,0,0,0,0,0
69,77,73,76,64,74,68,61,71,60,67,52,67,58
22,35,36,37,37,24,40,0,13,18,14,20,5,18
65,60,66,62,60,64,71,53,49,55,56,46,51,65
95,91,109,113,110,106,111,83,79,98,105,98,94,104
53,45,45,55,54,46,40,42,32,33,44,41,37,
41,59,40,55,52,43,98.29,28,53,30,49,43,34,42
61,75,68,75,79,65,60,48,65,61,61,66,58,46
88,82,77,58,64,47,48,80,73,77,58,64,46,45
98,107,44.06,103,107,81,104,86,95,105,89,100,74,94
34,30,26,27,37,35,35,6,6,9,10,15,19,18
6,20,27,41,44,58,85,0,4,11,24,31,41,73
30,40,24,A,20,30,36,11,23,0,8,0,12,7
64.82,49,42,43,45,53,43,38,39,28,30,31,43,37
26,33,38,22,29,30,28,5,9,20,5,14,11,G
58,44,41,45,48,42,40,46,39,36,39,37,35,33
23,29,44,55,50,57,76,6,10,33,40,31,45,60
13,-5,1,-5,-4,11,8,0,0,0,0,0,0,0
72,72,60,61,64,63,145,65,64,54,52,55,61,54
73,84,78,57,60,62,48,69,80,73,56,59,60,42
79,65,64,80,64,78,72,72,57,56,66,59,69,59
104,110,118,91,96,88,96,99,97,105,78,83,75,90
,28,22,37,21,32,36,9,11,0,9,0,9,19
45,43,50,51,58,40,60,37,33,37,45,56.55,34,53
8,0,5,3,14,-6,13,0,0,0,0,0,0,0
81,115,97,91,100,97,113,76,109,90,85,87,86,106
86,66,64,60,65,63,50,83,65,64,57,65,63,50
68,68,79,67,68,74,142,60,58,70,53,60,61,62
-3,15,2,4,5,20,0,0,0,0,0,0,5,0
22,27,40,32,40,25,33,3,0,22,12,15,5,11
19,12,31,42,43,73,84,4,0,18,23,25,62,68
96,104,90,95,99,119,118,84,93,84,82,94,111,107
78,76,61,80,78,67,73,73,64,47,71,72,61,63
43,54,41,52,59,48,40,35,44,29,43,46,36,27
1,16,4,2,-4,-8,-2,0,0,0,0,0,0,0
87,80,77,66,62,49,60,84,72,75,58,62,42,58
83,83,71,69,53,52,58,79,77,67,66,50,52,56
106,110,114,92,103,96,100,95,99,103,86,M,83,90
14,-3,11,125,1,3,10,0,0,0,1,0,0,0
42,44,55,40,54,56,47,36,30,41,32,43,49,33
16,15,-3,10,9,-7,-9,0,0,0,0,0,0,0
87,113,111,83,92,107,108,73,101,100,76,83,100,102
20,11,16,4,-6,13,-6,3,0,0,0,0,0,0
-7,0,15,3,3,1,-10,0,0,0,0,0,0,0
99,113,113,88,105,120,101,86,101,101,82,94,114,88
77,85,74,73,64,60,48,73,84,73,67,64,55,42
0,-7,1,-9,-5,127,7,0,0,0,0,0,3,0
70,61,75,79,73,79,79,61,56,76.25,69,62,71,70
54,46,54,55,57,48,44,47,37,47,42,50,35,37
44,51,53,60,47,52,48,31,39,44,51,37,45,42
89,80,69,57,68,57,43,82,74,68,54,60,52,38
70,85,76,69,51,47,46,63,82,76,68,49,38,39
5,-4,17,-6,5,6,-3,0,0,0,0,0,0,0
50,48,60,60,52,50,52,45,39,46,55,44,41,44
7,32,26,31,52,54,64,0,14,11,12,42,36,50
-2,20,-7,-2,-3,0,11,0,0,0,0,0,0,0
24,34,38,34,39,26,29,0,15,,9,19,0,14
82,108,92,118,83,86,117,71,103,85,112,70,78,111
37,33,23,23,20,25,25,14,18,0,7,0,1,5
17,18,41,33,61,62,79,0,8,30,14,48,44,67
25,22,40,31,24,21,28,7,0,13,14,0,6,7
41,57,45,55,41,44,40,30,49,34,46,36,,31
87,106,100,94,110,103,116,80,100,,81,103,94,102
1,21,30,48,41,75,75,0,D,20,29,28,61,59
23,27,26,54,65,75,84,8,16,14,37,55,61,65
90,80,65,58,61,63,58,90,78,60,53,54,59,55
57,45,57,54,59,44,48,45,38,45,45,48,37,35
62,67,60,78,75,61,75,50,59,48,64,66,54,63
7,15,-7,1,-3,10,10,0,0,0,0,0,0,0
90,100,112,82,108,115,95,83,91,107,70,94,108,81
-3,36,21,29,38,22,37,8,19,3,13,10,1,15
118,111,102,86,89,104,109,110,104,93,78,75,92,95
48,41,53,47,O,52,53,34,35,39,40,46,40,39
-2,7,-4,19,13,10,3,0,0,0,2,0,0,0
21,40,30,39,24,22,23,1,16,9,12,9,0,4
107,92,83,120,102,114,111,93,79,75,111,92,109,104
3,13,40,53,40,70,60,0,1,22,42,21,59,41
77,65,71,62,,79,61,66,56,64,53,58,74,50
77,65,64,68,69,56,56,68,58,55,62,68,50,51
45,58,41,51,51,43,60,32,53,30,44,44,38,47
73,60,O,61,142,65,74,60,49,65,52,54,58,62
82,74,77,67,53,50,56,77,70,75,65,49,49,47
70.71,19,-10,5,16,18,12,0,0,0,0,0,0,0
65,69,76,79,69,60,61,59,63,64,67,59,50,50
7,-2,14,-8,13,20,15,61.16,0,0,0,0,0,0
10,56.6,20,41,44,59,67,0,0,10,26,33,41,55
92,111,101,81,115,117,83,78,100,92,71,105,106,77
2,15,22,125,45,71,72,0,4,8,44,26,60,57
69,65,63,62,76,79,72,,51,58,51,69,70,61
A,20,36,48,53,73,71,0,10,26,35,34,63,61
84,84,73,58,70,48,48,81,83,71,52,65,41,42
41,57,60,47,52,50,57,28,43,54,36,41,38,48
4,17,37,42,64,71,72,0,3,22,31,46,57,56
77,82,64,74,66,46,43,72,X,58,70,63,46,36
,44,55,48,45,57,51,36,32,42,35,8.13,46,40
0,-9,19,-10,3,3,14,0,0,0,0,0,0,0
-6,0,0,-2,-6,-4,3,0,0,0,0,0,0,0
28,39,39,38,23,22,23,2,18,15,19,0,0,0
22,23,29,28,30,20,21,5,8,5,2,14,0,0
9,26,32,43,63,61,80,0,14,18,26,49,50,61
17,35,40,39,,63,63,0,19,29,29,45,45,45
40,46,47,60,50,60,42,31,37,37,54,42,52,31
81,70,64,65,57,62,60,81,66,58,64,55,56,55
0,14,16,8,9,16,-7,0,0,0,0,0,0,0
31,28,40,38,4.76,34,32,7,11,22,19,0,7,16
76,74,67,64,69,53,57,72,70,67,61,69,44,51
88,116,19.61,102,110,100,97,76,102,104,90,104,89,92
63,72,75,66,79,75,70,49,59,70,52,72,69,60
68,62,71,61,71,71,70,59,T,65,49,65,63,59
76,77,64,55,56,45,40,69,76,57,50,54,37,32
48,52,53,57,58,42,51,38,47,43,,48,34,44
-3,15,-4,11,6,0,5,0,0,0,0,0,0,0
62,72,78,69,80,71,61,53,64,73,57,69,60,48
83,67,67,71,68,50,40,82,60,62,70,65,50,38
36,36,34,34,38,21,28,17,13,10,6,21,0,4
82,81,76,63,50,61,50,75,79,76,58,41,56,50
23,33,23,36,38,39,40,0,G,8,10,17,20,12
50,49,49,58,60,44,55,41,44,35,45,53,38,50
73,82,76,58,64,63,52,38.71,75,74,56,59,59,44
54,42,56,60,52,53,58,49,35,44,47,38,47,46
57,49,,58,41,52,51,52,43,42,48,29,40,38
10,-3,0,1,-8,20,13,0,0,0,0,0,5,0
101,89,83,83,108,93,105,93,76,69,73,100,88,94
77,69,62,69,72,72,77,65,61,48,56,64,63,65
89,102,113,109,80,92,106,80,92,105,102,73,83,100
25,33,26,32,35,22,39,7,17,2,9,18,4,13
14,18,16,10,12,19,-7,0,0,0,0,0,0,0
38,28,61.67,37,22,Y,22,19,9,13,22,0,0,1
92,103,110,113,92,86,120,80,98,102,99,79,73,114
O,16,32,36,57,71,78,7,6,22,23,42,52,63
39,30,34,27,33,37,38,11,1,11,7,12,16,23
0,31,30,35,65,74,83,0,20,16,22,48,59,64
1,22,23,31,40,73,75,0,10,5,,26,54,59
60,47,42,49,45,49,58,55,36,29,36,40,42,52
118,103,91,94,114,94,110,106,89,84,81,104,84,96
107,82,120,81,82,81,87,97,71,113,73,77,74,75
105,116,81,92,81,86,96,91,103,72,80,68,81,88
70,74,67,77,80,69,69,58,64,60,63,69,62,63
1,11,15,8,3,11,-2,0,0,0,0,0,0,0
-5,-2,18,1,-2,0,2,0,0,0,0,0,0,0
11,35,26,37,61,51,62,0,25,7,18,49,39,52
119,,128,105,95,113,105,108,96,103,99,89,100,99
6,34,31,51,40,66,84,0,23,15,40,23,54,69
15,32,31,30,48,69,69,0,19,20,15,38,51,58
17,13,16,7,-2,18,8,0,0,0,0,0,0,0
86,82,99,100,82,116,106,80,72,88,88,68,110,98
88,85,144,61,52,64,43,80,83,65,54,49,57,38
75,75,73,72,73,68,70,66,65,62,66,61,60,61
90,75,63,62,65,59,59,84,74,N,60,60,52,51
-1,-5,G,8,-8,4,16,0,0,0,0,0,0,0
92,93,,119,96,115,95,85,83,74,106,86,103,82
99,88,102,96,100,83,82,94,82,95,86,94,73,75
101,92,103,95,105,101,84,,83,91,89,97,96,75
19,4,-5,3,1,-10,15,0,0,0,0,0,0,0
38,34,29,31,34,23,34,22,11,12,2,6,7,10
60,80,71,69,62,70,62,53,71,60,56,55,Q,50
68,64,70,61,78,79,64,57,58,65,56,69,71,55
84,132,63,66,55,23.23,48,75,64,59,61,47,62,45
47,51,60,58,60,78.46,53,40,40,46,52,50,47,41
86,70,60,57,51,131,46,85,68,56,55,46,45,38
115,108,108,104,118,90,91,106,94,99,95,106,85,83
85,73,60,75,62,55,42,50.53,70,53,73,61,53,38
22,34,27,30,28,40,138,3,6,1,D,0,13,15
26,150,26,35,24,21,39,2,7,6,7,5,0,13
64,80,61,67,69,67,75,50,74,,59,64,56,63
68,62,73,71,62,72,66,63,52,68,64,54,63,54
47,42,42,56,59,45,54,42,30,35,49,47,34,49
77,77,71,76,69,77,79,65,67,59,67,55,68,71
7,3,17,7,,-1,10,0,0,0,0,0,0,0
60,45,47,43,52,28.2,47,52,33,36,34,40,33,35
23,30,143,31,45,62,60,9,16,19,13,27,46,42
15,-3,10,14,3,12,19,0,0,0,0,0,0,0
83,78,67,58,67,61,60,79,69,63,57,61,58,55
53,56,57,52,55,,56,42,48,46,40,45,50,50
110,102,106,109,109,84,98,103,89,92,103,97,75,90
20,26,23,29,34,33,23,0,1,0,1,19,4,8
60,48,56,51,46,58,51,50,37,50,38,40,52,45
87,83,62,75,50,46,57,87,77,61,75,47,38,51
55,40,51,49,45,49,43,42,27,46,41,32,38,38
28,26,36,24,30,29,40,6,10,13,0,6,11,12
55,46,127,49,50,60,46,42,40,38,37,36,50,34
68,65,62,68,74,65,70,62,53,48,61,62,51,64
48,56,59,59,42,58,60,41,44,45,50,34,53,47
23,20,22,23,40,25,22,1,4,4,3,19,2,7
2,24,24.96,51,45,51,72,0,14,28,40,34,41,56
94,94,95,99,101,88,86,80,82,88,89,91,78,81
22,14,30,49,,51,61,9,0,18,30,47,34,47
44,45,53,58,40,59,57,34,31,45,47,31,52,65.83
19,-2,14,15,10,-1,13,2,0,0,0,0,88.14,0
49,45,48,42,59,56,55,43,37,39,33,50,50,50
50,41,42,45,56,48,56,36,34,33,34,44,36,45
119,103,93,110,97,94,93,111,89,88,100,84,82,85
119,93,81,89,101,85,108,110,85,72,75,93,71,94
22,29,20,27,24,39,-10,0,5,0,0,9,13,3
21,35,14.81,36,38,24,32,1,11,19,21,20,9,14
19,2,-6,-2,11,-10,18,0,0,0,0,0,0,1
71,68,75,64,50,61,47,70,67,73,60,44,54,43
59,50,16.67,54,52,54,54,52,44,32,41,42,41,43
25,26,28,37,35,27,33,7,2,7,19,18,4,10
62,65,77,66,65,75,80,55,58,71,61,60,68,69
102,93,96,103,109,103,87,95,82,88,89,103,91,81
73,78,61,74,67,71,73,59,66,49,61,57,60,68
3,15,35,50,63,61,70,0,0,23,38,49,45,55
27,26,39,35,26,32,26,0,4,,13,0,13,9
8,14,15,17,12,8,15,0,0,0,0,0,0,0
101,87,102,109,112,116,111,96,82,88,95,98,,103
15,-6,-10,-2,-3,13,7,0,0,0,0,0,0,0
-8,68,69,60,65,66,75,62,59,59,48,51,61,70
17,5,7,13,8,J,-10,0,0,0,0,0,0,0
3,,20,-3,14,6,-8,0,0,0,0,0,0,0
52,59,44,56,49,57,50,46,47,32,50,35,52,45
X,24,G,33,24,28,40,7,5,1,8,0,4,23
16,5,-4,6,17,14,-9,0,0,0,0,1,0,0
71,75,79,73,68,57,53,65,69,70,69,61,55,52
75,85,77,65,M,63,45,72,76,68,64,54,63,41
53,59,41,41,42,53,56,44,47,28,27,34,43,46
32,22,25,38,36,21,39,13,7,0,21,9,2,11
83,107,84.88,88,86,114,99,77,99,93,74,W,100,94
-2,2,-7,20,,20,13,0,0,0,0,0,3,0
65,66,63,78,76,79,73,53,59,58,67,62,74,63
59,40,53,50,42,42,46,51,27,47,44,37,34,41
3,16,37,50,57,70,79,0,4,26,31,47,54,62
-7,-3,-3,-7,20,147,12,0,0,0,0,0,0,0
3,72.51,35,39,45,,69,0,20,25,26,29,39,59
71,77,70,62,72,77,65,64,70,65,50,62,68,59
72,81,69,64,62,58,47,64,80,63,59,58,55,39
82,66,72,64,52,64,42,74,59,63,61,47,63,41
78,75,71,67,62,57,47,69,75,67,64,54,55,45
1,10,25,42,46,61,75,0,0,11,32.27,36,44,56
53,43,59,42,45,56,56,46,35,50,28,34,51,47
54,48,55,57,89.89,59,49,48,39,42,48,31,47,41
25,13,43,43,59,74,61,11,0,31,30,47,63,42
32,24,23,27,23,38,36,11,0,8,5,2,22,20
115,108,-2,87,115,106,84,104,97,102,73,107,96,76
84,66,65,72,60,52,43,80,58,65,69,55,43,40
8,-9,4,2,10,15,13,0,0,0,0,0,0,0
88,72,79,59,65,56,57,88,72,X,51,59,48,54
15,28,42,52,52,62,62,0,15,28,36,33,43,43
88,93,108,98,113,102,97,,84,98,89,100,90,84
49,57,44,43,60,49,49,36,44,37,31,,39,41
-3,33,38,22,21,20,37,4,10,18,0,0,1,9
30,28,33,40,20,33,33,83.85,4,17,23,0,11,15
83,82,61,73,62,58,45,74,78,52,73,54,57,42
78,80,79,73,80,72,65,73,66,67,61,73,65,60
40,43,55,56,52,-8,52,32,30,42,47,38,36,42
42,52,55,41,54,46,83.46,33,39,47,,45,37,54
51,60,56,43,52,45,43,46,48,45,32,46,36,36
83,79,66,75,65,61,46,75,79,58,67,64,61,43
4,11,-3,0,-3,8,18,0,0,0,0,0,0,0
90,85,78,65,56,63,71.82,87,83,75,58,56,61,57
83,99,99,90,84,116,89,76,88,89,76,77,109,78
55,55,46,130,46,55,57,44,47,32,54,40,50,47
22,34,31,25,40,24,24,0,17,3,7,23,1,7
115,111,83,119,104,97,92,102,105,74,110,91,87,82
94,113,82,119,90,108,115,82,108,76,107,81,98,107
84,69,70,55,59,52,54,76,69,70,52,53,45,46
47,45,42,59,53,43,60,38,34,30,48,47,35,49
4,12,-5,12,15,16,20,0,0,0,0,0,0,0
60,66,63,79,72,70,65,54,60,50,65,61,60,55
76,74,62,69,78,73,64,71,63,48,58,66,65,52
63,38.83,79,74,78,78,73,58,57,65,67,64,73,59
81,80,105,105,86,109,108,76,71,95,92,80,103,98
106,94,84,92,87,98,97,96,88,78,83,80,90,91
73,71,70,73,80,62,63,63,27.18,63,68,66,49,51
88,110,111,98,99,105,120,76,103,104,85,94,91,107
43,57,48,42,58,45,43,36,45,36,28,45,37,33
-8,17,-8,-3,5,-9,10,0,0,0,0,0,0,0
53,60,54,54,44,50,40,48,E,48,44,37,40,29
72,79,67,60,79,74,73,60,67,57,46,73,60,64
9,26,44,43,54,70,65,0,14,33,33,40,53,47
65,62,66,65,62,69,62,58,55,54,60,56,55,55
6,,29,34,57,60,61,0,0,14,22,43,45,43
70,82,62,56,51,57,53,64,76,56,47,50,37.69,51
118,84,84,88,104,119,110,104,73,71,80,94,107,100
105,100,130,86,82,107,83,95,91,94,78,75,97,76
35,34,26,34,37,20,23,16,17,2,6,15,4,0
16,14,28,31,48,71,80,0,2,12,20,36,61,61
70,85,69,62,58,59,57,67,81,67,62,50,55,50
114,80,94,116,80,106,116,104,71,87,111,66,94,102
71,80,80,70,50,50,43,71,79,75,65,46,49,37
-4,63.38,28,39,27,26,21,9,5,9,21,2,0,0
76,,61,64,80,G,71,64,65,53,57,75,12.87,62
54,47,54,42,52,40,49,46,41,47,37,46,29,36
-8,70,68,77,80,73,77,63,65,,70,74,65,68
28,38,21,-8,24,20,30,0,21,5,0,0,0,2
111,119,103,116,80,114,89,104,109,93,110,70,104,84
-4,-4,-6,1,-4,-2,-2,0,0,0,,0,0,0
104,111,80,86,112,81,F,90,106,73,72,99,70,75
42,43,40,51,-8,45,54,36,30,27,37,40,31,40
69,66,73,72,62,71,80,55,53,60,62,57,61,68
111,116,87,89,104,81.79,80,103,111,93.41,82,95,90,75
29,31,27,27,23,28,37,13,15,8,7,0,6,22
84,65,76,66,63,62,42,82,62,73,61,62,54,42
60,75,72,,76,67,62,53,68,61,49,67,57,51
9,33,22,33,62,70,F,0,14,6,22,48,53,57
74,U,63,67,76,74,67,67,55,49,61,65,67,61
-3,9,15,17,-3,8,-5,0,0,0,0,0,0,0
90,96,96,101,104,106,108,80,S,85,89,94,93,102
O,83,61,58,55,45,C,65,78,52,57,53,41,35
-4,-2,16,A,14,14,8,0,0,0,0,0,0,0
120,81,100,83,116,87,117,109,70,91,76,108,76,Y
25,30,20,20,31,28,33,0,15,2,0,11,11,12
81,65,69,72,68,51,54,76,57,62,66,63,43,53
20,20,13,20,-5,,-3,3,60.85,0,0,0,0,0
95,100,118,91,96,89,84,87,93,105,85,82,78,74
10,10,22,47,53,73,78,0,0,8,36,42,57,68
33,31,38,35,37,39,28,13,2,12,10,11,22,4
8,31,25,34,50,73,78,0,19,11,18,36,,63
74,66,68,72,68,47,47,73,65,62,63,65,44,46
103,86,104,115,100,82,102,90,73,94,101,94,69,92
55,131,57,56,48,58,46,43,29,46,46,41,44,39
114,120,111,87,111,95,94,101,111,98,80,100,84,26.14
86,70,66,66,65,64,40,82,70,59,66,64,60,35
36,22,20,37,28,24,24,8,3,2,18,4,0,9
20,31,30,55,51,59,61,2,17,18,40,33,48,51
76,70,67,62,-6,70,63,66,56,59,56,65,57,51
59,54,42,46,42,,45,92.66,40,35,35,35,46,34
84,117,86,10.95,102,143,87,78,106,78,104,94,82,75
10,20,7,8,12,D,-4,0,5,0,0,0,0,0
97,91,84,91,86,84,99,89,85,79,82,72,74,85
,29,28,35,55,62,67,0,13,10,20,38,45,54
5,34,29,55,42,67,78,0,24,14,42,24,52,64
28,28,34,37,40,24,25,13,11,8,13,24,0,0
119,94,84,104,116,115,102,105,88,71,14.21,109,106,94
35,40,24,36,22,35,31,15,16,0,21,2,13,5
40,31,35,25,27,29,30,24,13,10,0,12,11,7
19,32,42,30,61,62,72,7,21,26,14,45,45,53
69,61,67,71,60,65,62,55,56,57,64,51,58,56
15,10,7,17,-4,-2,20,0,0,0,0,0,0,0
78,69,75,56,70,62,41,76,60,68,51,65,60,39
53,53,47,R,51,50,43,48,47,36,40,39,40,34
74,78,-10,67,52,55,53,72,70,66,58,48,48,52
46,43,57,56,40,48,55,32,30,50,43,27,36,48
80,70,76,72,57,57,54,78,70,74,66,55,53,47
21,20,41,,65,52,79,9,6,30,31,54,40,62
-9,42,43,47,40,53,43,43,29,29,42,33,46,38
5,25,25,39,50,65,71,0,12,13,21,40,52,59
89,91,107,95,100,93,84,84,78,102,90,86,85,71
80,94,113,109,112,118,115,72,86,103,100,104,105,110
11,34,21,32,55,57,69,0,21,8,16,39,45,53
115,104,85,110,80,100,106,101,96,80,101,71,89,96
87,114,95,87,87,109,110,80,105,88,78,73,95,101
31,36,36,37,25,24,24,11,J,14,13,10,1,0
19,-4,9,13,17,8,-5,0,0,0,A,0,0,0
14,6,-2,0,7,-5,-2,0,0,0,0,0,0,68.12
59,55,42,49,52,52,50,48,43,,41,39,45,43
31,22,37,32,22,25,27,5,7,13,5,6,9,12
111,89,103,101,99,104,101,101,78,98,92,92,96,89
79,76,77,64,62,66,80,67,65,69,52,56,56,67
40,-8,36,22,20,21,20,11,11,9,0,0,0,3
80.19,103,91,92,120,84,104,83,93,86,83,112,75,97
18,27,26,32,47,71,70,2,8,14,16,37,52,54
41,53,43,47,47,54,43,28,41,30,37,39,74.38,37
100,83,103,89,94,86,106,92,73,90,82,89,77,94
74,71,70,75,74,70,78,63,64,58,68,67,57,72
15,34,39,-1,44,66,61,0,17,24,37,27,47,47
72,69,76,74,61,68,70,65,59,62,62,55,60,65
81,102,80,88,117,120,82,70,96,66,74,109,114,77
60,69,67,79,73,69,66,55,57,55,73,63,58,57
116,108,119,112,94,91,84,7.95,103,106,100,87,78,72
36,35,40,21,30,20,34,11,7,14,5,11,0,16
55,60,48,41,42,47,41,50,52,41,30,35,35,35
87,72,60,65,51,45,56,85,68,58,57,42,41,56
88,65,62,74,51,50,49,80,64,61,73,44,V,43
87,68,68,64,60,52,60,82,61,59,59,52,48,59
79,67,69,68,142,47,42,74,61,61,60,58,47,37
58,55,47,55,42,58,,50,50,39,50,32,52,41
,40,24,34,35,31,30,4,20,9,13,10,11,6
85,78,78,57,52,64,54,77,72,69,56,50,55,54
84,66,72,70,66,54,48,78,60,64,62,60,53,40
49,56,51,55,58,46,49,35,,43,44,52,34,37
0,-9,-5,0,6,13,17,0,4.4,0,0,0,0,0
9,27,29,44,48,50,69,0,8,17,31,29,39,58
56,53,52,42,40,53,59,44,44,47,32,35,47,50
68,63,60,71,61,64.71,60,58,54,54,59,54,48,47
23,36,P,29,28,32,40,0,11,7,2,0,13,23
9,19,41,48,41,51,76,0,5,29,R,27,36,63
-3,-8,10,7,-6,13,2,0,0,0,0,0,0,0
24,33,29,22,24,23,32,6,13,4,0,3,0,98.84
35,37,32,32,25,37,37,11,21,5,10,4,15,17
66,66,66,73,62,68,63,59,53,54,63,48,63,49
10,,31,45,50,74,81,0,12,13,27,31,62,67
102,120,111,112,117,109,89,94,112,104,107,112,103,79
74,78,71,77,63,64,63,65,70,58,63,57,53,53
55,42,51,48,58,53,40,48,29,43,41,52,46,26
71,62,78,77,66,60,63,60,53,70,68,61,53,53
3,-2,12,4,16,4,0,0,0,0,0,0,0,0
97,108,,86,83,109,117,86,96,104,74,74,102,112
85,83,86,89,113,109,112,80,72,,78,107,95,100
114,116,93,80,110,89,84,101,106,86,74,103,83,70
32,30,32,24,31,33,29,17,14,8,8,9,12,1
50,54,48,49,53,50,41,37,47,38,44,47,38,35
1,-8,-3,85.85,7,4,13,0,0,0,0,0,0,0
79,70,72,62,65,61,60,74,69,64,57,60,11.55,57
70,75,71,70,69,77,65,64,62,59,62,60,64,57
75,65,79,-2,79,71,71,64,60,69,63,65,62,63
,73,62,70,51,57,49,68,64,55,67,50,48,41
67,73,60,76,70,76,60,57,59,53,69,58,64,53
34,24,36,28,20,22,35,10,0,19,12,0,2,17
19,35,28,44,57,68,71,8,25,16,29,44,53,59
86,80,74,62,62,56,47,77,79,66,54,58,51,46
104,89,105,114,88,102,111,91,79,91,109,77,94,106
111,100,89,90,82,86,97,105,93,79,80,75,77,85
2,31,0,43,61,51,68,0,16,15,32,44,35,50
8,-1,-3,16,-5,4,8,0,0,0,0,0,0,0
34,33,29,24,26,30,30,9,4,11,7,3,14,6
17,31,24,48,53,70,71,2,15,,30,36,60,60
58,54,-3,54,58,44,54,52,48,31,43,50,36,41
38,23,31,33,38,30,,18,1,8,18,13,6,20
46,41,49,47,50,55,42,32,29,36,33,43,48,37
116,104,114,105,103,117,105,105,98,101,91,94,108,97
4,3,14,5,9,12,7,0,0,0,0,0,0,0
50,45,54,46,51,60,46,43,33,44,37,46,50,34
40,-4,57,59,57,44,46,27,43,V,49,45,37,37
19,-7,0,12,3,0,-5,4,0,0,0,0,0,0
8,10,41,53,60,71,70,0,0,27,41,41,57,52
11,14,13,-8,1,2,11,0,0,0,0,0,0,0
35,25,26,31,40,35,35,13,1,0,11,13,19,18
60,54,52,-10,45,53,40,48,41,46,50,34,48,29
20,31,43,55,59,61,71,3,12,24,45,44,51,56
17,7,17,3,13,13,0,0,0,U,0,0,0,0
23,29,24,21,30,25,35,3,0,2,0,15,10,15
88,80,132,54.52,57,46,42,88,72,68,64,52,43,34
61,62,72,75,64,74,76,56,54,58,63,55,69,71
74,78,76,60,68,76,62,62,67,63,52,57,64,50
60,49,41,54,42,48,44,47,36,33,48,31,41,32
71,-1,67,63,66,69,64,60,71,55,58,57,61,59
79,60,72,69,74,79,67,66,54,63,56,69,67,61
13,18,-8,20,2,14,19,0,0,0,5,0,0,0
53,46,56,43,41,60,40,41,41,45,38,31,52,33
20,35,21,34,37,22,22,0,10,0,6,13,0,5
79,70,78,79,80,78,64,73,59,70,66,71,65,57
66,69,63,60,67,66,77,56,,57,51,62,57,68
84,71,63,T,64,48,54,84,68,59,57,62,42,51
39,30,33,36,26,32,35,9.05,14,11,8,6,15,11
56,,42,45,41,49,53,47,43,34,35,30,40,43
55,50,42,O,45,57,46,43,40,36,45,35,50,39
7,19,30,45,42,70,67,0,9,12,31,25,59,48
18,10,5,-10,9,-1,19,0,0,0,0,0,0,0
-3,-6,7,7,-8,-9,9,0,0,0,0,0,0,0
28,32,28,35,22,31,33,3,15,10,8,1,N,10
22,21,40,35,23,24,39,0,0,16,13,5,0,19
85,80,79,73,51,46,58,84,76,77,66,49,39,11.45
83,71,67,73,66,50,47,80,70,67,69,61,46,42
24,34,41,33,57,64,79,11,15,23,22,39,51,69
18,3,9,-5,2,11,-4,0,0,0,0,0,0,0
71,70,67,61,70,63,76,58,57,57,48,65,50,
82,119,112,107,81,98,98,76,106,99,95,71,88,87
58,60,49,49,51,59,59,53,47,39,38,42,45,52
80,85,103,104,115,116,84,74,72,97,94,109,104,74
111,85,80,58.86,118,117,104,97,79,68,100,106,112,93
76,72,63,69,55,57,43,73,71,59,60,48,53,39
52,43,58,43,47,57,46,38,29,46,35,39,49,38
15,30,45,39,56,67,76,4,11,30,29,46,54,61
73,75,63,61,66,55,60,73,70,55,60,63,46,52
-4,13,2,16,6,-6,-4,0,0,0,1,0,0,0
76,68,78,62,67,65,52,71,65,74,60,64,64,51
0,16,28,46,41,75,81,0,3,18,36,25,58,64
9,14,1,3,0,-4,13,0,0,0,0,0,0,0
94,110,99,84,85,82,115,86,102,86,75,72,75,106
-5,18,2,20,-5,0,3,0,0,0,1,0,0,0
18,-6,-2,12,14,-2,-10,0,0,0,0,45.7,0,0
56,46,49,54,47,42,56,45,34,38,45,37,37,49
89,88,119,89,117,102,86,81,81,110,82,111,96,73
37,31,22,32,37,150,28,10,11,4,11,21,3,9
81,-9,91,84,119,97,85,75,87,85,72,114,85,76
52,59,43,54,52,50,51,42,49,31,42,38,39,57.9
0,31,42,34,50,0,74,0,20,27,22,38,38,63
11,2,-7,20,2,12,1.61,0,0,0,0,0,0,0
61,60,77,80,66,60,65,54,52,64,72,53,55,57
116,110,96,91,108,85,110,107,99,84,77,99,72,99
-4,11,5,-3,-2,12,15,0,0,0,0,0,0,0
8,17,37,38,58,56,70,0,0,23,20,44,46,59
95,118,84,107,-1,103,88,90,105,74,98,97,92,78
36,,29,37,8.82,28,27,18,12,9,10,1,N,2
57,60,41,55,52,54,48,48,72.58,28,47,43,49,40
46,47,47,48,59,57,55,36,36,42,39,50,50,42
57,58,49,56,53,56,48,49,48,41,50,46,48,36
78,79,61,73,77,64,80,72,73,55,64,69,57,70
116,97,100,81,106,98,95,109,87,90,69,93,90,84
97,98,81,84,90,99,108,85,93,67,78,83,87,100
87,83,75,68,69,46,53,78,79,68,60,62,39,51
90,96,84,120,91,95,91,81,90,70,114,79,84,78
20,31,42,36,59,61,75,7,13,27,26,40,49,64
57,51,58,45,52,42,55,46,39,50,40,45,32,46
83,85,63,70,66,54,45,82,78,62,65,64,46,40
16,13,40,31,44,57,70,0,2,23,14,31,46,58
1,11,25,41,51,52,64,0,1,14,30,35,35,49
90,76,73,61,53,55,54,88,71,70,52,51,52,46
50,45,50,40,60,46,48,36,39,38,33,49,33,A
116,100,90,118,108,0,92,108,87,85,113,98,102,85
21,32,32,40,40,21,22,0,15,7,13,11,5,3
28,21,35,29,33,32,21,12,0,9,8,15,12,2
71,76,75,55,52,53,48,63,75,71,46,48,44,46
81,115,110,118,105,106,109,70,106,96,113,92,96,99
34,27,,32,26,26,39,16,0,2,8,0,3,14
4,-5,17,-8,14,4,10,0,0,0,0,0,0,0
115,S,90,88,95,83,83,103,89,76,77,82,73,75
84.25,109,103,91,87,107,80,114,100,90,78,79,93,66
25,40,,29,29,39,40,0,20,2,12,14,11,17
80,66,75,60,62,78,69,68,54,61,48,55.92,71,61
33,21,26,38,21,36,22,12,6,1,14,0,15,3
54,58,49,49,42,50,52,47,50,37,39,33,43,38
60,54,57,60,46,47,42,51,47,22.4,55,35,38,30
U,60,48,60,56,49,54,32,50,41,55,46,42,45
75,75,,56,63,57,56,72,78.91,69,53,58,48,48
66,69,63,75,60,69,64,55,59,49,70,51,60,58
20,29,40,31,26,40,39,0,0,12,4,3,12,7.28
39,28,27,27,32,30,140,16,9,11,11,14,3,14
40,41,53,56,57,46,47,26,31,45,51,50,35,39
84,83,79,61,G,55,40,75,80,77,57,68,54,35
108,116,100,113,93,94,108,101,105,87,101,85,E,103
U,80,80,66,68,63,62,6.75,70,73,61,57,53,53
85,85,74,63,57,53,60,83,84,72,55,54,52,58
70,79,93.0,78,70,68,75,61,72,61,65,57,62,63
25,33,25,31,45,62,67,11,,9,16,29,52,54
33,40,23,24,23,30,30,9,20,0,0,0,15,5
90,80,111,89,97,89,114,80,68,99,79,83,77,108
108,81,91,80,110,117,117,99,75,78,74,96,106,111
11,20,-7,10,9,9,4,0,0,0,0,0,0,0
60.42,31,35,35,40,22,37,7,3,7,20,14,3,17
96,119,93,91,86,119,94,82,113,82,78,77,106,82
63,74,65,72,78,78,76,49,69,55,64,68,71,71
75,76,77,62,61,75,69,64,67,63,55,52,64,57
1,-2,5,18,-7,-9,18,0,0,0,1,75.21,0,0
51,43,46,44,51,48,59,41,37,32,33,39,35,48
68,64,68,79,69,78,78,62,51,54,73,56,69,73
60,53,44,52,41,49,43,47,48,39,40,32,,38
43,52,48,50,57,49,49,31,42,35,40,44,40,39
25.28,90,100,108,149,107,114,80,80,90,97,76,97,102
84,65,70,71,63,45,50,81,61,61,68,63,39,49
104,102,90,105,105,89,80,99,97,84,91,94,79,66
113,113,101,115,90,92,84,104,106,95,105,80,83,71
72,61,71,78,77,66,73,64,50,57,,70,55,65
-10,12,1,3,-4,-3,-10,0,0,0,0,0,0,0
53,51,55,54,41,44,57,,45,45,42,29,38,49
23,17,28,30,53,60,78,5,6,9,12,36,42,67
25,32,37,36,39,34,32,4,17,8,8,15,5,4
75,65,73,66,61,62,54,72,57,64,63,59,61,53
25,34,25,36,21,28,29,0,8,0,60.63,0,2,10
7,19,35,53,61,72,79,0,2,20,34,46,59,63
-7,-9,10,10,2,5,-8,0,0,0,0,0,0,0
-3,56,52,51,53,,40,36,45,47,42,47,39,28
9,-6,18,12,-5,5,13,0,,3,0,0,0,0
92,92,91,109,92,112,80,81,81,77,102,80,102,
16,19,27,44,42,56,70,5,8,16,29,27,39,57
104,116,118,97,93,118,86,93,111,110,88,79,105,73
26,24,39,40,29,28,31,4,5,10,25,5,10,
40,46,57,40,50,40,45,30,40,50,28,40,31,40
65,74,78,62,60,62,73,60,64,72,50,54,54,67
80,76,60,20.15,59,57,51,72,76,52,55,59,48,47
43,48,47,53,59,43,59,30,38,34,45,47,37,46
-4,16,-9,12,X,-6,-4,0,0,0,0,0,0,0
-1,20,-7,15,3,8,4,0,1,0,0,0,0,0
70,78,70,76,61,78,76,65,65,63,62,54,68,69
90,9.31,88,97,97,82,104,82,,80,83,83,70,99
64,65,78,74,63,69,64,58,51,73,66,58,61,53
111,92,98,56.86,114,107,95,97,79,87,111,108,95,85
83,75,68,74,-8,49,59,78,66,61,68,57,47,53
-6,4,18,11,17,0,19,0,0,0,0,0,0,0
94,87,87,90,116,80,88,88,79,79,80,108,68,74
-10,3,-4,0,16,18,11,0,0,0,0,0,0,0
76,74,73,64,62,53,41,69,65,66,M,57,50,37
90,89,85,98,91,102,92,85,75,73,88,79,96,80
2,35,20,34,64,70,65,0,18,,18,,53,50
68,75,60,80,69,66,74,55,65,55,66,59,60,20.83
13,31,27,53,O,55,69,2,19,8,38,34,43,59
37,-7,30,26,21,O,32,16,0,14,2,0,7,9
11,8,-3,1,-4,3,6,0,0,0,0,0,0,0
90,69,75,56,65,57,43,84,66,70,48,62,50,38
-6,-4,17,-10,18,18,12,0,0,0,0,0,18.67,0
76,61,66,75,76,60,76,65,47,57,66,65,49,68
25,25,38,44,47,50,68,15,9,27,27,35,38,52
13,35,39,42,63,65,78,0,18,23,30,46,48,65
42,49,53,40,P,-1,93.61,33,35,40,32,43,33,51
32,37,27,20,33,31,27,17,20,8,0,13,5,1
54,51,43,56,60,43,57,43,43,32,50,47,37,52
55,56,51,55,46,60,54,48,Y,42,50,41,49,41
-2,10,3,-10,18,13,-10,0,0,0,0,0,0,0
55,41,41,42,60,52,54,44,33,33,36,47,44,41
80,77,70,72,58,54,45,76,73,70,69,59.81,46,38
106,82,92,87,94,97,108,100,68,82,73,83,86,97
110,118,109,117,96,108,109,105,111,95,105,85,94,99
47,41,43,55,59,53,58,42,32,31,42,53,48,53
83,86,97,,111,103,117,73,81,90,83,101,92,105
58,40,48,53,46,50,41,49,33,43,45,36,41,32
73,78,68,60,61,69,-2,63,67,63,50,53,61,51
20,15,40,38,53,57,74,9,2,23,21,38,40,58
5,32,30,39,61,61,62,0,13,14,23,44,43,51
30,22,24,38,40,22,28,6,3,56.15,11,16,0,12
85,85,60,71,55,51,49,80,83,59,64,46,43,43
59,57,46,60,56,57,45,45,90.8,38,54,42,52,40
75,79,74,55,0,51,52,68,71,67,30.64,59,48,
100,114,88,116,82,109,104,87,104,76,108,71,103,93
72,72,B,75,75,78,66,61,60,63,66,69,71,52
80,64,67,73,63,69,78,71,54,61,62,53,59,67
79,72,62,79,75,77,64,69,67,54,71,70,69,56
78,67,71,80,66,75,76,70,54,66,69,53,64,65
112,96,90,92,100,96,95,98,91,82,78,91,90,87
96,105,80,104,107,88,106,90,96,71,98,57.93,76,93
54,56,54,55,45,58,49,49,50,43,42,38,46,37
90,78,80,74,57,53,46,,76,72,65,53,48,37
1,21,41,42,50,50,72,0,11,25,27,36,38,56
13,15,10,18,,6,-3,0,0,0,0,0,0,0
-8,3,16,7,6,14,-7,0,0,0,0,0,0,0
39,37,32,31,24,21,34,13,10,17,10,6,6,19
73,81,79,58,54,62,59,67,81,71,54,51,57,55
13,16,42,55,41,60,82,0,0,24,36,24,49,64
45,47,52,47,58,52,53,31,41,43,37,53,41,39
87,92,93,86,115,105,118,82,81,80,75,102,94,108
72,62,65,63,75,64,60,63,51,57,49,64,54,53
-3,-2,0,18,-4,12,12,0,0,0,0,0,0,0
0,17,34,51,64,57,80,0,0,24,32,50,43,64
77,73,77,142,M,45,45,69,64,71,47,63,38,43
70,72,69,75,63,63,63,64,64,56,65,55,50,49
116,83,114,103,52.32,93,118,102,70,100,97,90,83,108
25,32,45,36,54,62,60,11,22,31,22,38,51,50
41,55,48,56,51,42,43,30,50,38,44,46,30,35
71,66,71,O,51,64,52,66,61,66,58,43,63,47
101,101,104,100,85,103,81,93,91,99,92,71,94,74
83,84,92,92,113,87,Y,74,76,80,72.45,103,77,82
70,66,73,59,53,50,42,63,57,68,50,47,48,35
37,25,33,39,39,28,128,8,7,5,10,23,13,7
5,11,49.53,44,-7,61,64,0,X,20,32,37,45,48
110,117,51.52,81,80,116,91,99,111,84,74,74,110,85
5,19,31,47,59,59,77,0,5,18,30,43,48,60
2,-3,18,14,15,-9,8,0,0,3,0,,0,0
24,27,38,32,125,74,70,10,16,22,13,52,57,52
18,10,40,43,48,52,64,6,0,26,28,30,34,50
12,4,-6,-10,10,10,16,0,0,0,0,0,0,0
37,27,25,A,29,145,20,11,3,0,5,13,9,0
100,57.63,107,95,118,112,85,88,107,96,85,110,102,80
100,91,84,119,86,117,114,90,84,72,109,78,108,103
18,-3,-5,0,-9,15,-9,0,0,0,0,0,0,0
41,58,52,48,41,44,44,28,48,39,40,36,32,31
119,100,85,108,96,92,97,107,90,71,99,84,82,90
77,85,80,N,59,51,54,68,78,73,67,58,47,53
16,-10,-3,19,-9,15,7,0,0,0,0,0,0,0
19,30,30,45,58,63,68,1,14,18,32,47,51,55
23,26,33,32,38,33,40,7,1,15,8,9,13,20
T,68,69,63,61,80,72,54,56,61,53,98.04,71,64
21,22,29,51,55,52,150,4,9,16,38,41,38,66
81,78,65,65,50,54,41,81,77,64,65,43,45,38
63,62,80,64,71,80,68,54,49,68,53,58,72,63
63,77,69,77,70,64,M,50,64,64,71,62,,72
66,70,75,66,68,72,75,57,61,64,52,J,61,64
61,69,61,64,66,68,65,56,64,50,54,59,59,53
92,109,105,95,99,102,100,86,101,93,87,88,89,87
40,39,23,25,36,33,21,18,20,2,0,21,18,0
68,77,67,60,76,79,71,59,68,62,50,68,67,62
52,48,48,59,48,48,42,38,38,34,46,38,36,31
109,91,87,107,98,87,115,100,85,74,97,87,75,110
40,46,57,43,56,49,40,30,40,50,32,50,44,31
4,-3,,-10,10,1,-2,0,0,0,0,0,0,0
58,45,44,51,48,41,44,52,38,35,45,35,29,37
29,37,27,33,32,34,27,9,22,1,12,17,7,0
26,22,40,27,29,22,33,11,0,25,2,3,0,9
99,112,112,112,83,110,99,90,106,106,104,70,104,94
21,30,28,36,38,23,20,2,2,5,9,10,0,0
68,72,75,64,69,67,61,63,59,63,53,58,53,55
-8,-8,18,1,15,55.11,-6,0,0,2,0,0,0,0
109,118,100,84,88,115,109,101,110,90,,76,106,99
-8,7,-9,5,2,2,140,0,0,0,0,0,0,0
78,75,61,57,66,61,51,78,70,58,57,65,53,50
82,72,74,60,55,62,54,77,71,73,57,46,60,C
68,77,73,78,,66,79,58,69,67,65,57,53,69
55,43,43,56,40,40,50,46,37,35,43,35,26,40
-8,3,-2,-5,-10,0,0,0,0,0,0,0,0,0
56,54,50,54,42,51,,50,43,44,44,30,43,45
75,70,63,61,55,54,46,75,68,63,58,49,46,39
80,77,63,-8,64,60,43,72,73,55,51,62,51,34
2,34,G,47,62,56,67,0,22,10,29,46,45,55
72,71,73,58,66,58,54,65,63,69,53,59,50,49
-3,5,3,20,17,-10,2,0,0,0,0,0,0,0
31,40,34,29,29,21,32,9,12,,1,13,0,9
80,80,69,69,57,59,46,79,80,60,61,56,57,
70,72,80,75,62,46,47,62,63,80,74,53,41,43
22,16,22,39,57,70,,10,3,7,21,46,52,54
43,46,46,51,47,56,-7,36,36,40,42,39,50,54.66
6,0,19,3,10,10,3,26.46,0,0,0,0,0,0
67,75,80,71,76,73,61,62,63,69,66,69,63,55
40,36,32,27,36,20,40,24,8,14,1,10,1,11
22,-3,31,29,34,28,35,7,11,14,7,13,4,19
50,50,54,46,40,56,53,38,44,42,36,31,46,39
64,67,60,67,68,65,68,59,55,48,61,56,56,58
30,31,28,38,21,-3,34,10,9,1,18,0,0,9
104,84,138,97,97,98,115,97,71,100,87,86,93,105
78,72,68,72,64,56,47,69,63,64,67,57,55,38
-10,69.32,-5,-6,13,11,6,0,0,0,0,0,0,0
52,51,60,50,48,40,57,46,39,49,40,38,31,49
64,61,74,66,60,67,71,50,56,60,57,50,53,64
6,18,43,35,63,56,83,0,6,31,19,53,45,69
29,30,22,39,23,28,30,9,9,2,11,6,0,11
72,74,74,68,55,51,42,69,71,72,65,54,42,38
-4,37,33,32,36,27,29,7,15,5,12,10,1,3
35,29,20,35,40,34,29,17,7,0,7,19,13,14
96,114,86,106,88,0,84,83,107,77,100,82,97,78
63,75,63,74,64,75,76,58,61,54,63,59,66,70
87,78,66,58,65,59,51,78,70,64,53,59,59,44
19,25,34,54,48,75,68,4,11,20,44,33,64,51
79,70,71,69,62,80,75,66,65,64,61,49,74,66
90,80,42.04,118,98,97,87,,66,76,110,92,86,78
-8,15,6,13,11,16,15,0,0,0,0,0,0,0
1,-4,4,10,1,4,10,0,0,0,0,0,0,0
F,65,68,76,69,80,66,62,60,56,69,60,71,52
50,47.57,46,40,53,50,50,40,51,32,27,43,42,44
60,40,41,46,44,56,46,46,33,28,33,32,46,37
87,82.11,71,61,52,51,57,87,60,68,60,44,50,53
32,35,29,35,88.68,32,33,6,17,10,11,4,3,15
46,,45,45,42,56,44,36,40,37,40,37,44,36
18,30,44,37,53,50,75,4,13,31,19,39,40,59
53,42,46,56,49,41,49,41,28,39,46,41,33,41
42,42,50,59,50,55,41,34,35,37,54,41,42,35
60,46,52,59,59,49,57,47,40,43,52,53,38,48
58,27.05,53,47,58,57,48,50,46,40,38,46,51,34
12,2,1,1,10,12,-4,0,0,0,0,0,0,0
66,74,76,79,79,70,72,61,67,65,68,65,65,58
32,-1,21,23,37,31,25,15,7,0,5,15,10,0
70,67,75,58,65,51,54,66,61,68,53,,49,47
85,65,62,75,58,56,46,80,56,62,72,57,51,44
8,17,7,9,-6,-1,11,0,0,0,0,0,0,0
64,60,78,65,79,68,70,54,49,68,55,71,61,65
60,47,50,54,44,51,44,52,42,45,49,39,37,32
65,72,74,67,75,79,61,57,A,68,62,65,67,51
58,42,44,23.91,48,47,60,44,35,39,27,43,36,50
60,76,65,72,72,76,63,47,67,54,66,67,62,54
55,42,59,44,46,56,57,49,37,47,34,34,48,48
89,79,64,68,66,60,52,86,73,62,62,59,57,51
20,33,30,36,28,36,35,2,18,1,18,10,21,12
40,21,24,28,33,26,36,17,0,0,8,17,10,14
10,12,28,40,45,50,60,0,0,15,23,27,31,45
11,11,31.08,16,10,19,16,0,0,0,1,0,0,0
68,67,79,60,65,76,74,56,61,66,54,55,67,61
65,78,67,61,74,62,61,56,71,57,56,62,,56
28,27,28,27,37,25,,2,5,10,12,16,10,15
44,,45,48,58,58,50,37,46,31,41,46,51,40
8,25,26,36,52,62,76,0,7,8,23,41,47,60
21,19,45,31,45,55,63,9,1,26,19,28,36,53
75,79,75,57,61,64,57,67,71,66,48,57,56,48
86,79,79,73,55,58,43,82,73,76,66,52,49,40
,18,22,45,45,60,82,0,7,3,28,,45,69
89,96,110,93,104,93,-10,77,86,99,83,92,83,95
44,51,41,58,53,60,43,30,38,33,46,69.48,46,31
13,13,29,47,47,73,62,0,1,18,30,31,54,48
25,32,,20,20,28,26,9,3,5,0,0,5,9
-3,3,5,-8,5,8,10,0,0,0,0,0,0,0
10,47.33,5,0,-4,18,18,0,0,0,0,0,0,0
84,76,62,57,53,65,56,78,71,55,49,44,58,50
84,69,73,66,67,54,55,75,68,71,63,67,47,52
88,92,90.87,90,93,103,113,82,86,89,81,86,90,103
16,-8,-1,5,-1,16,19,0,0,0,0,0,0,1
73,65,77,69,73,63,68,68,55,67,63,61,58,63
26,32,27,34,31,25,30,5,13,11,17,4,5,12
24,128,28,38,46,59,62,7,15,18,27,97.79,46,43
78,62,78,T,80,-5,60,67,49,69,67,71,61,55
41,58,47,47,55,56,60,32,51,34,38,45,51,51
70,60,69,73,62,80,65,63,48,55,66,55,69,58
95,117,102,106,116,109,89,81,,89,100,103,100,83
42,42,56,56,53,48,40,35,35,47,48,42,39,34
41,47,54,59,59,47,,31,37,42,51,52,38,35
88,82,61,73,62,50,49,86,76,60,64,61,43,48
101,103,110,97,87,96,116,91,40.23,100,86,78,87,105
55,56,51,48,53,48,56,48,46,43,36,46,37,43
36,24,32,31,37,23,25,18,2,14,3,12,8,4
-3,20,0,-3,-3,-4,6,0,3,0,0,0,0,0
56,54,41,54,52,43,46,49,42,32,42,43,33,39
76,71,77,57,67,60,55,75,65,72,53,60,55,52
120,104,88,81,120,91,93,109,97,81,73,114,84,79
17,12,6,-3,16,17,-5,0,0,0,0,0,0,0
55,47,41,50,55,56,40,47,38,28,41,42,45,34
2,30,45,44,53,57,69,0,18,27,29,37,44,54
20,11,42,49,55,54,81,5,0,26,39,37,41,65
9,32,26,34,57,64,84,0,18,12,19,47,46,72
33,33,33,36,37,36,35,5,6,11,14,21,O,9
63,77,79,61,67,65,63,50,68,72,53,61,60,
-1,14,9,-4,-8,0,-2,0,0,0,0,0,0,0
4,4,-3,18,20,3,-3,0,0,0,0,2,0,0
42.53,82,68,57,55,64,52,72,73,61,56,0.42,55,51
32,22,22,35,34,38,37,14,T,7,15,8,13,14
40,39,31,40,30,39,35,24,11,15,16,6,20,12
101,80,94,88,97,84,102,95,72,89,80,90,78,95
9,4,11,20,-4,19,8,0,0,0,1,0,0,0
65,63,78,79,75,76,62,53,51,73,69,63,69,54
38,31,36,38,22,30,24,12,9,16,18,2,1,0
108,95,88,Y,100,103,93,96,83,75,72,86,91,88
85,106,99,90,95,101,106,76,93,92,82,86,96,96
-3,O,10,-2,,0,-3,0,0,0,0,1,0,0
72,65,68,75,65,64,43,71,64,60,66,59,59,42
-3,17,19,10,20,14,-4,0,0,0,0,2,,0
22,A,38,27,30,31,38,0,4,13,11,6,15,14
72,74,68,143,71,73,61,59,69,59,52,58,68,55
8,21,35,41,45,73,64,0,7,22,22,26,56,47
1,14,42,39,49,56,68,0,3,23,20,37,42,54
91,110,80,97,82,99,96,83,104,72,85,72,91,86
43,46,46,46,59,40,48,33,40,39,41,49,32,36
75,N,64,72,61,57,145,68,60,61,69,52,51,47
8,24,30,80.42,46,57,65,0,14,14,35,35,44,49
71,63,69,66,31.01,67,65,60,54,61,53,65,60,55
105,85,90,101,87,113,85,98,75,79,92,78,105,79
44,54,45,49,45,54,60,33,45,32,42,35,42,48
78,79,62,61,62,70,68,70,67,54,52,48,65,54
75,64,68,65,73,74,80,67,50,61,56,62,68,67
1,3,-6,-1,10,-6,-5,0,0,0,0,0,0,0
29,25,20,25,143,28,26,11,9,4,6,21,5,0
35,26,A,28,35,39,37,20,0,7,0,10,19,12
-9,15,3,4,-5,-2,-8,0,0,0,0,0,0,0
60,54,59,52,60,46,42,53,41,53,47,49,39,33
16,35,36,47,52,66,85,1,22,17,31,39,47,67
112,93,84,119,89,80,120,101,82,73,106,84,75,
56,49,59,50,49,,55,45,38,50,43,39,46,44
5,-9,11,17,-6,20,4,0,0,0,0,0,0,0
7,30,27,17.71,40,56,66,0,20,11,23,27,40,56
-8,14,-6,-8,-3,4,6,0,0,0,0,0,0,0
23,,26,40,28,24,37,0,12,0,19,10,0,19
4,9,6,-5,-9,-8,0,0,0,0,0,0,0,0
8,17,8,11,-8,-9,-6,0,0,0,0,0,0,0
47,41,43,52,41,53,51,38,29,31,43,31,39,41
70,71,66,67,67,48,55,66,66,65,62,66,40,48
107,117,80,99,94,91,99,99,Q,75,88,86,77,87
32,25,37,29,28,26,35,16,8,19,8,3,9,8
68,73,60,64,78,70,80,61,68,53,55,64,60,67
,43,43,54,45,60,50,33,38,37,46,31,53,36
71,61,80,71,65,67,70,57,50,75,66,52,57,57
71,71,65,73,63,52,53,66,68,56,73,59,44,45
E,40,31,35,39,25,27,20,13,3,7,12,0,9
90,85,110,87,81,97,116,81,76,104,77,76,83,104
6,7,13,7,2,3,-1,0,B,0,0,0,0,0
1,14,19,16,-1,10,16,0,0,0,0,0,0,0
77,63,79,76,67,74,79,67,52,66,69,59,62,U
24,15,23,52,H,73,79,8,30.07,11,35,37,F,62
-10,10,9,7,4,-2,-7,0,0,0,0,0,0,0
37,34,31,22,34,31,40,16,12,4,5,12,2,23
34,33,29,32,30,35,22,12,4,7,17,14,15,0
99,93,84,Z,109,102,108,90,83,73,99,98,88,101
6,-4,16,-3,2,10,-2,0,0,1,0,0,0,0
87,82,69,70,57,54,53,87,80,60,66,57,50,50
28,27,29,35,28,35,34,11,8,3,16,11,11,15
67,62,77,74,70,65,78,88.04,53,67,66,61,51,71
59,44,-5,41,40,59,58,51,33,29,30,28,53,49
34,32,29,20,24,40,31,6,14,8,3,3,13,3
60,43,46,41,54,56,45,46,30,33,34,40,42,34
120,99,112,83,97,112,108,107,94,104,74,88,100,94
0,9,-6,10,6,18,12,0,0,0,0,0,0,0
15,,20,17,-3,12,-1,0,0,0,2,0,0,0
-4,30,40,35,43,72,80,6,18,29,17,26,55,61
25,20,26,43,,66,60,9,3,8,30,41,55,49
113,117,85,115,99,-8,91,106,111,,104,93,99,82
-6,19,3,13,13,17,-5,0,4,0,0,0,0,0
86,101,117,97,90,106,120,75,87,107,87,80,99,115
86,82,78,71,50,52,46,80,78,71,71,43,44,40
42,42,42,48,43,40,58,34,30,31,39,32,35,47
5,13,25,33,58,42.79,75,0,0,10,19,48,40,59
85,116,93,105,102,95,103,73,109,85,96,,88,92
19,19,5,18,18,50.86,18,0,0,0,3,0,0,0
107,99,118,86,87,111,92,101,85,106,78,76,97,84
34.38,120,83,102,85,84,115,78,112,75,92,72,78,108
-3,-5,-8,-6,7,3,-2,0,0,0,0,0,0,0
109,110,103,117,114,115,99,101,100,90,105,102,101,89
76,69,-7,68,80,79,60,65,L,61,61,69,70,47
35,40,31,27,33,28,39,7,15,6,6,12,4,23
64,64,69,68,68,75,74,57,55,63,55,54,63,66
19,14,-4,8,16,-2,12,0,0,0,0,0,0,0
63,64,70,65,76,61,71,52,54,64,57,69,47,58
25,23,40,33,22,V,31,9,3,14,9,0,7,9
1,,19,-3,11,7,-5,0,0,0,0,0,0,0
-1,-2,-8,16,B,-10,7,0,0,0,0,0,0,0
50,49,58,56,55,41,47,45,37,52,47,46,30,37
45,42,40,58,49,54,42,40,37,29,47,37,42,33
77,78,68,73,79,67,79,64,72,54,59,66,57,73
71,76,74,70,55,47,55,70,67,73,61,55,39,51
28,26,22,34,30.2,33,,13,0,0,10,9,5,3
75,81,79,57,53,45,B,68,77,75,56,52,42,49
74,80,64,61,54,46,56,70,71,55,54,54,40,54
117,112,98,115,85,81,101,108,103,85,106,75,73,90
47,42,57,44,54,53,45,39,31,45,37,47,42,32
85,70,73,62,66,58,46,85,64,66,58,62,54,38
13,3,20,10,12,17,-4,0,0,0,0,0,0,0
83,98,107,97,114,109,100,73,90,102,87,106,95,90
85,75,68,73,59,51,48,84,70,67,66,50,49,46
95,97,103,94,115,101,104,88,85,91,87,105,94,91
27,25,21,27,25,31,39,9,10,1,8,1,4,14
15,26,23,46,61,72,71,0,11,7,27,48,60,58
57,48,57,55,50,47,41,43,35,43,49,42,42,30
114,95,91,86,81,112,95,105,83,77,75,72,99,88
22,21,41,42,59,72,76,7,6,25,27,40,61,J
85,83,83,112,113,108,98,78,77,74,105,100,99,89
71,83,63,73,63,51,54,70,75,60,73,56,44,48
10,11,17,2,11,0,144,0,0,0,0,0,0,0
76,71,73,67,60,80,79,64,63,60,61,52,70,74
,53,43,55,50,56,41,32,45,29,42,36,51,33
95,114,82,84,109,114,113,85,D,77,76,104,101,100
88,115,101,108,105,98,108,79,110,94,94,92,84,96
20,17,-2,-7,18,6,0,3,2,0,0,0,0,0
120,110,109,114,117,113,109,114,96,102,106,107,103,102
85,78,63,57,54,53,47,82,71,62,55,45,47,42
91,109,101,101,106,108,110,79,98,90,90,93,101,102
31,25,34,35,24,36,36,7,9,8,6,0,15,18
56,49,40,44,44,59,51,43,35,28,33,36,51,46
39,27,21,40,37,20,37,12,0,57.47,11,10,0,19
17,15,17,-7,3,1,-10,0,0,0,0,0,0,0
8,4,8,0,1,20,-7,0,0,0,0,0,0,0
73,66,65,75,66,149,72,66,55,59,67,56,60,60
37,28,32,21,37,21,,9,11,17,0,9,4,19
18,0,13,16,6,17,0,0,0,0,0,0,0,0
82,77,76,57,59,51,42,79,72,71,51,53,50,40
36,29,24,22,26,22,33,16,9,0,4,3,0,5
50,42,46,54,46,49,55,45,37,33,43,38,44,45
42,42,48,60,42,48,53,29,29,34,52,35,42,44
82,107,80,105,94,111,86,69,100,71,94,86,98,78
89,113,98,102,104,103,114,76,99,86,93,94,94,106
50,57,49,42,40,46,41,43,47,44,34,32,35,32
14,24,27,43,59,60,67,0,10,11,24,48,41,K
86,78,69,68,62,60,42,79,72,65,59,62,51,35
119,119,116,96,99,120,119,107,105,58.96,88,90,111,113
14,32,35,42,45,75,76,0,22,25,32,29,58,60
63,74,63,79,74,80,79,51,61,54,69,63,71,73
25,33,31,38,20,30,36,4,12,6,,0,9,10
3,17,2,-3,-9,6,2,0,0,0,0,0,0,0
96,115,102,120,112,97,87,91,103,96,114,99,88,81
3,-8,-3,1,-8,-10,-3,0,0,0,0,0,0,0
16,32,20,40,56,58,77,0,14,3,23,42,47,59
4,-9,10,7,19,-10,-4,0,0,0,0,4,0,0
18,-7,8,-7,10,-6,16,0,0,0,0,0,0,1
1,14,29,31,63,68,71,0,0,15,14,52,49,58
62,61,64,66,75,80,75,54,47,29.82,56,66,73,70
-8,-8,-6,-6,-9,-3,-6,0,0,0,0,0,0,0
51,56,48,50,40,60,59,45,49,42,42,27,55,53
77,85,61,72,50,46,51,75,76,61,68,42,37,44
T,47,59,56,50,59,57,36,34,49,49,40,51,50
8,15,8,12,2,19,-2,0,0,0,0,0,0,0
O,68,80,94.91,79,78,75,55,60,67,56,68,71,69
36,35,21,38,38,21,40,13,9,0,20,11,0,14
30,36,27,38,27,26,33,9,61.99,0,18,9,9,5
56,47,41,48,59,43,129,51,39,31,41,46,38,44
52,55,43,43,60,57,58,38,46,38,35,54,46,53
20,36,39,24,29,33,30,0,13,19,3,11,10,7
13,19,0,2,18,11,10,0,0,0,0,0,0,0
71,69,79,69,61,53,54,V,66,73,66,52,53,54
77,70,64,76,69,62,77,72,61,51,43.74,62,48,67
73,78,79,61,63,71,67,60,68,74,52,54,60,62
5,-10,17,1,-3,-10,-5,,0,2,0,0,0,0
28,24,23,26,24,26,37,0,8,3,8,0,0,20
39,28,28,-10,24,33,24,11,13,0,9,0,17,6
111,95,100,113,89,93,88,105,83,93,25.61,81,81,77
27,20,23,23,40,28,32,0,0,0,7,23,2,3
78,68,66,67,56,52,55,69,65,65,60,47,43,53
54,48,46,58,44,47,57,43,36,32,45,33,87.87,47
60,49,41,44,42,42,50,48,38,29,33,31,28,43
88,95,95,116,87,109,81,83,85,88,104,80,99,67
108,85,94,92,99,93,98,98,74,81,84,94,80,93
76,65,65,74,75,71,72,64,52,52,66,63,62,61
50,42,43,54,60,48,43,43,36,38,44,49,39,38
31.21,70,73,69,57,59,94.61,82,64,72,62,53,50,42
61,76,69,77,66,69,61,53,63,59,71,53,57,49
37,20,29,32,29,34,20,20,0,11,9,7,18,0
2,13,29,I,48,73,78,0,1,12,22,29,61,64
15,18,36,50,42,75,-7,0,5,17,,23,65,50
5,19,31,30,45,65,76,0,1,12,17,34,48,63
0,22,20,54,57,50,66,0,8,8,39,47,31,47
25,27,34,58.26,38,24,28,0,6,14,0,20,0,0
88,79,61,58,62,54,50,84,70,54,51,54,50,
9,12,3,6,1,62.29,-7,0,0,0,0,0,0,0
-10,-3,5.31,10,1,10,4,0,0,0,0,0,0,
15,22,45,35,47,62,80,2,7,33,20,33,48,68
16,11,F,31,56,59,63,0,0,18,12,38,47,48
64,68,75,76,74,72,61,52,56,69,70,62,61,48
8,N,38,44,55,74,70,0,0,28,29,41,56,51
29,35,30,31,30,S,24,6,13,15,7,1,24,1
110,111,96,111,107,107,88,97,101,84,105,101,95,76
19,9,2,11,-6,12,11,0,0,0,0,0,0,0
7,10,42,39,57,65,66,0,0,31,23,44,46,53
82,72,78,69,70,59,41,79,71,72,S,63,59,N
84,85,66,73,55,45,57,82,79,58,68,50,42,51
76,72,78,76,,73,71,66,61,70,54.19,56,61,58
6,21,20,54,60,57,71,0,2,10,35,46,42,60
9,33,20,48,52,74,82,0,23,5,36,37,58,67
48,59,55,56,56,47,144,39,46,41,44,49,36,47
N,96,88,-8,111,85,102,112,90,77,107,101,79,97
77,76,126,75,66,66,73,63,64,64,64,61,53,60
87,72,79,60,54,62,58,79,71,71,60,48,54,55
20,-2,9,-10,16,4,-2,2,0,0,0,0,0,0
95,104,46.35,96,83,93,132,85,93,93,86,78,83,111
W,70,80,61,58,59,50,77,63,72,57,58,59,42
42,45,59,43,43,44,56,35,38,53,29,34,30,48
76,66,65,61,61,75,66,69,54,57,50,50,67,52
33,23,38,21,32,27,21,10,0,22,3,15,10,0
33,38,25,C,36,32,20,12,13,0,20,10,8,0
2,-10,3,9,7,12,20,0,0,0,0,0,0,0
52,57,44,50,50,49,48,38,50,30,45,41,36,34
80,77,60,71,50,56,42,75,75,60,66,45,54,37
41,48,43,50,48,49,51,27,40,34,38,38,37,40
79,67,67,58,67,56,50,70,58,63,49,65,49,47
110,115,118,118,120,102,104,104,107,106,108,112,91,92
77,70,74,72,67,47,41,76,61,66,G,60,41,41
14,13,3,14,-7,-9,14,0,0,0,0,0,0,0
77,85,65,66,66,57,45,76,85,65,66,59,53,42
43,59,53,59,56,46,54,34,48,39,53,50,40,44
20,21,36,23,29,20,36,0,6,17,2,13,1,11
72,85,2.33,69,61,,40,70,83,59,67,61,59,40
22,36,27,29,37,37,30,2,16,8,9,10,11,2
2,10,37,53,51.21,50,53.19,0,0,27,35,26,32,68
5,26,26,39,58,59,73,0,12,9,27,40,49,60
68,67,63,72,66,70,68,62,60,57,65,61,57,55
94,82,110,118,107,91,114,82,77,101,108,96,81,109
65,63,74,73,70,75,69,58,52,63,87.92,65,70,55
V,66,80,0,80,68,67,68,61,71,59,68,58,57
86,118,98,96,116,89,113,73,105,92,83,107,79,101
55,59,41,40,48,55,54,49,54,29,34,35,47,45
14,19,22,55,58,69,77,1,,3,44,42,55,65
2,19,11,0,12,6,10,0,0,0,0,0,0,0
67,60,80,68,70,60,62,57,52,69,59,64,46,52
22,14,33,30,50,64,77,3,0,17,71.05,33,46,63
22,40,32,31,29,29,24,0,22,10,15,1,14,0
87,82,119,95,98,106,85,75,69,105,84,87,101,78
45,K,41,48,53,57,59,39,42,29,41,40,45,45
-2,7,-4,4,0,1,9,0,0,0,0,0,0,0
60,74,73,80,78,70,63,47,69,67,70,66,62,51
30,36,40,22,29,21,21,6,7,18,7,5,0,0
88,84,75,67,66,53,59,87,83,69,65,61,48,50
1,17,20,37,51,72,74,0,1,8,18,35,62,55
97,87,99,116,120,108,113,89,76,85,102,110,101,99
0,27,28,32,44,71,84,0,17,17,20,27,61,68
25,38,26,24,40,26,39,0,10,2,3,16,4,20
72,76,65,75,68,62,44,67,76,65,72,67,58,35
-10,17,-6,-7,-8,R,18,0,0,0,0,0,0,3
34,39,22,21,39,38,23,18,15,0,6,23,13,2
21,32,34,149,35,33,40,5,17,12,5,8,12,14
-5,5,-4,17,-3,81.86,-7,0,0,R,0,0,41.08,0
43,60,46,58,43,50,51,34,49,40,45,31,41,41
84,81,61,63,63,62,60,80,72,59,63,56,54,60
-6,12,6,3,-6,19,9,0,0,0,J,0,0,0
33,26,35,38,H,31,29,15,4,16,13,11,15,8
53,60,52,52,43,41,48,39,51,38,43,32,27,35
89,69,62,69,66,64,51,86,65,62,61,57,60,45
77,64,65,71,71,74,64,65,52,57,57,64,65,57
71,65,68,80,74,69,60,64,52,54,,J,57,52
4,2,-8,-6,6,11,8,0,0,0,0,0,0,0
59,48,56,43,43,56,46,46,42,45,36,35,50,34
71,75,77,63,59,45,50,67,68,76,55,50,38,47
44,49,41,50,46,46,43,32,35,36,42,32,32,29
35,22,39,33,27,35,21,9,0,21,11,4,12,6
15,0,-9,5,18,9,-7,0,0,0,0,F,0,0
111,111,82,95,117,91,115,101,97,75,89,104,84,105
67,61,80,64,76,61,61,59,47,67,57,65,56,54
17,34,34,50,41,69,82,0,18,24,38,9.47,58,63
-8,20,-4,7,12,13,2,0,2,0,0,0,0,0
22,27,29,49,61,63,80,8,13,13,38,51,53,67
26,34,30,26,32,35,40,11,9,2,2,15,12,13
46,52,57,60,58,43,43,40,44,47,52,52,29,37
25,29,35,20,23,23,H,0,2,9,5,0,0,8
95,95,115,81,88,86,88,84,89,101,73,80,79,80
54,49,49,45.74,44,49,49,41,43,36,39,30,37,37
27,32,-8,37,66.45,33,36,7,16,18,12,8.33,14,8
73,68,-9,63,59,51,43,73,61,,60,55,47,43
11,20,0,11,19,69.46,13,0,1,0,0,2,0,0
-5,10,-4,-6,16,-10,18,0,0,0,0,0,0,0
118,82,114,99,107,104,92,111,71,100,92,93,99,78
67,79.56,79,62,74,74,75,54,72,73,50,62,62,63
10,25,43,33,55,53,69,0,13,29,18,40,34,59
71,72,72,66,71,79,75,60,58,66,67.01,59,66,67
7,22,43,49,52,50,61,0,6,27,33,39,37,48
23,16,22,30,61,57,71,,1,10,16,47,38,53
100,86,114,82,112,117,89,90,75,101,74,107,108,80
72,79,77,67,72,77,75,60,72,67,53,61,69,69
13,14,36,30,62,63,62,1,0,26,15,44,47,50
96,105,113,96,88,115,91,90,96,105,86,83,108,82
78,60,74,70,78,66,76,P,54,63,61,68,52,69
31,26,33,34,35,20,33,9,0,6,7,14,0,10
60,48,49,57,56,56,40,55,34,38,50,44,51,26
55,49,41,50,60,42,52,46,43,35,37,52,30,38
39,30,31,25,24,36,35,16,12,2,1,0,8,18
4,-10,15,-10,-6,-6,6,0,0,0,0,0,0,0
71,69,63,62,66,64,61,61,57,58,48,60,59,48
85,82,61,61,57,57,40,79,77,57,58,54,48,31
67,63,61,80,79,72,63,58,51,55,72,73,63,51
72,72,68,61,76,80,73,60,60,54,53,65,75,62
B,31,21,23,24,29,27,12,6,0,0,0,7,11
43,45,55,60,51,60,60,30,32,42,53,38,52,46
31,30,32,37,27,36,21,8,2,3,14,11,16,4
70,68,65,60,77,74,79,64,55,60,50,71,66,68
35,37,26,30,36,24,31,12,16,1,11,12,1,12
16,14,33,43,62,52,62,4,3,15,32,50,33,46
-8,11,13,17,4,9,-5,0,0,0,0,0,0,0
104,115,89,96,86,80,80,92,110,81,85,75,67,69
17,35,44,47,53,57,75,2,20,25,37,37,42,56
24,23,21,32,57,54,77,7,13,2,17,40,39,58
65,66,67,74,65,75,74,58,54,56,65,59,67,65
14,22,89.23,40,59,53,76,0,12,25,21,49,43,59
,44,47,48,40,60,52,34,35,42,35,27,53,41
15,-1,-7,3,13,9,10,0,0,0,21.7,0,0,0
20,-3,20,17,6,14,,0,0,3,0,0,0,0
86,72,78,59,53,46,51,84,63,70,55,50,45,45
17,1,-3,,2,12,19,0,0,0,0,0,0,0
81,69,73,65,58,61,59,80,60,70,56,53,55,57
20,20,15,8,-7,11,11,4,2,0,0,0,0,0
2,11,21,48,65,52,70,0,0,9,34,54,33,52
75,72,66,74,62,61,71,66,67,59,67,57,56,60
53,48,44,42,60,58,45,41,34,37,31,46,51,33
-7,-3,-6,18,20,18,16,0,0,0,3,0,0,0
84,84,118,99,86,92,90,74,72,113,90,77,82,82
,80,61,67,61,49,59,69,74,54,61,60,43,56
70,76,71,75,65,J,41,64,71,67,66,56,57,38
36,23,38,21,37,30,27,13,3,12,Z,20,4,4
117,84,93,95,83,110,90,104,73,87,82,76,104,80
63,65,74,62,68,71,64,54,58,68,56,56,66,55
90,75,R,57,64,58,55,83,69,70,51,64,54,53
56,53,51,54,42,50,46,46,46,37,42,34,45,40
120,82,107,120,110,96,110,107,72,100,114,99,88,97
25,21,30,45,42,66,,15,8,13,35,29,51,66
35,31,22,28,38,39,27,6,2,1,5,13,13,6
133,46,57,58,54,57,50,46,33,46,48,43,45,45
25,39,37,21,30,32,36,0,12,16,0,12,9,20
21,16,25,49,62,72,74,7,2,12,37,46,60,63
3,-1,-5,-4,1,30.96,17,0,0,0,0,0,0,0
5,-2,5,-4,17,C,9,0,0,0,0,0,0,0
14,19,20,37,42,59,72,0,5,7,23,25,41,56
4,35,33,37,52,68,67,0,16,14,22,35,53,51
42,54,56,59,44,44,43,37,42,49,54,32,31,31
87,71,56.19,67,53,50,46,83,64,75,65,47,45,37
49,47,50,50,40,40,-1,35,42,42,40,29,35,54
33,34,26,38,27,33,22,13,19,2,16,4,4,0
104,105,94,88,102,106,105,94,97,87,76,91,92,97
91,90,93,103,87,88,88,77,77,88,97,75,75,74
76,70,73,68,55,62,51,74,62,69,67,49,54,43
78,82,67,63,57,56,46,78,73,59,58,53,51,40
60,67,79,72,69,74,79,54,59,73,64,63,66,69
8,-6,16,0,-2,19,-4,0,0,0,0,0,0,0
11,21,31,32,45,52,73,0,7,14,17,30,34,58
10,18,20,33,40,60,69,0,1,10,21,25,44,57
11,28,30,38,55,61,63,0,16,18,20,42,50,50
35,22,37,21,22,33,25,7,2,21,1,0,6,2
40,42,58,49,53,57,41,26,30,45,35,48,51,31
30,28,,,32,,21,6,11,7,7,17,12,5
17,16,15,9,-8,6,6,0,0,0,0,0,0,0
18,9,8,13,18,0,-2,0,0,0,0,0,0,0
18,4,-8,20,4,18,-1,0,0,0,0,0,0,0
30,26,21,32,33,24,25,15,0,0,16,9,0,3
33,24,36,38,28,20,33,7,7,7,14,12,2,14
133,8,15,-1,-3,14,-6,0,0,0,0,0,0,0
1,-8,8,144,2,20,14,0,0,0,0,0,4,0
76,69,72,68,-4,60,71,71,59,59,62,62,54,64
74,65,79,63,79,73,60,65,53,69,56,71,68,50
20,15,9,14,4,8,-9,0,0,0,0,0,0,0
81,74,77,65,71.72,52,40,80,66,69,61,60,48,38
22,86.66,21,36,31,27,40,0,6,5,13,4,0,17
69,67,66,74,63,63,61,57,60,61,66,53,49,53
51,47,45,51,53,43,55,41,36,38,39,39,37,41
83,76,61,61,63,54,53,74,69,54,53,57,46,45
60,77,69,78,67,64,69,54,68,62,64,53,57,61
93,93,105,80,112,82,98,83,81,95,72,104,75,92
72,63,68,64,69,80,72,61,56,56,54,55,73,63
83,69,69,65,70,45,47,76,62,63,63,64,39,47
83,85,108,92,103,101,93,77,71,97,84,90,95,81
101,82,101,82,112,110,102,88,68,93,73,102,104,93
69,137,66,76,66,80,73,57,51,56,64,60,72,67
87,98,82,88,115,87,98,76,87,70,75,103,77,92
27,25,34,23,33,25,26,11,91.31,7,0,11,7,10
86,83,60,75,65,53,136,L,76,52,70,63,48,48
51,53,55,44,87.03,51,49,42,48,50,33,36,40,39
47,51,50,49,,43,42,33,37,38,42,40,36,28
45,46,53,57,56,47,51,32,35,42,44,46,42,46
59,59,60,48,53,48,60,46,51,53,39,48,40,55
,35,29,40,56,53,65,0,23,19,25,42,34,51
78,74,73,80,75,65,78,69,64,68,70,62,54,71
11,11,22,33,51,64,67,0,0,9,16,37,51,56
0,25,32,32,62,53,79,0,6,F,22,48,39,60
85,73.15,67,67,63,48,45,82,83,65,64,56,47,45
70,67,60,68,52,123,43,61,65,56,63,49,41,37
31,25,39,33,34,33,146,9,7,11,,9,13,2
111,106,83,103,97,107,103,105,97,76,96,91,101,94
6,3,2,15,20,6,-9,0,0,0,0,0,0,0
S,60,55,40,43,52,56,47,48,43,34,38,46,42
-5,1,-4,-4,-10,-3,0,0,0,0,0,0,0,0
70,76,62,67,72,62,73,63,71,52,54,58,52,61
6,0,1,16,-9,6,-3,0,0,0,0,0,0,0
8,29,45,45,52,52,62,0,17,35,27,35,40,45
42,60,50,46,40,52,58,28,49,40,39,33,43,53
112,108,120,116,100,97,94,100,97,114,103,88,85,84
71,67,61,66,75,63,67,64,54,56,58,5.57,51,55
83,76,60,73,64,65,53,83,71,54,67,58,57,48
19,3,7,12,7,19,6,0,0,0,0,0,0,0
78,73,68,75,68,68,61,65,60,54,67,58,62,52
80,136,65,58,69,60,41,74,76,63,58,61,52,33
105,99,98,92,85,116,114,92,88,89,84,76,27.54,104
10,19,22,44,63,53,75,0,3,10,34,44,42,64
25,30,33,27,35,23,25,0,3,17,0,15,0,0
23,15,39,33,44,68,85,12,4,26,18,30,58,69
71,76,-2,80,77,69,60,58,62,59,69,71,56,52
U,30,21,34,35,39,35,2,11,0,13,7,22,6
86,113,,113,83,80,80,78,102,94,102,77,69,68
51,54,43,53,47,51,42,44,49,33,48,42,45,35
87,82,79,72,54,60,57,86,76,78,70,52,56,48
80,79,65,65,64,79,61,70,,53,52,54,70,51
5,15,19,3,16,5,6,0,0,0,0,0,0,0
90,66,61,63,,49,45,83,62,54,56,64,42,43
112,99,91,116,83,108,92,99,88,78,103,75,95,80
61,70,60,62,66,65,78,51,58,51,56,59,54,65
70,72,80,62,75,80,76,61,65,71,50,62,69,68
77,66,76,65,76,66,72,65,58,62,56,64,53,66
0,13,39,38,64,,82,0,0,24,20,48,44,69
84,66,63,72,68,55,41,77,60,54,70,62,53,33
9,33,24,31,47,59,84,0,15,5,20.32,30,48,74
84,67,62,71,67,54,56,80,65,59,71,59,50,55
82,65,75,59,69,63,46,79,62,66,55,64,54,45
32,22,26,36,21,28,31,7,0,9,12,5,87.57,11
115,95,115,103,111,90,120,104,88,106,89,101,81,115
103,88,84,91,117,98,98,95,76,73,84,112,89,87
78.36,34,20,20,30,28,31,17,11,5,2,10,10,13
13,10,36,50,55,70,69,0,0,17,40,42,60,52
50,,52,56,57,52,54,40,39,38,49,45,39,40
27,39,30,40,22,20.11,37,4,21,7,16,0,6,18
65,71,78,71,61,78,72,58,59,64,61,55,70,63
18,21,20,44,49,-4,65,0,2,1,34,37,37,51
18,-1,-7,8,13,12,12,0,0,0,0,0,0,0
109,87,118,107,110,82,117,101,74,111,102,99,77,103
79,73,62,57,59,65,44,70,65,53,54,53,58,37
24,20,40,29,21,34,23,8,M,16,14,0,11,5
101,89,102,93,96,88,87,87,82,92,81,84,P,76
21,24,20,23,24,25,40,6,7,0,0,0,0,15
48,45,10.29,53,43,47,46,36,40,41,41,36,38,35
70,63,64,65,63,66,66,61,57,57,52,53,56,56
22,14,45,34,60,61,84,10,3,30,21,42,51,67
48,57,40,G,58,58,48,35,49,33,34,46,53,38
41,51,59,45,132,50,45,30,45,47,32,33,41,38
,74,69,64,69,64,41,76,69,69,61,65,56,33
1,24,34,46,50,71,61,0,10,18,29,31,55,43
33,33,40,35,28,34,20,10,6,20,19,0,7,0
73,69,74,61,63,53,55,66,67,65,57,54,46,53
46,54,47,40,57,55,44,33,47,38,32,51,45,33
5,-8,16,16,17,46.06,-7,0,0,0,0,0,0,0
66,70,79,71,65,70,72,58,61,66,65,52,58,59
100,106,113,115,96,96,110,87,96,101,104,88,91,105
79,78,72,66,63,74,60,73,71,65,59,,62,54
20,3,18,0,2,-3,4,1,0,0,0,0,0,0
72,72,70,55,59,58,57,67,72,62,54,55,57,49
90,65,78,68,54,56,41,87,57,71,67,53,47,32
48,60,40,47,,,42,36,49,28,39,43,50,28
82,120,91,101,96,104,99,71,110,86,93,90,94,91
102,107,80,83,95,106,105,95,102,70,72,81,95,94
85,115,85,108,118,92,-8,75,102,72,97,112,86,96
14,32,32,30,40,74,81,4,16,19,19,21,60,65
5,-6,-10,2,13,1,-6,0,0,0,0,0,0,0
70,75,76,72,55,64,55,63,70,69,71,53,55,47
40,24,37,37,39,,30,11,0,20,17,14,10,1
46,46,40,55,,50,60,39,41,29,47,46,45,48
25,18,37,51,58,70,69,8,5,22,39,43,58,53
54,42,43,59,56,42,56,47,30,32,46,45,28,51
71,77,75,79,-9,74,60,65,71,63,66,79.14,67,49
22,10,31,48,48,66,83,7,0,21,37,35,50,70
31,26,21,30,36,26,35,5,0,0,5,8,0,9
113,100,90,103,102,118,102,107,91,84,96,,111,93
74,76,80,75,58,54,57,72,76,76,70,55,51,53
49,57,50,44,48,44,47,41,51,45,,35,32,35
21,29,35,24,23,21,33,3,K,15,1,5,0,8
57,54,40,59,42,43,46,43,48,27,54,30,35,41
77,80,65,70,55,59,54,69,79,61,66,48,58,51
29,23,36,B,23,32,27,6,0,12,11,5,10,4
45,58,49,40,46,54,40,37,44,41,27,41,43,32
25,22,30,36,63,65,73,9,8,20,21,49,52,57
81,71,64,75,53,52,49,77,71,62,75,48,52,40
56,47,60,42,46,47,48,43,33,52,32,36,34,43
66,71,82.72,75,71,D,63,55,62,64,61,62,74,T
20,34,36,-4,64,59,81,8,24,26,31,46,47,67
18,13,27,54,57,71,64,8,0,13,44,38,55,49
-10,0,17,-5,19,-3,18,0,0,0,0,0,0,0
98,98,93,120,95,117,106,91,85,82,111,81,104,95
24,35,33,27,33,22,31.74,0,16,7,3,77.85,1,20
102,119,114,119,94,116,82,88,111,103,107,88,105,70
107,95,113,114,107,115,91,102,81,100,103,97,110,85
40,24,22,25,23,20,27,25,0,3,6,2,0,7
29,22,28,27,23,32,,11,7,11,1,0,13,5
Y,16,-10,-7,-9,-7,0,0,0,0,0,0,0,0
74,76,65,68,61,70,62,68,68,54,63,54,64,48
78,85,74,57,59,-2,57,76,83,65,56,59,44,57
56,47,49,51,55,54,126,45,40,41,41,50,46,37
1,11,31,43,63,75,72,0,0,16,32,46,62,61
118,101,119,112,101,108,108,107,93,112,101,92,99,97
51,51,55,59,56,44,57,39,46,50,53,49,32,48
82,87,91,80,83,90,119,72,82,84,67,77,79,111
25,34,21,31,-10,34,29,5,6,5,7,17,10,2
31,38,20,29,40,39,36,11,14,2,14,18,24,11
-4,5,5,17,8,-5,-2,0,0,98.12,0,0,0,0
-8,-5,0,8,-7,4,19,0,0,0,0,0,0,0
107,91,100,103,88,113,120,97,81,88,94,74,101,114
13,22,40,54,43,50,77,0,7,30,41,29,35,61
-10,6,20,1,-5,-9,8,0,0,0,0,0,0,J
79,72,61,63,67,76,72,68,66,47,52,53,69,63
58,51,59,43,40,48,45,48,44,46,38,34,38,31
99,93,97,114,113,97,95,L,,83,100,102,89,89
76,66,80,71,65,54,55,70,64,73,63,65,51,52
85,84,78,61,52,55,57,79,76,78,55,45,47,56
40,31,33,36,4.55,23,35,23,13,9,,10,3,12
117,85,112,103,99,96,Z,105,80,104,98,90,82,84
7,14,23,47,45,71,68,0,3,5,30,33,52,56
25,35,32,25,26,27,37,8,15,11,7,0,0,15
3,11,39,49,60,64,60,0,0,25,39,41,47,47
6,34,45,48,58,58,63,0,20,30,32,44,48,47
108,99,119,101,87,117,109,102,94,106,92,75,103,99
77,74,72,68,59,54,55,69,74,69,67,53,50,50
99,118,84,110,115,113,81,88,111,72,97,104,107,70
4,-1,2,14,7,0,16,0,0,0,0,0,0,0
30,23,22,33,21,24,30,N,6,0,16,1,9,5
105,113,104,109,102,82,105,98,104,94,99,93,68,96
32,21,38,36,37,39,21,12,0,15,20,18,24,0
28,25,38,25,32,39,20,4,0,21,0,16,13,0
78,71,61,57,55,45,44,71,63,54,,50,39,43
119,91,90,91,102,81,91,111,84,82,82,97,73,78
48,41,49,52,53,49,59,43,32,35,41,46,37,64.08
11,5,1,-5,18,9,19,0,0,0,0,0,0,1
15,12,26,39,47,64,79,0,0,16,21,33,53,60
96,93,94,104,86,85,100,85,80,84,91,81,77,92
81,75,79,61,50,59,59,77,66,70,58,44,50,53
80,80,77,69,53,60,49,75,71,69,62,51,58,40
22,36,25,30,21,36,33,0,17,0,10,3,11,16
-9,-10,10,18,-5,-3,19,0,0,0,0,0,0,0
58,42,58,53,45,43,77.05,46,28,49,41,31,37,36
24,27,40,55,63,70,78,6,15,28,36,45,56,65
19,6,-5,6,7,13,20,1,0,0,0,0,0,0
67,80,70,65,64,71,70,61,68,63,60,51,C,65
74,77,72,61,73,80,65,69,68,59,52,60,72,51
80,79,62,62,77,66,66,70,71,50,51,72,56,58
42,54,51,60,42,54,53,29,49,43,51,36,48,48
91,J,92,101,84,93,111,79,82,87,87,71,79,99
81,77,61,56,65,51,56,81,76,A,54,57,47,50
-3,20,38,42,46,62,84,0,2,24,26,28,50,74
0,33,24,49,47,75,71,0,19,5,34,37,62,57
78,68,74,80,61,75,80,68,56,66,68,55,69,73
60,72,63,77,61,72,68,49,65,56,72,50,62,57
0,17,-5,1,-10,T,8,0,0,0,0,0,0,0
60,149,56,48,47,40,42,52,46,42,37,41,35,28
82,66,68,68,66,49,43,76,57,61,61,58,41,42
28,37,32,34,31,27,20,11,11,10,11,8,9,3
82,98,84,111,103,120,116,77,86,72,101,89,112,33.05
115,114,85,101,118,86,85,103,103,73,91,105,80,75
83,70,60,60,56,56,54,79,61,58,54,54,54,49
4,26,23,31,54,53,64,0,7,O,12,42,38,50
75,75,78,W,67,S,55,74,68,70,59,61,43,51
59,59,51,50,49,42,45,47,45,43,45,38,29,31
46,50,41,44,42,46,46,38,43,27,34,31,33,34
79,85,,63,61,53,41,70,77,65,58,53,48,38
0,-2,2,12,19,18,17,0,0,0,0,0,0,0
79,84,69,65,64,50,51,76,78,68,65,59,45,45
84,83,72,66,54,46,144,78,82,22.69,66,54,43,47
10,-3,1,13,10,12,6,0,0,0,0,0,0,0
37,33,29,34,27,22,34,18,7,9,5,6,0,18
9,22,43,S,60,58,65,0,7,31,22,48,43,48
71,84,66,55,63,49,46,63,82,57,54,59,48,38
41,41,55,60,49,60,48,29,32,41,53,42,49,43
116,113,98,101,80,90,-7,111,104,90,95,73,79,86
32,26,26,33,26,22,39,16,5,3,9,0,0,15
81,103,117,97,88,101,97,73,96,103,85,76,89,83
92,106,115,101,113,103,103,81,94,110,92,32.28,91,90
24,26,24,39,32,22,37,2,0,0,15,14,7,14
88,83,105,104,112,Y,111,77,70,95,90,105,90,105
31,22,21,38,33,23,21,15,1,0,19,15,7,4
23,30,25,35,40,54,73,6,16,11,25,24,38,61
80,61,70,67,62,78,75,73,48,57,59,48,65,64
47,46,49,41,51,57,50,34,32,43,29,42,44,44
15.3,5,9,20,2,,1,0,0,0,2,0,0,88.7
48,53,47,47,50,42,60,42,48,33,39,38,30,46
20,23,22,36,48,56,78,3,5,4,23,37,38,68
77,76,68,72,65,76,63,64,70,58,60,58,71,54
18,0,-10,6,20,20,-7,0,0,0,0,0,0,0
72,62,70,76,64,77,60,65,54,63,67,54,64,50
117,88,134,105,87,117,109,106,74,99,97,79,105,96
-4,-7,-8,16,3,14,-3,0,0,0,0,0,0,0
73,64,78,63,62,74,74,59,59,73,56,55,67,61
35,29,35,34,32,21,40,13,4,13,10,13,0,21
25,22,23,28,38,27,38,9,0,0,10,22,6,19
-8,-3,-6,-7,2,4,10,0,0,0,0,0,0,0
65,61,74,60,75,60,66,59,50,63,50,64,53,54
63,,63,62,74,71,63,58,61,49,53,69,60,50
0,32,41,52,58,69,65,0,20,23,39,45,56,51
75,74,61,60,63,63,41,72,71,53,52,60,63,39
65,68,79,79,72,63,78,92.32,55,73,68,61,52,71
74,77,67,78.84,66,77,66,64,64,59,64,59,72,58
70,81,71,70,68,58,42,70,80,69,68,68,58,33
83,115,101,81,82,94,107,72,101,95,74,73,80,96
49,44,54,60,53,44,53,39,39,41,46,42,35,44
107,117,99,103,46.65,119,95,94,106,91,91,77,105,88
25,35,31,42,57,64,72,11,25,12,31,40,51,58
92,M,93,102,85,119,117,82,90,83,91,79,112,108
70,73,80,69,67,51,44,69,65,79,61,67,49,36
36,33,28,29,35,22,39,7,18,6,3,9,0,15
0,20,39,38,52,139,85,0,8,24,23,40,52,75
67,65,67,64,68,69,-8,53,55,60,59,55,62,66
10,35,25,55,64,69,67,0,25,14,41,53,54,50
13,31,44,49,52,68,66,3,12,27,38,35,51,55
41,49,49,50,46,45,45,31,39,38,39,38,36,38
64,61,-9,68,77,70,62,57,53,52,61,66,56,54
14,16,40,44,53,60,63,2,3,21,28,42,49,45
38,26,24,22,34,25,33,10,0,7,2,15,0,4
109,112,89,80,112,91,90,96,106,84,66,106,82,78
95,111,117,114,102,101,91,81,100,105,101,91,89,86
44,60,56,54,47,40,42,35,52,43,45,42,31,35
88,85,113,95,101,107,110,79,74,107,83,93,96,100
86,111,117,113,95,108,90,74,98,106,108,84,102,77
23,23,34,37,37,24,21,0,,13,14,12,0,0
85,77,79,57,51,64,59,81,71,73,55,43,61,51
108,107,83,104,80,110,113,94,97,69,95,72,105,101
20,R,23,23,35,31,31,0,14,0,0,16,2,
52,45,48,59,58,,50,42,34,43,50,48,31,41
19,-2,,5,-6,-2,4,0,0,0,0,0,0,0
75,76,71,66,60,60,41,67,68,62,59,56,60,Z
9,19,16,-5,14,18,9,0,0,0,0,0,0,0
78,77,68,72,60,74,74,66,68,61,58,50,63,67
75,85,76,69,64,64,55,72,79,76,62,61,56,54
75,76,66,60,51,46,49,74,67,61,58,50,40,49
47,55,56,59,60,41,49,39,44,48,46,54,31,43
89,111,118,103,W,90,91,82,98,107,89,71,79,
58,57,48,49,48,,40,52,49,35,41,42,38,26
46,41,49,44,47,59,55,38,33,36,32,33,50,45
-6,-1,-6,17,-2,13,12,0,0,0,0,0,0,0
12,1,13,19,18,3,8,0,0,0,4,2,0,0
20,11,24,32,56,73,79,2,0,11,16,44,61,69
88,81,73,61,51,47,41,82,78,66,60,42,43,33
46,45,42,43,49,44,48,41,,36,32,44,33,36
78,60,64,75,67,62,73,68,55,58,66,53,48,66
107,108,86,,116,101,94,99,98,72,112,108,92,80
58,60,51,48,59,48,59,46,47,45,37,45,40,48
58,60,40,44,52,57,41,45,51,31,34,38,51,31
,50,59,42,46,46,54,42,43,51,32,33,36,45
89,74,66,66,51,55,149,83,N,60,61,43,47,39
92,112,95,107,118,117,-6,80,107,81,96,109,110,109
83,84,76,66,59,62.59,58,75,82,72,60,59,44,53
8,-10,-2,2,-8,-4,4,0,0,0,0,0,0,0
2,7,17,15,5,16,-3,0,0,0,0,0,1,0
-5,20,16,-10,1,-7,1,0,3,0,0,0,0,0
75,75,60,67,74,60,66,63,63,47,60,61,53,54
38,23,32,38,28,30,33,23,5,6,9,0,15,14
119,104,81,104,90,100,105,111,91,76,92,83,92,93
62,60,79,79,71,63,66,50,,69,68,60,57,59
18,27,,35,46,53,80,2,75.09,9,18,27,40,62
74,81,65,59,59,62,46,74,75,61,51,53,53,38
70,83,68,72,66,52,46,66,83,59,63,64,45,46
-6,-4,12,19,-3,2,9,0,0,0,0,0,0,0
70,81,62,56,62,55,45,68,81,55,47,59,50,42
74,78,67,72,66,54,55,70,72,,64,57,49,52
52,42,60,59,136,55,40,41,32,46,49,46,46,26
23,22,24,32,37,25,36,1,0,0,3,21,0,20
4,26,26,34,40,56,69,0,13,13,24,26,38,58
47,40,51,53,52,57,53,37,32,38,41,40,52,42
43,58,50,48,59,56,50,36,,40,38,47,50,44
23,13,21,31,61,62,61,4,17.42,9,14,45,52,47
83,66,68,71,55,64,47,83,58,68,71,51,59,45
111,97,86,88,112,106,90,101,90,74,79,98,101,81
80,80,72,62,67,64,55,79,72,66,60,63,62,50
85,120,95,81,86,90,96,78,107,83,67,81,83,87
11,-1,4,-8,141,9,-7,0,0,0,0,0,0,0
X,34,31,47,53,71,70,2,21,15,31,34,54,54
25,32,45,45,59,61,72,15,15,29,30,40,46,53
28,32,29,25,37,31,34,,13,12,0,21,,17
55,47,43,57,58,50,46,42,38,34,46,53,42,37
,13,43,46,52,65,60,4,3,26,35,33,55,50
74,78,74,72,50,59,47,66,U,67,65,47,52,38
81,78,71,68,62,61,55,75,69,64,66,62,,55
20,38,20,24,22,32,33,0,11,3,8,1,8,12
68,68,65,73,73,77,65,61,62,51,63,61,64,52
31,33,40,29,35,32,34,12,17,14,0,15,16,10
22,12,29,48,51,56,85,5,0,19,31,37,39,68
71,65,70,65,66,65,79,65,52,60,55,61,56,70
39,31,31,29,U,30,21,23,5,4,1,11,12,2
21,10,T,41,53,71,70,5,0,25,28,39,55,53
73,68,77,64,70,64,53,68,67,77,61,66,56,52
81,110,101,111,105,109,91,69,105,93,103,100,100,79
76,83,64,57,64,65,42,72,81,61,48,64,61,34
59,60,53,49,57,46,60,52,54,44,44,43,37,50
21,25,35,26,29,32,29,0,0,15,0,8,9,11
0,35,43,53,64,61,60,0,19,31,41,54,J,45
17,17,-7,16,1,1,-7,68.42,0,0,0,0,0,0
18,-9,20,-6,-9,19,7,0,0,0,0,0,0,0
66,62,71,65,65,78,77,60,56,66,53,52,66,63
57,41,55,53,58,43,51,50,32,41,43,51,32,43
88,70,66,57,67,57,50,87,64,13.06,,63,52,45
43,48,46,44,41,42,43,38,38,38,35,27,31,36
84,113,N,106,101,,114,77,107,77,93,90,77,102
23,37,40,29,30,24,36,8,10,18,4,4,0,
33,-1,30,23,36,29,30,5,20,4,5,15,9,1
51,45,48,57,59,43,57,42,32,40,46,50,38,47
9,27,35,50,40,59,74,,16,19,31,27,49,59
74,79,74,72,68,74,60,63,66,64,63,54,69,53
34,33,34,36,22,37,26,16,15,18,7,5,17,0
93,89,89,94,119,108,119,84,80,82,81,110,100,114
74,78,73,58,54,59,45,70,78,68,,54,54,45
11,5,20,5,18,F,19,0,0,0,0,1,0,0
97.58,27,40,28,21,27,22,0,11,16,6,0,0,1
89,70,80,74,60,60,46,83,68,77,66,57,52,
89,90,108,118,116,93,90,77,85,98,110,103,82,79
48,43,55,40,57,47,59,34,35,45,35,49,35,49
S,27,40,30,53,50,69,0,17,26,18,36,31,53
64,73,60,66,60,64,61,50,68,53,56,48,52,50
117,96,97,84,107,117,105,112,83,90,75,97,105,97
41,41,60,53,42,58,43,27,28,55,46,M,53,33
11,0,7,2,-4,-8,18,0,0,0,0,0,0,0
71,72,65,60,50,64,55,62,64,65,54,46,60,52
14,12,38,32,48,64,60,0,0,23,21,37,53,42
77,63,66,64,79,64,74,72,50,57,59,66,58,68
20,R,26,23,32,21,35,3,20,10,0,14,0,9
43,49,52,52,-1,58,42,38,41,47,41,48,46,35
10,16,26,44,-5,60,78,0,4,8,33,43,41,65
9,29,42,37,55,75,81,0,18,29,26,44,60,67
107,92,114,97,107,80,115,96,80,105,90,95,67,104
24,33,37,35,21,37,21,0,4,13,12,3,22,0
1,30,36,36,52,53,63,0,17,18,23,37,43,52
37,36,37,23,37,21,20,13,17,21,0,19,0,0
52,57,49,55,49,52,40,39,44,40,46,39,46,29
97,97,94,101,111,83,3.22,88,92,81,94,103,71,74
-2,3,6,-10,-2,11,-3,0,,0,0,Y,0,0
114,98,81,103,110,109,96,100,90,70,95,100,101,86
29,33,I,34,33,28,30,7,11,6,8,15,1,10
17,25,24,43,54,71,65,5,13,10,27,37,57,50
71,69,76,76,79,80,73,66,56,70,62,65,67,67
9,11,Y,40,55,70,78,0,0,14,28,45,55,67
88,68,67,59,63,47,46,82,65,64,58,54,40,44
19,17,-1,18,12,19,8,0,0,0,0,0,4,0
44,46,41,51,47,45,49,38,41,34,41,38,39,37
61,76,77,65,79,75,78,56,68,69,56,66,64,67
73,60,61,77,65,65,60,68,52,51,65,52,54,53
39,27,22,30,32,23,22,19,10,0,8,6,0,4
79,67,65,72,61,79,72,72,53,51,60,54,65,59
29,26,21,33,31,21,35,13,0,0,13,15,0,
15,Y,42,B,49,57,83,4,4,30,23,38,44,64
68,132,62,63,78,64,63,58,64,53,50,71,58,49
23,28,29,49,61,61,63,10,17,15,30,46,50,45
60,68,60,76,78,65,73,52,56,53,67,69,55,63
75,62,72,78,63,61,72,66,51,62,69,52,52,65
10,,10,14,2,-4,0,0,0,0,0,0,0,0
78,80,69,65,52,62,48,74,78,60,56,47,56,39
27,27,32,24,33,33,27,0,2,7,0,9,7,0
29,21,30,34,35,28,29,0,0,4,9,9,9,14
107,85,94,89,103,110,88,101,97.62,88,77,95,97,79
63,60,80,77,66,60,71,58,51,69,71,61,54,34.77
101,89,85,91,104,82,99,96,78,75,77,98,76,89
100,92,107,108,115,114,100,92,83,37.16,97,106,105,93
55,54,49,49,48,55,78.03,41,49,41,37,43,49,39
100,118,99,87,92,118,120,94,104,90,,82,108,107
68,73,75,63,66,66,63,63,65,63,57,60,59,53
88,J,80,62,50,49,57,83,65,76,61,45,40,50
25,10,39,54,50,59,72,14,0,22,44,40,49,62
-5,17,12,13,4,-10,18,0,0,0,0,0,0,1
18,35,20,45,56,64,75,5,25,8,35,39,46,58
43,56,40,52,57,55,48,37,44,33,47,45,41,37
77,72,62,61,73,72,66,64,63,,49,63,59,59
89,80,69,64,X,53,41,88,74,67,62,61,51,37
84,84,79,55,51,22.99,55,84,78,79,50,49,58,54
38,37,34,30,36,28,30,20,18,8,84.99,20,3,13
49,59,40,57,58,45,48,35,50,29,44,45,31,35
87,73,66,56,68,59,51,81,64,66,,59,53,46
54,53,53,47,56,60,46,41,48,41,33,48,46,33
78,72,67,61,55,53,59,77,71,58,52,53,50,55
55,47,50,K,51,40,46,45,39,45,33,44,34,34
90,83,79,74,58,64,41,85,80,71,71,54,62,35
S,55,49,58,57,50,57,30,50,35,53,48,45,50
2,-10,-6,16,17,4,20,0,0,0,0,0,0,4
22,21,45,37,53,59,65,8,11,29,18,36,48,50
108,120,84,110,84,84,103,94,113,75,105,78,77,96
-5,6,-4,-9,-4,1,18,0,0,0,0,0,0,0
83,77,80,73,53,56,58,74,71,75,71,53,55,52
3,2,14,15,7,16,19,0,0,0,0,0,0,0
47,51,57,56,52,57,46,42,43,43,49,46,48,34
4,31,39,48,63,65,70,0,15,24,34,49,46,51
86,110,107,107,104,119,101,72,103,101,101,91,111,93
-4,11,-5,9,2,1,12,0,0,0,0,0,0,0
39,34,20,28,36,22,-10,22,12,0,6,21,0,5
8,-7,-7,12,20,20,8,0,0,0,0,0,1,0
49,53,40,40,50,42,54,41,40,30,28,41,37,44
17,21,26,30,58,55,61,4,5,10,16,42,36,45
82,82,81,108,107,99,111,75,75,70,97,100,86,103
47,56,48,53,43,46,52,41,46,38,47,32,34,40
119,109,115,83,81,115,84,114,97,105,72,73,110,71
58,51,43,40,44,54,44,50,38,35,28,38,41,32
56,50,46,44,41,49,49,45,37,34,34,29,37,41
-2,8,17,14,6,6,13,0,0,0,0,0,0,0
84,70,76,61,52,61,48,75,,75,56,51,58,A
59,59,55,44,40,59,43,54,50,46,36,29,50,29
17,22,20,47,52,63,80,2,9,1,30,34,51,63
76,76,78,71,54,48,46,70,72,77,62,50,45,42
93,113,118,111,111,109,119,88,107,112,99,105,97,112
10,3,-5,-3,-1,2,17,0,0,0,0,0,0,0
70,70,64,68,57,51,46,61,66,56,67,50,46,44
34,26,38,25,22,20,21,7,0,13,0,0,5,Q
19,10,-6,-10,-10,-6,-3,0,0,0,0,0,0,0
24,17,35,40,42,59,74,7,6,18,30,W,40,59
20,34,33,,34,34,K,0,5,13,0,12,12,12
-6,9,20,2,17,4,15,0,0,0,0,0,0,0
53,60,52,50,50,53,59,48,54,38,39,40,46,47
25,38,32,25,30,39,32,0,9,3,8,13,14,8
24,33,25,27,40,20,37,1,10,7,8,24,0,16
13,-10,3,-5,143,7,8.0,0,0,0,0,0,0,0
63,72,61,73,71,61,73,49,61,53,67,62,51,68
56,134,40,42,57,6.37,55,50,42,33,36,50,27,48
5,25,38,32,46,56,62,0,8,19,16,32,42,47
35.69,83,90,130,111,40.23,80,70,71,84,95,104,94,74
14,9,-9,-3,83.85,-7,15,0,0,0,0,0,0,0
80,-1,73,60,56,52,46,75,61,73,51,51,52,40
39,32,35,30,34,25,31,20,4,6,4,7,6,12
5,4,11,-10,-4,-8,-6,0,0,0,0,0,0,0
X,86,103,103,89,,85,107,72,97,91,83,76,78
7,145,12,-7,-8,0,-5,0,0,0,0,0,0,0
66,78,78,74,79,69,76,55,68,72,68,69,64,62
93,108,115,109,95,82,93,79,96,108,96,86,70,88
71,79,75,59,70,59,54,67,76,67,59,64,52,48
-9,-5,3,10,8,0,11,1.21,0,0,94.88,0,0,0
48,78.19,40,46,55,51,51,36,34,32,33,49,45,42
-2,4,18,-9,-5,-7,13,0,0,3,0,0,0,0
42,53,60,60,52,58,45,33,46,50,51,47,52,33
70,66,62,66,60,75,73,65,59,52,57,55,67,63
131,29,40,37,39,21,24,0,3,24,14,23,0,5
40,21,32,37,25,24,27,18,0,10,17,2,0,4
96,89,119,99,86,118,101,87,83,105,88,76,106,91
69,79,73,67,77,68,72,62,65,60,59,68,61,62
7,13,2,19,17,13,16,0,0,0,1,1,0,0
77,62,79,66,70,76,65,65,50,67,59,65,70,56
77,85,63,62,58,146,50,P,83,61,58,58,38,42
89,85,69,61,54,59,41,85,77,65,54,54,54,33
65,61,70,77,79,65,76,53,56,65,64,68,59,68
31,34,39,23,33,30,31,8,7,19,0,12,14,12
78,65,77,55,68,60,60,70,61,74,54,62,E,59
35,21,39,21,33,37,20,19,1,15,2,8,17,2
21,26,27,22,26,29,32,0,1,4,3,7,11,11
4,13,25,40,50,69,61,0,0,14,30,I,54,44
23,26,21,27,26,34,26,5,6,0,4,10,14,6
93,109,98,108,90,86,110,79,95,93,103,81,79,101
20,31,30,20,35,25,31,0,16,13,0,12,0,14
118,117,93,88,80,117,103,111,106,86,74,68,106,96
96,118,86,84,100,116,,89,110,74,75,95,107,88
85,96,89,111,104,115,98,72,82,79,103,93,110,84
20,22,22,43,47,73,127,9,9,10,32,35,55,41
127,0,12,5,-6,15,-5,0,,0,0,0,0,0
84,75,64,57,53,49,43,80,69,60,52,47,41,42
45,47,60,51,47,60,55,39,42,51,40,39,54,44
60,44,52,51,41,58,54,54,38,38,43,34,53,48
21,13,37,39,46,54,67,11,3,19,21,31,35,56
87,85,67,65,67,48,51,78,76,67,,67,,49
84,66,72,73,68,47,48,81,62,67,67,68,38,44
61,70,72,74,63,79,74,52,62,65,66,53,74,62
53,48,46,50,45,58,41,47,36,32,45,37,48,35
14,25,39,54,43,85.58,61,0,13,26,43,26,57,43
64,75,60,78,71,72,80,59,64,52,72,66,58,70
60,64,80,72,80,72,61,53,58,66,58,74,59,53
62,63,74,65,62,74,63,57,55,68,55,8.18,68,54
70,73,61,77,79,64,70,57,67,52,69,73,52,65
109,X,95,117,93,103,111,95,99,84,104,86,92,100
81,115,81,96,85,81,82,67,104,73,86,79,75,76
74,80,68,62,70,76,73,61,68,57,52,57,70,68
77,65,72,69,66,77,70,68,51,67,64,54,72,65
59,40,44,52,48,56,48,53,34,31,39,42,49,43
60,77,65,68,65,68,61,50,64,56,59,60,59,53
17,24,21,40,64,64,74,6,10,3,22,47,45,57
90,65,76,69,51,51,45,81,56,71,68,45,51,40
101,-3,84,106,85,93,116,96,81,76,96,71,87,108
31,28,34,36,25,32,21,13,8,18,7,0,14,4
3,19,-2,10,6,1,14,0,2,0,0,0,0,0
47,53,44,42,60,52,40,40,40,31,32,55,38,34
26,31,20,22,27,28,25,6,9,5,0,0,6,0
54,48,43,50,43,44,43,47,34,37,43,37,35,37
0,30,20,39,56,51,60,0,15,4,23,41,34,46
88,77,63,55,69,62,53,84,73,54,46,61,58,51
79,70,73,58,143,59,53,78,63,70,50,64,58,51
89,74,73,62,57,63,50,84,68,72,62,56,61,46
110,97,102,82,106,112,97,103,86,95,70,94,99,83
17,25,21,45,64,67,61,H,12,5,,48,51,42
87,83,80,92,95,101,81,76,75,69,83,85,87,69
35,28,30,25,39,32,29,14,4,1,10,24,4,5
42,55,54,60,49,51,60,36,42,40,51,35,42,51
87,67,62,57,60,57,42,81,65,55,53,56,48,38
75,71,77,68,68,60,51,70,62,75,61,65,60,46
79,60,64,72,78,61,79,74,49,51,67,67,49,70
42,44,48,59,52,42,,30,37,37,47,38,36,50
91,88,81,84,118,108,101,77,76,70,74,113,102,88
8,14,-9,5,16,0,-8,0,0,0,0,0,0,0
74,135,61,68,70,47,55,72,61,61,68,70,40,37.89
73,72,74,63,74,70,78,64,59,62,49,67,65,68
106,85,116,107,102,113,101,93,79,109,97,88,107,95
75,66,L,75,77,79,71,61,55,56,63,64,74,61
77,71,67,75,F,50,42,77,71,61,71,53,50,39
51,48,52,45,58,58,56,38,39,40,38,51,45,E
61,64,76,65,T,75,70,51,55,70,56,67,68,63
4,31,20,37,41,64,71,0,14,5,20,31,54,52
82,84,73,64,60,48,42,78,82,73,55,60,43,41
28,36,31,39,39,38,25,5,13,14,18,15,9,0
82,67,66,64,64,53,44,80,59,66,57,61,47,44
B,75,70,73,59,,58,78,68,67,69,53,45,58
-5,9,-7,-10,-4,8,16,0,0,0,0,0,0,0
-9,,-7,17,-1,1,0,0,0,0,0,0,0,0
49,40,56,57,-2,50,43,37,33,50,52,36,45,35
120,94,118,102,96,83,114,108,84,107,97,89,69,109
H,55,56,47,40,41,56,51,44,45,38,27,35,46
78,68,66,75,55,54,51,73,64,63,70,54,51,51
6,21,25,54,64,71,68,0,6,8,38,51,59,49
35,35,28,54.08,33,29,36,12,14,10,18,16,4,16
51,48,41,53,46,41,49,42,41,31,47,38,27,44
68,66,65,61,67,80,80,61,59,52,51,53,71,72
46,40,56,55,41,54,56,41,35,44,44,34,46,51
73,80,73,76,67,75,79,65,73,60,65,60,68,71
85,100,103,113,119,97,90,80,87,95,102,110,89,81
J,78,72,60,73,74,80,48,70,64,54,66,69,68
78,66,74,63,59,60,55,78,64,70,61,54,51,52
47,51,46,45,60,58,43,35,44,34,31,54,47,33
2,32,I,39,44,61,82,0,17,17,22,29,48,69
56,60,59,58,42,56,52,51,51,50,51,36,44,40
61,,72,71,62,70,66,53,69,64,66,49,62,57
80,66,61,62,80,76,71,75,54,49,50,66,63,66
14,-1,-10,14,134,4,13,0,0,0,0,0,0,0
82,65,69,59,53,128,57,77,61,64,54,45,64,54
89,68,63,68,57,47,43,88,64,59,67,54,39,43
79,74,74,74,65,79,62,66,67,62,67,60,67,53
83,105,97,107,104,120,119,76,93,88,102,91,106,113
118,100,81,111,82,98,97,107,91,67,101,72,91,84
88,80,76,55,70,49,52,84,75,76,46,63,46,43
71,85,64,68,52,61,49,70,78,60,63,49,53,41
78,78,64,79,60,80,61,70,71,54,70,52,67,53
116,84,94,91,87,113,109,107,73,87,85,80,103,102
79,67,66,73,67,74,146,68,54,M,64,59,61,65
44,51,60,44,42,52,60,38,40,53,38,29,39,47
16.2,50,57,47,49,45,59,41,36,51,41,42,31,46
20,22,25,30,34,25,33,0,4,1,2,10,8,
11,22,41,50,43,69,82,0,3,31,35,32,59,63
63,80,-10,74,66,69,69,52,69,55,60,52,56,59
69,72,77,78,63,73,73,63,67,67,69,49,62,59
46,56,57,43,48,46,44,33,48,43,32,39,41,
99,114,120,118,100,85,96,89,105,115,110,92,77,90
26,20,26,34,,39,28,0,0,3,11,7,10,7
8,27,22,35,H,72,60,0,11,11,25,45,62,47
41,48,,40,15.8,40,48,33,38,38,28,39,35,40
13,30,40,144,41,64,63,1,16,28,39,31,52,45
-6,0,11,-2,2,-1,-5,0,0,0,0,0,0,0
70.75,67,75,60,61,70,77,57,30.14,66,50,56,60,63
95,86,102,94,115,118,82,83,76,91,82,104,106,69
18,-1,15,5,-5,0,1,0,0,0,0,0,0,0
101,105,87,104,84,100,94,87,99,75,93,70,90,84
12,17,42,45,50,53,64,0,1,32,32,36,40,48
89,74,64,75,60,52,48,81,73,55,69,59,50,41
84,72,76,56,63,54,60,80,63,72,56,62,47,56
39,32,26,36,24,35,25,14,14,0,10,0,18,10
6,10,45,45,48,71,81,0,0,32,29,35,53,69
78,69,70,61,74,64,60,67,64,60,47,61,53,48
90,75,60,73,56,49,45,90,70,59,65,48,49,44
48,42,53,41,53,51,45,34,33,43,33,42,46,38
115,94,96,96,88,103,105,108,82,87,86,83,97,99
98,113,113,95,101,90,119,87,99,99,85,87,78,114
28,26,29,24,39,36,28,7,5,5,0,10,8,4
67,80,78,65,73,62,60,59,66,72,57,68,51,48
30,20,28,36,22,25,33,13,3,12,11,6,0,18
100,97,101,114,89,118,90,92,89,91,106,82,111,79
70,L,67,79,72,79,72,57,57,59,70,60,69,59
81,107,86,89,109,-4,120,70,93,72,80,95,75,109
120,118,118,101,96.02,119,83,111,105,106,94,87,113,77
108,87,86,92,105,94,117,102,73,81,82,92,83,108
33,20,33,26,33,25,37,13,0,7,6,10,0,13
60,42,53,60,55,42,58,51,37,42,50,41,37,45
-9,10,14,3,-9,18,13,0,0,0,0,0,0,0
15,19,35,52,42,57,72,0,1,20,37,28,42,62
80,85,67,73,57,52,59,75,83,64,71,51,50,55
57,51,52,42,46,42,53,49,44,40,32,39,30,40
72,71,75,71,74,69,61,,65,67,63,69,60,53
34,26,30,35,46.43,40,33,15,10,15,19,2,12,7
26,37,35,-4,30,36,30,2,21,8,22,14,14,1
-8,1,15,14,19,-1,11,0,0,0,0,1,0,0
82,67,64,60,65,48,48,82,65,63,55,60,48,45
33,26,31,40,34,37,-6,17,0,5,15,14,18,15
29,24,35,30,30,31,20,14,3,7,13,10,13,3
10,29,28,31,43,-5,79,0,15,16,16,32,45,64
60,67,80,67,71,68,Q,47,57,73,57,57,63,62
9,11,28,50,46,127,,0,0,10,38,28,60,69
52.86,9,-10,15,20,17,5,0,0,0,0,0,0,0
-7,11,15,13,15,7,4,0,0,0,0,0,0,0
80,77,75,62,65,68,72,69,65,69,53,55,60,63
85,72,78,61,57,48,40,82,66,78,53,51,42,38
0,13,5,41.64,-6,17,16,0,0,0,0,0,0,0
85,72,78,64,66,53,43,80,64,69,57,58,48,43
23,27,23,33,29,25,21,1,11,6,5,4,0,0
7,18,32,129,60,74,68,0,1,13,36,49,56,52
31,32,27,22,20,35,35,11,17,6,0,0,10,3.04
10,20,31,38,59,52,60,0,4,17,19,43,36,49
49,55,60,50,41,40,53,41,50,51,45,35,31,44
65,68,79,78,72,,74,53,60,70,72,60,58,63
-1,17,17,7,6,17,0,0,0,0,0,0,0,0
3,14,-4,4,13,7,9.19,0,0,0,0,0,0,0
18,12,27,31,49,66,67,0,0,13,17,36,49,48
102,98,87,81,97,138,113,91,90,74,70,89,101,103
22,22,32,37,61,53,73,12,12,22,26,49,36,55
84,83,77,56,62,46,55,81,U,71,48,53,39,48
80,119,98,88,115,81,100,74,111,84,74,107,68,93
48,53,55,40,50,92.44,58,34,45,50,30,36,35,51
28,23,20,25,24,34,20,12,8,0,0,0,16,0
5,11,41,34,60,57,75,0,0,22,15,50,39,62
75,78,69,63,54,63,44,69,71,63,55,45,60,43
47,45,40,45,54,44,51,39,31,26,37,40,32,40
80,86,91,98,120,111,120,71,73,82,92,109,103,108
112,-9,94,120,95,91,119,105,74,81,106,85,83,114
75,70,64,75,66,61,77,64,65,53,64,61,B,70
56,43,45,51,53,56,40,46,36,35,40,43,46,26
27,33,23,37,30,30,27,5,12,2,8,13,11,12
78,70,79,65,59,64,45,78,63,73,60,50,57,38
17,14,15,20,-6,19,0,2,0,0,0,0,0,0
74,75,61,56,66,58,47,68,70,52,71.61,61,57,2.29
12,-9,20,-7,-4,4,12,0,0,0,0,0,10.61,16.58
8,31,31,34,51,68,63,0,14,17,18,41,53,52
72,67,67,62,60,63,57,66,62,60,58,60,62,50
25,11,25,39,47,51,77,9,0,15,27,37,40,59
74,79,66,74,76,X,73,62,72,54,65,22.78,65,60
23,26,39,S,52,75,73,7,16,28,21,40,60,62
98,98,113,118,98,100,106,85,,107,105,89,88,98
-5,75,79,95.23,69,62,76,61,61,68,71,57,53,66
23,25,23,26,33,26,20,4,0,2,10,17,11,2
90,96,106,118,119,99,92,79,84,101,109,107,89,79
,15,33,38,54,66,85,0,0,14,20,41,56,71
103,96,115,97,95,113,112,96,90,108,89,88,101,102
-9,-3,20,4,-4,D,4,0,0,0,0,0,0,0
23,14,22,33,65,71,61,13,0,8,21,53,59,47
53,54,58,44,57,53,50,41,45,52,33,45,39,39
1,2,-7,17,2,8,16,0,0,0,0,0,0,0
94,118,88,80,85,111,96,85,109,,70,77,102,82
4,0,,-1,19,2,,0,0,0,0,2,0,0
74,74,78,70,66,74,-3,67,68,67,63,60,69,61
80,115,103,99,108,120,98,62.19,103,93,91,97,110,85
35,24,28,33,34,36,36,7,3,5,6,9,9,18
62,67,78,70,65,72,66,56,54,68,61,53,63,52
93,104,91,95,80,113,97,80,96,80,84,70,102,84
8,2,-10,,15,9,-1,0,0,0,0,0,0,0
14,18,2,-5,19,-10,3,0,0,0,0,0,0,0
,67,80,57,59,52,55,84,66,77,54,57,49,49
18,26,28,43,44,52,76,1,11,18,1.71,30,34,59
97,118,85,92,96,102,112,86,111,71,87,82,89,100
63,78,67,77,67,J,C,52,65,62,65,57,54,72
80,85,65,64,59,51,50,77,77,65,59,50,44,48
22,12,32,30,53,69,70,12,0,20,12,37,52,58
22,29,40,124,35,25,23,0,10,11,16,13,10,1
X,78,60,61,62,65,43,68,72,58,59,59,57,41
111,100,111,92,90,95,96,102,87,97,87,81,81,86
110,115,87,88,98,91,95,105,101,76,83,85,79,86
19,31,44,37,41,71,65,6,20,32,20,29,54,52
-6,3,-10,12,12,-7,10,0,0,0,0,0,0,0
86,81,61,58,50,45,55,78,73,55,57,49,37,48
118,114,115,83,93,84,93,112,100,108,77,79,79,81
80,113,116,96,101,94,91,69,105,109,83,96,88,83
75,67,69,65,73,63,74,68.3,59,56,55,67,56,68
36,34,31,21,26,40,Z,15,15,6,0,6,13,
52,46,41,50,49,41,44,43,36,27,43,39,31,30
62,C,67,70,80,79,71,50,70,58,62,72,74,58
65,69,74,65,66,76,75,56,63,65,56,57,62,65
56,45,45,55,60,54,50,48,37,37,43,50,40,39
71,83,78,55,50,46,44,69,76,76,47,48,43,36
83,84,87,111,102,84,99,72,73,73,104,95,73,87
19,15,35,30,61,74,70,7,3,16,T,50,55,60
22,31,38,25,20,26,33,2,15,13,7,0,7,7
24,147,31,25,29,37,20,8,D,4,2,1,13,3
67,63,78,69,78,76,76,58,51,72,57,67,70,64
33,40,38,33,38,23,21,7,19,18,13,9,2,5
85,87,82,93,86,92,80,76,76,Q,82,79,79,72
1,-3,17,-10,16,-10,5,0,0,0,0,D,0,0
42,47,52,46,48,55,51,35,39,41,34,36,43,38
25,20,20,33,56,64,65,7,9,3,21,43,50,49
-7,24.09,11,16,12,8,-8,0,0,0,0,0,0,0
74,67,73,M,55,47,41,71,66,73,59,53,46,35
72,73,70,60,77,66,80,64,60,56,53,69,54,68
6,,-5,16,7,15,-3,0,0,0,1,0,K,78.34
37,32,29,30,20,22,21,15,9,14,2,0,0,5
54,52,49,42,46,49,55,46,38,42,29,36,35,41
90,83,76,75,62,50,56,87,76,74,73,59,48,50
8,35,143,42,40,51,62,0,24,23,25,21,38,51
1,12,34,30,47,59,81,0,0,16,20,34,40,65
69,60,72,60,T,72,65,55,50,,54,67,62,58
23,31,21,21,33,23,38,0,4,5,1,13,5,10
1,-10,-2,-10,-4,1,15,0,0,0,0,,0,0
17.0,3,J,13,2,0,10,0,0,0,0,0,0,0
87,82,68,58,62,64,46,80,81,62,49,56,61,39
21,26,23,51,52,61,84,11,15,8,41,37,46,72
-7,19,-4,-7,-7,19,17,0,0,0,0,0,0,0
50,44,52,43,46,48,44,42,34,42,38,40,36,30
4,16,17,-5,20,-5,-1,0,0,0,0,0,0,0
28,H,36,29,24,40,29,9,11,19,10,3,14,9
10,31,39,49,52,72,63,0,21,28,32,37,57,48
89,92,110,96,102,94,110,84,85,100,87,91,87,102
45,45,49,58,58,46,56,31,32,40,44,C,39,50
127,-3,5,16,-2,-5,-1,0,0,0,0,0,0,0
21,30,38,33,34,22,24,3,1,17,8,15,7,0
72,64,78,73,79,64,-10,59,58,65,67,65,51,69
18,-2,10,3,16,1,18,0,0,0,0,0,0,0
18,11,38,40,56,71,62,4,0,24,23,37,57,47
87,116,86,110,99,90,88,74,102,81,99,90,78,76
94,98,80,87,80,108,88,88,90,74,79,70,94,75
23,19,23,43,52,75,67,13,5,7,25,35,59,49
77,60,68,69,,72,77,63,54,61,63,67,62,71
20,-3,17,9,0,-6,16,0,0,0,88.05,0,0,0
28,27,26,39,23,31,33,6,5,8,20,6,7,10
35,25,24,23,37,40,23,10,10,0,3,17,23,3
36,36,31,22,24,35,34,G,8,16,2,1,17,8
8,35,,35,62,66,64,0,18,32,21,43,50,46
67,73,69,78,68,67,-5,54,Z,56,64,59,61,54
116,83,100,80,115,116,110,104,71,94,74,104,56.42,96
1,18,20,11,10,5,12,0,0,0,0,0,0,0
60,58,43,56,41,48,44,55,49,32,48,29,36,33
86,79,68,74,60,47,41,83,78,61,65,57,46,35
104,105,81,117,81,112,93,91,100,69,108,74,102,88
100,107,85,113,95,85,111,87,97,75,105,88,74,104
87,67,63,60,64,52,48,86,60,62,52,64,43,39
88,79,71,57,53,47,51,79,79,68,50,45,44,43
80,72,67,61,53,48,47,79,65,67,53,51,47,40
,72,70,67,75,62,80,75,63,64,53,62,49,73
49,59,59,51,60,57,55,36,45,50,46,47,44,44
10,34,35,51,44,63,74,0,21,17,34,31,51,64
,31,24,32,53,75,79,9,20,8,18,41,60,67
V,70,80,69,68,47,51,82,61,76,64,67,41,49
66,60,-4,77,73,79,66,52,54,66,71,61,70,52
40,40,41,57,60,46,44,30,30,28,46,46,33,39
20,38,25,34,150,23,37,1,20,0,19,71.8,0,18
85,67,125,69,58,54,55,84,62,54,61,52,47,50
130,66,77,65,62,45,44,64,66,75,64,62,37,37
24,20,45,50,42,69,84,11,8,34,40,23,52,70
-5,2,-1,9,5,-5,4,0,0,0,0,0,0,0
45,54,58,42,44,56,57,37,48,46,36,35,43,52
71,69,72,65,64,75,69,62,56,63,60,57,69,55
3,25,45,33,41,55,67,0,11,28,14,23,45,49
83,81,73,68,65,61,42,82,77,64,62,62,60,41
25,23,30,54,45,59,83,12,12,13,40,27,40,65
70,77,65,70,68,58,54,70,75,57,68,62,54,45
75,79,60,78,71,70,77,64,71,47,65,63,64,63
4,19,23,42,63,57,79,0,7,10,27,53,45,60
81,82,60,73,67,55,48,78,79,59,68,67,46,48
46,42,56,56,57,55,49,38,36,48,46,48.18,47,37
46,49,47,50,60,60,48,34,44,36,41,49,52,37
71,63,68,68,68,73,72,60,53,54,57,55,67,60
65,69,68,74,70,62,78,59,57,56,68,60,52,65
68,80,62,75,69,77,70,54,84.35,54,65,63,63,60
61,60,60,72,61,61,60,53,48,51,61,47,54,49
-2,3,18,20,5,14,-3,0,0,0,2,0,0,0
15,31,23,46,42,75,78,0,14,5,30,26,63,60
80,75,68,69,54,53,46,71,72,59,62,51,53,45
13,17,-2,9,9,2,4,0,0,0,0,0,0,0
24,31,36,53,56,62,68,14,20,19,39,46,44,54
64,63,61,70,67,74,66,50,53,55,64,61,69,60
71,70,76,71,68,47,47,69,66,72,65,67,41,42
63,80,75,77,68,79,80,52,74,67,68,56,68,68
109,86,85,96,114,119,93,102,78,77,88,104,111,79
23,26,24,20,28,33,28,0,10,2,0,6,18,10
69,78,X,63,71,78,63,56,71,68,56,57,66,53
11,21,35,53,65,68,78,0,7,24,41,50,52,64
20,39,38,28,30,39,22,0,15,18,10,11,19,0
91,115,100,98,101,99,119,82,104,90,88,90,87,106
9,30,35,39,59,57,75,0,11,22,28,41,46,58
117,91,102,100,105,107,86,103,85,95,89,100,98,73
28,31,34,20,31,40,22,5,10,11,0,11,15,0
81,82,69,130,52,59,52,79,78,67,57,45,58,52
40,47,60,54,57,60,46,28,33,50,45,48,55,37
1,14,31,44,55,61,82,0,4,16,25,40,44,72
67,71,70,65,67,66,65,60,59,57,54,60,58,53
20,35,27,40,25,33,26,4,19,0,14,6,4,10
30,33,33,25,37,31,25,7,17,8,0,14,12,10
U,37,34,32,36,129,26,0,17,10,9,8,16,0
70,85,67,55,58,53,41,62,76,62,46,52,44,39
93,116,113,98,85,65.5,81,86,109,59.01,93,74,96,75
101,94,80,85.22,81,117,105,90,81,,80,73,112,92
63,61,64,75,74,62,80,56,47,50,64,69,48,69
23,15,36,30,49,60,66,9,0,24,17,31,41,47
109,106,83,115,109,90,99,97,100,70,104,103,76,90
85,102,115,81,115,82,81,74,91,109,75,107,72,69
1,1,2,7,-5,15,0,0,0,0,0,0,0,0
20,15,17,19,2,15,0,4,0,0,0,0,0,0
51,,60,43,147,55,44,39,50,51,35,44,50,30
22,26,42,51,64,74,80,8,15,24,38,,56,63
-6,9,1,2,-7,12,17,0,0,0,0,0,0,0
16,28,40,31,63,61,64,6,10,22,12,44,47,53
132,19,25,45,57,55,84,0,2,6,27,38,42,65
20,31,38,35,22,39,21,0,2,19,8,2,22,0
108,118,82.89,80,113,99,96,102,105,103,72,103,91,88
55,51,54,53,56,48,58,46,46,41,45,47,40,44
6,-1,12,2,-2,14,-10,0,0,0,0,0,0,0
75,69,69,66,65,70,C,70,67.36,61,56,56,62,58
74,69,66,68,65,47,41,65,68,66,60,65,47,34
81,67,65,72,51,53,58,80,62,58,68,48,53,61.75
9,18,38,53,53,61,68,,4,28,39,37,51,50
13,17,-5,-4,10,-5,18,0,0,0,0,0,0,0
17,8,128,9,16,2,10,0,0,0,0,0,0,0
23,28,26,34,N,65,69,6,18,14,,35,48,51
31,38,20,40,23,28,28,3,9,0,20,0,5,10
42,42,58,41,57,56,59,,28,50,27,50,44,46
115,106,120,95,95,80,112,102,95,109,,86,70,99
19,10,27,38,42,60,70,9,0,17,27,26,43,58
69,61,74,124,71,78,60,59,47,67,57,60,69,47
86,74,79,73,57,53,58,86,73,,69,53,53,49
73,78,70,58,70,59,48,65,74,66,55,67,53,39
71,67,67,62,33.38,75,73,60,,59,18.55,52,68,60
5,31,149,37,47,74,71,0,21,16,18,31,57,54
67,73,64,77,66,65,68,57,62,53,70,57,59,60
76,71,68,60,,60,61,68,64,57,49,61,52,54
57,60,42,48,41,54,57,48,50,36,38,30,48,45
21,30,34,48,-10,75,67,2,15,20,38,44,64,50
76,71,60,72,62,67,63,62,58,47,67,52,57,50
25,17,23,41,54,57,62,13,7,11,31,41,43,52
8,5,145,1,-5,9,14,0,0,0,0,0,0,0
82,80,65,69,61,49,52,76,72,60,68,60,43,51
112,112,116,115,106,80,91,105,100,111,105,95,74,85
86,101,117,98,110,92,104,79,91,106,85,100,82,93
81,82,91,86,88,80,89,73,70,80,74,74,73,79
0,24,34,38,46,65,F,0,11,24,27,28,55,69
53,58,44,44,40,44,46,40,50,38,36,31,38,37
90,82,61,67,52,65,57,86,78,57,60,47,64,54
27,25,25,28,33,38,21,9,10,7,11,18,22,0
22,29,21,36,65,61,80,12,11,8,22,54,47,63
57,54,49,55,56,60,53,43,45,39,49,50,47,42
20,37,22,31,28,33,34,3,19,0,10,8,18,14
33,22,39,33,32,26,21,14,7,19,8,13,5,0
84,68,67,57,64,62,44,82,64,58,48,59,58,41
74,79,68,61,72,73,68,61,66,59,53,63,64,58
4,18,42,49,53,64,62,0,8,24,34,37,49,51
84,78,61,67,57,63,44,82,76,58,64,54,61,38
-8,-2,-6,75.45,-2,6,-7,0,0,0,0,0,0,0
3,147,-6,19,18,4,15,0,0,0,0,0,0,0
54,44,40,44,57,41,45,43,36,27,33,51,33,31
22,39,35,24,39,29,22,3,12,12,3,23,9,0
0,2,-1,5,13,5,-4,0,0,0,0,0,0,0
79,76,71,58,50,49,51,75,76,66,51,45,44,47
14,F,-9,2,0,4,-1,0,0,0,0,0,0,0
64,72,77,73,79,72,64,50,59,65,60,72,66,51
-3,3,15,-6,11,17,11,0,0,0,R,0,0,0
22,23,32,22,29,27,31,0,5,12,2,14,3,9
40,29,25,39,34,40,38,21,11,0,19,14,16,A
17,-6,-4,93.79,10,5,-2,0,0,0,0,0,0,45.72
70,64,74,71,80,68,63,59,51,U,66,68,61,54
,50,56,-9,55,58,40,49,39,49,35,45,52,31
84,83,120,103,97,91,107,71,77,110,98,83,78,94
103,105,100,110,110,107,120,94,93,95,99,96,95,106
84,110,84,81,105,91,94,79,101,73,73,91,84,85
38,36,28,29,33,21,20,23,18,0,4,12,3,5
45,45,56,41,45,41,42,39,39,49,28,40,36,32
65,67.18,73,70,64,78,62,54,52,62,64,54,66,
10.1,72,74,60,58,56,54,78,64,72,54,51,53,54
78,76,79,65,71,68,62,67,64,70,55,63,54,56
58,55,52,45,45,55,46,48,43,44,31,32,47,40
112,93,98,85,110,95,111,100,86,93,71,96,82,103
77,64,67,77,78,61,64,64,50,55,64,66,51,55
66,76,74,74,75,66,75,53,62,60,68,67,56,69
70,67,63,74,54,65,45,67,62,62,71,50,58,42
117,83,114,94,102,111,118,112,78,102,82,97,102,111
18,-2,3,3,14,0,19,0,0,0,0,0,U,0
72,70,60,58,66,63,55,64,70,52,56,62,59,55
12,-4,2,17,-3,-5,6,0,0,0,0,0,0,0
35,25,39,36,25,23,31,11,9,F,18,7,4,4
53,48,40,44,46,48,55,45,34,28,33,38,40,48
7,18,23,39,50,61,63,0,8,10,29,38,45,47
10,8,-1,2,-4,14,4,0,0,0,0,0,0,0
18,17,22,34,65,60,78,4,1,8,20,46,44,63
75,77,73,62,64,60,42,66,68,71,55,58,56,39
67,65,72,65,68,63,79,53,56,60,57,59,55,72
19,15,11,-7,4,-10,16,0,0,0,0,0,0,0
67,71,67,72,76,70,61,61,60,59,59,66,62,50
36,27,31,25,37,35,40,19,11,7,6,8,15,22
15,17,5,15,10,18,20,0,0,0,0,0,0,5
9,25,25,44,59,58,63,0,13,15,33,41,48,52
31,30,24,37,29,20,31,11,4,1,8,3,0,5
50,42,43,43,58,45,50,45,30,34,34,45,40,40
24,23,30,28,23,29,26,0,0,68.56,11,1,4,10
51,41,45,42,46,49,50,38,33,34,28,33,36,N
19,14,37,37,58,52,64,7,0,24,26,48,37,46
67,60,77,80,64,72,75,55,53,68,68,59,60,67
4,15,43,38,61,50,61,0,4,27,25,50,32,47
4,17,30,32,65,40.72,81,0,7,19,18,55,54,67
76,63,79,65,64,65,73,70,51,74,55,56,52,66
16,11,14,-10,3,17,1,0,0,0,0,0,0,0
40,56,51,E,55,53,51,26,44,45,40,48,46,44
102,110,106,106,93,85,98,93,102,93,95,79,74,91
66,77,80,124,52.82,64,80,56,65,69,66,51,52,75
14,17,41,35,147,64,67,3,5,24,19,27,50,55
28,26,26,34,33,38,28,2,0,1,18,17,11,4
83,75,67,72,69,64,,82,72,62,66,60,57,50
29,27,29,25,40,36,29,11,12,5,1,11,J,8
55,46,41,41,54,54,51,16.66,32,29,31,44,48,45
50,49,60,47,54,46,43,44,43,54,34,49,34,29
10,21,42,34,53,56,63,0,6,32,21,35,45,52
24,24,37,36,27,26,20,1,6,14,15,6,5,0
84,82,60,63,51,48,51,81,77,51,58,45,42,46
79,,71,68,51,51,51,79,57,70,63,46,49,43
105,92,92,88,93,108,101,98,82,79,79,88,98,96
61,77,68,60,64,79,70,49,71,59,55,58,65,63
86,72,66,58,70,60,58,82,64,66,54,64,56,54
20,31,38,36,39,37,35,2,11,13,12,24,13,20
78,66,78,72,62,80,72,72,59,68,63,54,69,65
8,-5,7,6,12,1,-9,0,0,0,0,0,0,0
73,75,75,64,51,56,57,68,75,71,58,43,54,55
28,40,27,38,38,37,37,5,22,4,12,20,10,14
85,89,108,103,117,108,83,72,80,99,94,105,103,71
15,31,33,51,B,54,70,1,19,20,32,37,43,59
78,72,66,74,68,54,50,77,69,63,68,66,50,48
15,5,-8,-1,1,1,27.42,0,0,0,0,0,0,0
7,-7,-10,15,9,8,-9,0,0,0,0,0,0,0
101,100,108,99,-8,88,87,96,90,101,85,92,78,80
12,18,43,53,49,58,66,0,2,32,43,31,48,56
34,20,30,21,23,21,34,6,5,5,0,0,0,19
73,68,71,78,74,70,66,59,62,63,69,60,56,57
69,71,64,74,68,75,70,55,65,52,67,54,65,59
21,32,30,34,37,22,33,6,12,7,15,16,0,18
64,75,68,80,63,79,74,50,68,56,73,V,72,68
81,75,70,73,62,61,46,72,67,61,64,57,56,46
38,26,36,38,35,22,23,20,5,12,23,15,2,6
19,19,12,12,-5,-5,9,0,0,0,0,0,0,0
8,18,,139,47,75,68,0,4,24,30,34,65,58
78,80,72,62,72,67,-1,67,71,67,49,63,61,54
87,84,67,58,-6,51,60,81,76,64,54,59,44,51
76,61,75,75,65,76,73,64,48,67,61,53,67,59
-5,13,4,16,12,-8,-1,0,0,0,0,0,0,0
33,37,30,39,F,26,26,16,10,12,18,4,4,6
22,40,E,20,32,37,26,3,18,18,0,9,9,0
89,86,115,115,105,89,120,82,78,107,106,92,78,106
112,82,92,103,97,108,85,100,72,82,91,85,102,75
29,39,27,35,35,40,22,9,11,2,8,19,11,2
7,15,15,128,9,6,6,0,0,N,W,0,0,0
63,77,71,73,68,74,72,51,69,63,60,61,66,61
21,32,27,53,50,74,71,7,20,9,36,39,59,53
21,15,35,52,44,55,67,6,0,18,37,33,41,53
11,25,32,55,57,57,85,0,13,20,36,46,42,71
6,24,39,40,56,56,70,0,13,29,28,46,44,60
31,34,22,26,40,21,31,14,8,0,4,12,3,11
70,71,64,72,52,52,40,64,71,64,69,49,44,40
40,26,21,27,J,39,26,16,6,0,0,11,23,3
63,68,79,78,72,67,80,56,55,72,72,64,58,75
19,17,12,8,-3,6,18,3,0,0,0,0,0,0
19,26,22,51,48,51,84,5,14,5,34,42.13,33,71
6,15,16,13,16,11,5,0,0,0,0,0,0,
23,13,34,54,54,52,79,7,0,22,37,36,41,61
40,49,47,45,56,58,53,26,43,39,36,46,51,45
80,80,67,67,78,72,76,73,70,62,58,73,63,68
,41,X,60,42,56,60,36,27,46,50,28,46,51
30,26,38,22,37,24,28,4,8,9,4,13,8,7
84,68,63,63,G,50,52,80,67,58,61,54,48,47
11,24,20,52,41,70,67,0,8,4,41,26,54,50
72,85,75,61,57,64,44,67,76,69,61,55,D,43
11,-1,7,-2,-7,5,-9,0,0,0,0,0,K,0
87,72,80,60,69,53,58,85,72,72,53,67,49,55
28,23,20,22,35,29,24,0,0,0,0,12,14,6
100,100,84,115,81,93,89,91,87,72,104,67,86,78
72,71,63,68,57,52,53,72,67,M,66,55,45,47
94,80,81,90,-3,113,81,82,68,67,84,104,106,76
19,19,0,16,-4,4,-7,0,0,0,0,0,0,0
87,88,117,107,112,100,88,74,80,R,101,107,89,77
67,76,65,61,76,63,66,54,62,53,49,68,55,56
24,63.12,22,36,63,66,72,11,13,10,18,48,53,62
61,62,66,69,68,79,78,56,50,54,58,55,69,68
83,83,61,73,65,56,52,77,82,53,66,65,54,48
80,119,85,107,93,114,103,72,108,77,96,81,107,93
24,U,29,42,53,62,79,11,4,12,31,35,44,I
69,,72,74,80,70,68,59,59,65,65,75,65,63
1,12,-3,12,17,-7,2,0,0,0,0,0,78.69,0
14,35,37,44,53,62,83,2,22,23,33,39,44,66
88,67,77,60,58,61,54,80,64,72,56,58,16.27,52
115,93,95,97,85,91,98,105,83,88,86,75,78,84
25,35,27,40,35,27,37,0,10,8,18,15,1,13
20,14,2,-6,-6,9,8,0,0,0,0,0,0,0
,43,54,42,40,59,60,50,34,40,37,30,14.09,54
15,-7,-7,4,10,-8,-6,0,0,0,0,0,0,0
91,91,80,104,119,115,-1,84,81,69,93,112,108,92
56,40,41,57,49,45,42,49,31,36,46,44,35,32
80,85,79,63,69,57,57,80,81,79,56,64,50,52
76,71,63,63,63,66,73,66,65,49,49,56,56,68
82.17,28,0,38,34,31,27,9,1,9,12,10,12,0
4,-7,7,18,-4,-1,9,0,0,0,0,0,0,0
82,69,150,63,64,45,49,77,67,71,60,56,41,44
26,40,20,24,32,33,35,8,20,0,9,14,,18
48,42,41,45,56,51,53,36,35,31,39,43,41,41
100,91,112,109,106,83,109,94,86,105,98,92,71,101
16,28,32,50,63,52,83,0,91.61,18,33,49,38,K
29,32,33,21,34,38,40,5,9,16,0,15,20,12
33,20,31,29,39,21,23,13,4,12,3,17,0,5
90,68,71,56,61,47,42,84,67,70,47,57,47,39
1,19,,17,9,17,12,0,0,0,0,0,0,0
77,72,78,58,52,45,58,72,72,74,50,46,41,52
61,72,67,72,78,61,72,50,66,58,67,68,51,58
119,,-5,84,96,99,98,110,78,76,79,85,88,85
108,103,81,84,83,115,107,95,93,75,78,72,110,93
30,30,32,37,22,36,24,4,14,15,15,0,19,9
80,85,60,-2,54,51,49,75,77,60,57,52,47,42
22,29,37,30,56,67,64,11,19,23,17,38,49,48
78,79,64,67,67,80,70,71,66,57,54,53,66,62
90,80,77,58,68,53,52,89,76,71,52,64,51,43
-9,12,6,-4,-3,-8,-9,0,0,0,0,0,0,0
49,43,50,60,52,45,41,37,31,45,46,45,35,36
-2,17,4,4,13,1,-1,0,0,0,0,0,0,0
9,11,32,35,50,62,77,0,0,16,22,39,46,58
A,-2,-6,12,5,-10,9,0,0,0,0,0,0,0
35,32,30,40,36,23,35,6,17,2,25,18,8,19
16,13,23,50,58,56,75,1,3,7,35,48,37,65
55,50,43,40,44,55,,42,36,34,33,37,41,41
96,88,115,109,86,107,96,86,80,106,95,72,98,90
9,15,41,30,57,56,78,0,4,27,17,39,40,66
29,23,25,23,40,32,26,4,6,5,4,20,6,1
-8,17,-10,10,6,-4,-6,0,0,0,0,0,0,0
16,-1,-9,14,-10,14,17,0,0,0,0,0,0,
3,23,28,31,A,58,74,0,13,16,20,27,40,60
10,28,39,41,63,54,67,0,12,21,28,52,42,55
42,56,55,52,43,53,49,36,50,46,40,34,46,43
25,24,36,21,,27,39,0,3,17,0,15,3,17
84,78,74,72,L,63,50,78,77,73,64,49,58,48
67,64,71,72,75,74,61,61,58,59,60,69,60,54
72,76,70,58,69,46,43,71,73,68,56,63,40,37
38,34,37,22,29,35,27,9,5,22,4,2,19,2
58,45,122,50,45,,44,46,37,41,44,31,40,31
10,-1,-5,-5,12,2,2,0,0,0,0,0,0,0
118,82,83,119,118,119,83,107,75,71,110,108,113,69
60,45,50,48,42,58,45,55,37,39,40,35,45,37
17,-3,40,33,62,65,60,0,0,30,16,51,49,45
72,66,69,71,78,73,76,58,61,61,64,65,65,65
85,76,63,57,65,57,49,84,71,58,48,63,54,49
86,104,83,96,100,114,118,80,91,69,84,89,106,106
57,46,56,57,41,51,49,52,36,44,47,27,41,41
81,81,62,69,57,47,55,80,72,59,61,55,43,46
33,21,37,26,34,29,21,14,6,20,4,8,11,6
1,-3,-4,-2,-9,-7,-2,0,0,0,0,0,0,0
44,58,43,51,60,D,50,37,45,38,46,50,36,43
19,23,21,52,52,57,61,6,9,3,34,40,47,43
79,81,79,60,61,46,55,70,72,71,53,55,45,46
4,-9,16,11,-9,1.67,11,0,0,0,0,0,0,0
118,109,83,85,85,112,104,107,99,74,80,77,106,98
12,3,-3,14,15,-3,-5,69.12,0,0,0,0,0,0
114,91,92,87,96,110,95,106,80,84,75,88,104,89
61,77,70,69,70,69,38.84,51,68,56,58,63,63,62
1,-1,17,3,-7,19,3,0,0,0,0,0,0,
70,78,71,74,60,58,40,67,74,70,70,55,51,39
45,41,47,42,60,43,47,32,32,35,28,49,33,36
109,85,90,111,116,80,104,96,77,82,99,109,70,99
90,99,106,98,93,105,97,77,85,P,89,82,100,87
44,44,41,58,42,59,41,36,33,27,48,37,52,35
35,25,32,39,20,23,36,13,7,16,12,0,0,20
117,111,120,111,86,114,120,109,99,115,98,81,104,110
20,31,36,29,35,22,-1,0,13,8,2,18,6,14
88,85,117,114,99,118,113,78,78,106,108,M,,107
65,73,-9,62,77,66,62,57,65,61,53,68,58,53
15,24,25,31,43,63,72,2,8,12,13,33,48,62
95,108,116,97,113,101,109,81,97,103,88,99,96,100
67,65,72,64,79,72,67,55,52,66,53,69,61,55
89,83,66,71,67,59,-4,80,78,65,66,67,56,47
84,74,62,75,52,56,48,78,70,59,68,47,54,40
32,34,40,25,31,33,28,13,5,20,7,3,10,8
-2,19,-7,9,18,-6,13,0,1,0,0,L,0,0
104,94,85,107,119,113,80,98,83,78,99,105,105,75
-1,-1,2,3,14,-10,-9,0,0,0,0,0,0,0
21,40,27,33,33,28,37,1,22,0,14,11,0,22
91,102,106,111,120,109,83,86,92,97,101,107,100,70
66,65,79,79,63,71,69,59,51,66,73,55,57,64
13,19,18,-10,13,11,20,0,0,0,0,0,0,28.98
63,76,68,77,71,73,65,50,70,56,72,66,64,54
,71,80,77,67,66,120,56,57,71,68,54,52,55
Z,72,70,60,63,53,59,68,68,70,51,63,48,56
22,26,32,38,31,30,30,2,3,3,20,16,9,7
,49,54,43,50,51,45,46,44,48,31,37,37,34
42,56,58,56,50,51,46,35,47,46,45,45,41,39
65,0,62,72,63,64,80,54,57,55,62,53,58,70
35,40,23,35,36,40,28,14,18,0,14,11,15,0
79,65,70,78,75,76,63,68,54,65,67,63,62,53
41,40,51,48,48,-2,51,28,30,41,40,43,49,43
90,117,102,103,101,120,94,78,104,92,96,87,115,87
78,74,80,73,63,75,78,70,61,73,59,55,62,64
72,67,63,69,70,51,51,64,65,57,65,62,49,49
-9,18,1,-10,8,-7,-6,0,0,0,0,0,0,0
18,24,24,38,44,56,70,3,5,9,19,33,38,56
51,53,47,44,52,40,52,41,48,40,33,45,35,46
92,113,94,,102,102,114,79,102,81,105,93,89,107
64,69,68,75,77,71,67,56,64,63,65,64,62,54
113,94,112,114,99,94,119,107,83,107,108,88,84,109
4,11,-7,4,20,-2,-10,0,0,0,0,0,0,0
36,27,34,27,32,26,23,14,1,11,8,15,2,0
103,102,102,103,115,111,106,97,93,95,96,110,97,98
55,55,40,49,60,44,55,50,50,26,37,49,33,48
90,79,65,63,53,46,58,89,73,60,63,45,46,51
79,62,65,73,75,63,72,73,H,58,68,68,54,65
64,71,-4,61,78,62,67,58,63,53,50,73,55,60
87,67,71,57,52,61,49,82,58,63,50,43,53,44
16,23,32,48,57,71,74,0,5,20,32,39,59,57
30,25,26,20,21,37,40,5,8,0,0,2,12,13
87,86,84,105,82,95,93,76,73,78,93,71,90,86
118,92,101,115,83,102,102,106,79,88,102,1.98,96,Z
16,12,10,-7,16,5,-8,0,0,0,0,0,0,0
63,63,78,61,79,71,64,51,58,65,50,67,59,57
21,30,37,25,26,37,32,0,14,10,10,4,13,8
80,89,83,99,100,114,107,75,75,70,88,89,109,95
1,35,40,32,60,68,82,0,23,21,21,50,51,63
4,12,-9,-1,5,-6,-10,0,0,0,0,0,0,0
62,78,73,78,61,78,79,53,72,60,66,50,71,9.51
97,111,82,90,84,106,95,85,97,73,84,75,95,84
114,84,115,109,86,111,Q,101,79,106,H,78,100,111
101,,114,95,116,82,96,92,,106,88,110,76,87
-10,7,-9,11,3,14,13,0,0,0,0,0,0,0
70,77,69,80,71,78,80,63,65,58,70,60,67,70
73,72,76,55,67,47,40,67,69,72,51,67,46,31
10,10,42,31,65,72,76,0,0,28,21,55,58,61
45,44,60,43,57,59,58,33,36,47,35,48,48,50
23,22,45,38,45,75,73,10,4,29,21,29,64,61
72,77,71,64,71,67,77,64,66,57,56,60,55,68
76,64,72,62,75,72,79,63,56,59,52,64,,66
77,80,70,66,73,78,65,68,66,64,52,64,73,60
79,79,70,59,70,63,54,73,74,61,53,67,58,50
95,84,91,86,86,83,92,87,70,86,76,80,76,79
9,28,38,32,57,75,80,0,18,19,14,38,61,68
82,78,80,63,69,54,48,80,74,72,61,66,49,40
100,117,113,120,114,110,90,94,112,107,110,109,103,76
100,84,120,122,106,96,105,87,72,107,109,97,83,96
82,116,116,81,104,105,107,77,107,110,76,97,97,95
69,76,71,69,80,79,75,57,64,57,60,71,73,67
106,97,103,113,81,102,87,94,86,95,108,70,89,82
3,10,-10,2,11,9,6,0,0,0,0,0,0,0
20,38,35,22,36,24,22,,16,12,5,9,0,0
15,28,20,51,-1,68,65,5,13,9,40,38,54,55
78,67,74,62,68,57,42,73,58,72,62,62,51,34
83,69,69,67,61,47,57,74,65,64,64,61,38,49
32,39,27,25,35,24,30,13,13,8,8,11,0,8
74,75,70,70,53,57,52,65,66,69,63,48,49,47
7,30,38,52,62,75,81,0,12,26,35,50,64,66
0,20,26,50,46,54,80,0,1,9,35,34,36,62
110,91,82,115,113,93,99,101,82,69,107,107,79,87
79,74,73,75,62,61,54,74,74,73,73,60,52,45
49,54,,52,49,55,,43,40,37,38,44,47,40
20,40,40,22,26,28,36,0,15,18,0,0,0,18
76,76,,67,72,65,73,65,71,54,62,61,57,59
10,16,30,54,51,53,70,0,5,19,42,39,41,52
-4,-7,-6,15,11,7,10,0,0,0,0,0,0,0
1,35,32,30,57,58,75,0,16,16,19,46,48,56
71,75,80,74,60,64,47,64,70,77,74,51,57,41
80,60,68,71,72,80,67,72,51,58,58,60,74,54
50,51,41,54,54,42,41,41,41,30,42,49,32,29
26,30,21,28,30,28,23,0,1,2,10,7,1,0
37,39,40,31,25,39,33,18,23,13,7,0,20,14
53,44,-1,48,47,45,40,45,33,45,41,39,39,32
117,105,109,109,102,92,82,109,92,103,98,95,85,72
-1,9,-7,11,-7,10,-1,0,0,0,0,0,0,0
20,5,9,13,-2,9,20,0,0,0,0,0,0,1
71,65,72,70,68,77,74,59,60,66,61,54,68,63
40,53,42,53,49,58,58,34,43,29,44,40,47,52
5,11,4,0,-4,,5,0,0,0,0,0,0,0
35,30,22,25,25,20,34,10,11,6,7,0,2,11
66,75,79,65,66,71,70,52,28.38,73,57,61,61,59
73,65,60,72,57,65,42,65,61,53,63,49,60,34
129,72,76,62,,52,42,67,68,76,56,56,45,37
,69,61,72,60,68,63,72,60,56,63,49,56,58
117,100,119,88,103,113,116,107,90,112,77,89,108,105
20,G,23,40,31,31,33,,0,0,13,4,3,13
33,31,27,40,40,38,,W,9,5,11,17,21,0
23,23,41,33,49,70,84,9,13,23,20,36,55,69
37,34,,39,28,22,29,22,10,0,23,11,1,1
76,F,62,73,61,57,52,75,84,58,73,61,57,49
96,90,102,99,85,104,86,86,78,93,94,75,99,76
118,101,86,81,116,80,96,104,95,76,69,110,6.06,84
4,13,41,41,59,57,69,0,0,22,25,43,J,52
13,-1,135,2,-5,0,10,0,0,0,0,0,0,0
13,22,34,47,64,60,64,0,9,23,36,49,41,46
68,77,67,65,66,72,69,58,66,53,55,52,65,63
0,27,20,42,45,53,70,0,14,7,26,34,41,54
67,73,68,71,72,60,76,55,64,60,61,,53,68
48,41,57,45,40,49,52,40,29,47,34,33,39,38
72,59.5,61,77,77,74,79,67,61,49,69,70,65,72
-1,N,7,7,-2,-7,4,0,0,0,0,0,0,0
120,96,97,118,97,98,97,112,91,87,105,86,86,89
84,73,69,74,61,52,46,75,67,63,71,Y,45,37
66,60,74,70,77,64,72,57,54,60,64,64,58,61
-2,9,-1,-5,J,13,11,0,0,0,0,0,0,0
14,-7,-1,12,45.65,15,-4,0,0,0,0,0,0,0
5,30,41,-2,41,70,84,0,17,29,27,27,54,69
53,50,56,41,47,41,44,40,36,49,35,42,35,36
84,83,65,74,54,52,54,80,80,65,71,49,43,54
51,46,55,51,31.51,40,51,45,41,50,41,42,26,44
21,20,23,38,21,31,36,2,0,0,9,4,2,9
32,27,,35,32,26,36,14,,2,19,5,4,16
4,6,-7,11,5,16,3,0,0,0,0,0,0,0
61,78,66,72,76,140,75,52,68,60,58,67,65,70
116,99,111,88,88,94,94,104,93,78.84,77,76,86,85
72,79,60,69,57,59,53,66,75,60,60,54,52,52
24,22,34,21,40,23,39,6,0,17,0,15,2,19
71,80,76,70,53,57,50,65,78,73,64,,56,50
42,40,60,53,43,54,47,35,30,52,39,35,44,40
37,30,34,36,31,39,39,X,2,10,18,3,16,14
22,25,22,23,26,27,33,4,0,0,0,0,8,12
60,70,69,61,70,60,63,51,56,55,49,60,55,53
32,30,40,35,35,29,22,16,14,21,20,12,10,6
1,19,13,0,3,0,6,0,0,0,0,0,0,0
46,51,42,46,49,48,56,38,43,29,36,42,39,49
86,71,73,62,56,46,57,77,69,67,61,51,45,54
43,56,43,52,55,40,40,37,51,38,41,46,30,34
11,2,20,0,20,8,8,0,0,0,0,2,0,0
61,64,80,61,67,61,62,48,59,66,55,59,47,51
68,78,71,66,66,68,65,63,67,57,53,54,54,52
42,54,53,59,53,44,47,35,44,39,54,45,39,39
12,18,18,17,15,7,-7,0,0,0,0,0,0,0
-10,9,-8,10,-10,4,-7,0,0,0,0,4,0,0
79,70,65,71,73,72,62,71,57,59,63,59,63,49
-8,72,62,76,69,60,66,55,61,56,62,60,48,60
6,12,25,41,54,72,85,0,0,6,26,43,59,73
40,55,60,41,46,51,55,33,45,55,29,39,44,42
43.04,75,61,68,68,61,72,58,62,50,56,61,51,64
59,58,57,46,48,59,45,52,44,46,41,42,45,39
77,65,67,72,T,77,68,67,57,62,62,63,63,57
57,47,48,48,47,57,57,43,40,34,40,33,49,46
-2,0,2,19,13,2,20,0,0,0,0,0,0,0
64,62,65,78,71,72,78,A,53,53,65,62,64,71
20,23,28,21,30,35,21,3,0,4,0,8,9,0
-1,18,,15,-6,4,-5,0,2,0,0,0,0,0
11,17,15,8,-1,-6,,0,0,0,0,0,0,0
4,-4,-2,10,3,13,18,0,0,0,0,0,0,0
78,80,126,56,68,64,54,76,77,62,50,62,55,16.9
60,42,40,45,50,49,54,48,37,32,35,38,42,46
61,62,77,80,71,80,62,55,57,71,72,59,73,57
50,52,47,46,45,57,58,39,38,37,39,34,43,46
74,75,74,70,64,78,75,64,61,64,64,51,66,69
19,29,44,53,55,52,62,6,11,27,39,41,38,46
15,17,23,38,40,14.49,75,1,2,4,20,24,48,59
70,60,61,73,77,67,63,56,54,50,61,64,54,56
86,76,72,72,63,47,56,86,75,64,64,59,40,48
4,3,3,4,1,-9,5,0,0,0,0,0,0,0
18,-2,1,-7,-8,-8,-3,0,0,0,0,0,0,0
60,57,51,41,42,44,42,51,44,,36,37,,36
80,65,66,68,80,67,68,67,58,57,62,71,54,62
22,29,43,33,P,59,80,9,15,30,14,24,43,69
3,13,,35,50,51,68,0,0,15,25,35,40,49
75,77,79,75,69,48,46,68,73,74,75,67,44,45
0,7,,17,13,9,5,0,0,0,0,0,0,0
-3,7,16,12,6,7,3,0,0,0,0,0,0,0
98,94,109,95,96,119,97,92,81,102,84,82,96.82,88
87,83,60,63,62,50,50,80,D,51,61,62,44,43
107,97,118,118,80,103,120,97,90,106,110,73,94,107
23,37,23,22,33,34,25,4,16,7,2,14,12,0
-1,-8,18,-4,15,-9,-6,0,0,0,0,0,0,0
111,106,111,97,,104,86,106,95,103,85,85,95,72
81,81,67,58,70,49,47,77,78,64,53,70,43,46
21,17,36,35,56.42,63,72,4,5,24,21,38,52,62
93,95,102,115,106,120,87,83,81,94,110,96,112,77
93,112,92,112,-10,,109,80,104,84,98,75,95,103
-2,-8,7,-2,-9,-1,-3,0,0,0,0,0,0,0
93,101,103,118,83,86,114,83,89,93,104,70,81,102
87,90,117,86,104,87,96,75,79,108,72,91,78,85
25,30,20,,25,25,31,2,10,5,20,,8,14
55,54,48,47,57,59,59,49,48,36,35,50,46,45
78,80,68,74,78,73,66,67,70,56,68,71,65,52
84,78,62,61,69,60,46,75,71,O,60,62,53,38
17,1,-3,-5,15,13,16,0,0,0,0,0,0,0
71,72,63,63,61,62,68,63,65,55,58,51,50,57
31,40,22,36,31,24,39,13,14,4,20,3,9,20
28,37,34,-10,24,27,24,0,21,5,9,7,5,2
103,110,100,107,86,82,93,89,103,87,93,78,75,81
63,80,60,76,75,74,61,57,69,47,69,62,69,51
21,20,30,39,50,74,83,6,4,19,29,34,60,67
23,35,34,25,33,24,21,0,15,16,2,5,4,4
81,79,66,65,61,55,44,78,75,66,60,59,49,40
50,59,60,58,54,58,55,45,50,52,51,40,51,45
55,42,41,55,58,58,53,50,37,29,45,48,53,48
12,20,18,2,19,-5,10,0,0,0,0,3,0,0
-8,61,78,68,78,75,65,73,54,68,54,68,61,59
67,71,64,74,80,61,75,58,62,56,63,71,50,68
70,79,76,72,58,59,46,67,71,70,66,54,59.26,44
38,29,40,40,22,27,22,13,12,21,21,0,11,3
91,102,110,105,102,92,104,81,89,102,96,94,81,97
62,77,78,78,79,61,75,53,63,65,69,74,47,66
70,85,127,61,51,56,45,69,80,55,60,45,51,37
3,-5,11,18,-6,7,6,0,0,0,0,0,0,0
27,26,30,20,38,27,26,0,0,5,0,10,5,
22,35,37,26,20,31,21,0,8,17,0,5,5,0
95,81,109,95,83,83,92,88,69,98,84,77,75,84
63,72,66,67,77,78,62,54,64,57,59,72,68,51
74,79,72,68,65,62,48,72,79,70,67,58,59,43
84,96,118,80,116,91,89,76,83,106,74,109,82,83
71,74,65,76,,63,79,59,63,60,68,63,57,72
-2,-6,-1,11,18,2,-2,0,0,0,0,0,0,
22,36,22,26,25,30,34,3,20,2,0,10,9,13
12,-7,16,1,-1,11,-1,0,0,0,,0,0,0
34,20,31,36,U,27,34,14,0,11,16,16,6,14
80,63,62,69,66,73,64,71,49,57,57,54,65,55
106,85,93,106,82,103,106,100,72,81,95,76,96,94
77,83,J,73,69,55,45,71,81,63,64,67,51,40
71,61,60,65,66,79,75,65,56,52,58,55,65,70
115,145,80,91,91,96,102,102,78,70,84,82,87,94
58,58,40,58,46,46,60,53,46,28,45,39,32,54
75,71,68,74,60,60,52,74,65,66,74,60,53,45
86,89,99,109,120,87,91,79,M,90,103,106,78,79
12,33,32,31,41,61,72,0,19,14,21,27,51,55
75,64,64,76,75,69,73,69,52,53,70,67,57,59
79,80,77,61,77,60,-10,65,72,66.39,51,68,55,64
85,81,65,57,70,65,50,77,79,62,49,J,62,48
21,32,40,32,28,28,40,0,16,25,16,10,11,16
83,33.02,64,68,N,50,,81,67,61,,64,50,39
88,66,65,62,58,52,58,83,60,63,59,58,44,50
,39,23,36,35,30,38,3,23,4,12,7,15,20
6,16,22,45,44,63,64,0,0,8,27,25,52,45
76,73,79,-2,66,49,54,71,66,70,60,63,48,50
89,81.51,61,59,53,59,,85,61,54,59,46,M,46
77,66,76,69,55,45,45,77,60,69,63,47,36,40
55,53,48,57,51,47,60,42,46,39,50,42,34,49
36,36,24,34,36,20,40,10,11,3,11,20,39.81,19
-3,8,0,14,-6,7,-9,0,0,0,0,0,0,0
120,97,98,89,150,81,97,111,88,93,81,104,69,85
10,22,31,36,54,59,66,0,5,18,22,38,43,47
112,96,99,118,105,112,99,99,87,93,109,98,101,86
77,71,79,63,71,70,63,63,58,69,52,63,57,52
13,-3,10,5,14,-3,7,0,0,0,0,0,0,0
36,40,31,39,131,28,36,17,20,6,11,7,13,10
73,70,74,68,62,71,73,62,59,68,55,49,62,67
48,57,49,49,56,56,56,38,50,35,,46,48,43
83,76,68,65,64,46,42,79,72,63,56,64,40,38
23,23,31,20,25,27,24,7,4,16,4,6,10,1
73,79,73,66,58,60,50,70,72,71,60,52,58,47
113,97,115,108,119,93,85,108,83,108,95,110,84,78
104,81,100,85,108,113,90,92,72,88,78,103,105,82
96,119,101,103,106,95,86,91,109,87,92,100,89,74
-3,-5,B,9,-6,15,9,,0,2,0,0,0,0
61,78,70,69,68,73,78,48,69,65,61,59,68,66
2,23,28,47,50,70,60,L,11,14,37,31,60,41
78,66,79,72,78,74,66,72,52,67,67,68,69,52
116,108,105,108,97,104,100,111,103,97,103,87,91,94
36,36,31,30,35,38,37,,18,12,9,19,22,9
15,13,26,35,58,74,62,0,3,11,21,47,62,45
0,10,7,-7,17,9,,0,0,0,Q,1,0,0
16,1,4,1,-1,18,12,0,0,0,0,0,0,0
90,84,65,62,63,55,59,90,81,56,59,61,46,52
17,16,1,-1,17,2,10,1,0,0,0,0,0,0
12,-4,11,9,10,9,16,0,0,0,0,0,0,0
4,19,31,38,65,57,85,0,7,16,21,49,47,71
83,85,61,-5,62,53,52,80,76,52,66,60,66.66,49
15,6,-8,-3,12,7,-3,0,0,0,0,0,0,0
42,45,52,40,52,47,41,29,33,45,30,45,41,35
-6,72,74,63,63,65,68,55,62,62,53,58,54,60
6,10,14,-3,15,10,-6,0,0,0,0,0,0,0
7,29,33,32,58,66,82,0,16,23,14,46,48,70
20,-8,-2,6.95,-3,-2,19,3,0,0,0,0,0,0
29,39,36,36,33,22,25,13,14,12,16,8,2,5
77,83,78,68,62,52,44,71,75,74,68,56,52,37
-5,20,3,2,10,9,16,0,0,0,0,0,0,0
78,64,63,71,65,79,74,68,58,56,63,55,68,61
99.33,-7,15,4,,-4,1,0,0,0,0,0,0,0
65,74,80,66,62,69,63,60,69,69,53,52,58,51
67,64,67,69,64,68,70,56,51,54,56,,62,64
20,27,41,37,44,73,75,4,12,22,19,25,54,
90,104,112,111,103,83,,84,95,102,100,94,69,72
90,86,92,88,117,119,81,85,75,87,81,104,113,68
5,25,21,38,54,72,85,0,6,3,27,43,58,74
S,134,77,72,64,74,70,64,61,69,67,52,68,92.09
0,12,3,19,142,12,-8,0,0,0,0,0,0,0
-1,-5,-9,20,129,-10,-9,0,0,0,4,0,0,0
84,74,80,55,68,60,47,83,74,80,49,60,58,46
26,25,29,33,27,40,37,10,3,10,9,I,16,11
18,32,38,36,56,63,77,6,21,19,18,42,47,66
1,34,36,47,46,57,80,0,18,20,34,31,45,67
107,110,103,92,96,114,90,100,100,91,80,86,102,81
7,14,-7,3,18,15,15,0,0,0,0,0,0,0
51,58,41,44,44,45,58,39,51,27,31,34,38,47
22,30,33,29,20,22,29,4,12,13,6,0,0,0
66,72,65,65,75,66,78,53,61,51,58,63,59,67
80,102,82,,84,110,110,71,91,75,86,74,97,101
61,79,63,,60,68,75,51,72,56,65,55,54,66
12,29,24,54,54,53,79,0,12,6,39,39,40,60
75,122,75,75,75,76,67,67,72,70,65,61,66,57
52,50,59,56,46,54,42,45,40,49,51,33,42,30
87,77,73,68,50,,50,84,71,67,66,41,47,50
0,24,34,50,52,55,75,0,7,22,36,37,40,60
79,77,75,79,64,64,68,66,70,66,66,52,50,55
72,81,77,59,55,33.22,47,69,73,70,55,,52,38
80,150,67,71,63,58,50,76,70,65,70,56,55,48
-2,-4,1,20,20,9,-10,0,0,S,65.06,0,0,0
6,-4,9,-5,17,13,-9,0,0,0,0,0,0,0
87,120,92,106,81,93,85,73,111,79,94,72,87,75
65,71,79,62,78,62,78,51,57,70,56,70,57,64
2,6,4,-2,1,13,17,0,0,0,0,0,0,0
82,106,,110,114,90,92,72,98,75,98,100,84,87
,92,119,89,119,89,119,86,79,110,76,114,84,107
90,68,75,67,52,53,52,90,67,70,58,51,45,49
77,81,65,67,60,60,56,71,72,64,67,54,56,50
69,72,64,71,61,77,75,56,62,52,65,48,68,61
119,92,92,88,114,88,140,111,86,84,82,109,80,80
60,53,49,49,41,49,43,94.09,42,39,41,,44,35
58,55,45,49,47,41,47,52,45,37,41,35,33,36
24,37,32,33,29,33,26,2,17,9,17,10,8,4
52,57,40,46,40,49,58,44,47,34,35,35,44,50
34,25,25,33,21,27,36,18,8,0,14,3,11,14
83,76,61,69,61,65,54,83,67,59,60,58,65,49
93,100,84,103,99,83,86,86,93,79,93,85,69,75
76,84.44,75,73,59,62,44,76,72,68,64,55,59,35
82,85,72,73,56,64,55,79,78,65,71,52,63,55
25,20,27,31,36,22,36,0,0,H,14,8.35,0,8
44,48,44,50,50,52,52,39,34,39,41,42,44,45
0,29,45,51,59,57,80,0,12,35,39,40,45,68
14,27,25,30,45,59,68,0,11,6,16,28,46,49
11,22,25,34,62,64,71,0,11,11,17,51,46,58
100,100,116,84,94,103,81,95,G,102,79,84,91,68
0,5,5,-1,19,16,18,0,0,0,0,0,0,0
84,91,97,89,119,92,86,70,85,86,83,107,82,78
55,59,40,49,54,50,57,43,54,30,39,47,36,45
82,81,67,68,51,48,59,77,76,65,64,47,45,54
109,120,94,112,112,114,107,104,108,85,102,106,109,102
25,24,34,39,34,30,37,0,8,14,19,8,11,18
51,40,54,48,43,48,43,39,32,42,43,29,37,38
67,63,65,,69,62,61,54,54,54,56,63,52,48
99,95,90,120,95,88,97,85,82,84,113,85,77,89
112,95,84,99,99,111,97,103,86,70,94,91,99,87
44,51,48,57,27.71,77.93,50,31,44,36,48,38,54,39
1,2,10,-2,13,2,19,0,0,0,0,0,0,0
25,30,35,40,40,40,29,8,5,17,13,18,24,4
83,119,-6,95,89,86,95,71,108,82,82,82,72,87
20,28,40,31,37,27,22,0,8,21,3,9,0,0
73,70,74,51.1,65,70,68,66,62,61,52,60,56,55
40,37,24,32,27,31,28,16,21,4,12,8,12,11
69,66,65,69,B,73,62,64,54,53,61,57,60,51
109,88,105,114,84,90,92,100,77,93,109,75,78,87
108,81,92,95,81,102,100,100,69,81,89,74,93,89
18,3,20,-8,19,-6,-9,0,0,0,0,0,0,0
13,11,19,-5,12,5,7,0,0,0,0,0,0,0
23,25,40,36,33,30,21,4,5,19,13,14,4,0
100,87,105,107,110,87,82,92,78,100,102,79.88,,76
14,1,0,7,,-6,9,0,0,0,0,0,0,72.28
71,84,73,68,60,65,-5,69,79,68,63,59,60,33
93,82,118,118,116,3.02,102,83,72,107,109,107,81,97
43,51,55,59,43,47,41,38,37,45,54,35,33,32
55,56,45,139,54,60,,43,43,36,51,46,49,40
73,69,1.35,65,65,69,70,60,58,59,56,60,58,65
7,2,1,5,-3,-5,16,0,0,0,0,0,0,0
70,78,73,75,72,74,76,60,72,60,66,66,64,69
59,41,42,53,56,50,50,53,34,36,42,45,38,37
14,-7,39,55,56,60,83,0,0,24,43,39,49,72
58,44,43,57,55,48,59,52,35,35,48,49,36,47
14,5,8,1,17,4,13,0,0,0,0,0,0,0
104,82,90,93,116,120,90,99,68,84,81,109,110,77
32,27,37,30,29,33,24,14,F,11,3,5,16,6
L,14,6,10,6,-6,6,0,0,0,0,0,0,0
48.31,54,46,,59,43,-4,51,47,36,38,53,38,33
114,119,91,116,92,94,81,104,108,85,106,85,87,67
37,40,33,33,27,26,22,19,14,6,17,1,0,7
20,23,31,29,29,21,35,0,2,13,10,3,5,18
43,53,41,46,48,51,45,36,39,30,36,42,42,35
82,72,77,64,61,46,44,80,66,70,62,53,41,44
74,71,72,62,51,57,51,74,69,72,61,50,51,43
8,2,-10,-7,15,19,-2,0,0,0,0,0,2,0
90,89,88,89,88,80,107,84,82,79,82,74,66,93
108,100,84,107,108,80,88,99,87,74,94,99,70,77
L,7,13,7,-1,16,10,0,0,0,0,0,0,0
17,-7,10,-4,3,-4,15,0,0,0,0,0,0,0
77,79,69,64,72,68,71,66,71,55,58,62,61,63
21,25,22,43,54,54,73,3,6,4,29,36,36,57
53,43,41,47,45,54,51,42,31,35,36,38,44,38
42,50,53,45,55,52,59,32,39,44,40,49,43,48
72,73,77,75,65,64,62,61,67,72,70,54,50,50
24,34,26,40,36,38,29,3,15,0,25,19,12,7
69,64,78,72,74,64,69,55,56,70,66,68,56,62
66,64,66,66,75,76,76,56,51,59,56,67,63,62
88.52,71,77,60,75,73,64,60,65,66,54,68,62,55
88,104,109,88,89,95,85,77,98,102,74,81,90,78
23,26,35,36,22,28,24,0,4,18,20,0,2,2
40,20,37,26,40,37,31,15,0,20,4,18,16,15
68,80,77,71,64,77,62,60,66,66,64,59,65,53
89,85,69,72,59,64,41,83,84,66,64,52,60,35
45,55,50,47,55,47,47,36,47,43,34,46,39,39
85,85,63,62,55,47,56,80,80,62,53,52,41,52
35,22,25,35,31,23,32,18,3,1,13,7,0,7
77,75,70,71,74,77,78,65,69,59,63,61,72,66
29,31,32,39,26,40,68.74,2,4,14,21,6,13,7
21,28,20,37,28,31,21,0,7,0,15,2,4,0
64,68,79,80,68,60,73,58,60,70,70,62,54,67
63,70,66,64,61,134,69,54,57,57,56,48,58,61
83,74,70,56,55,47,51,76,69,65,47,55,40.32,49
70,66,71,62,63,65,53,66,64,63,60,54,61,53
109,-4,118,97,88,82,98,103,77,108,89,75,73,88
100,102,119,91,81,117,95,87,97,114,86,76,104,87
116,117,102,107,120,117,91,105,112,88,100,113,112,83
44,51,44,41,60,55,40,38,42,37,31,51,50,34
81,75,48.16,73,67,61,40,77,72,65,72,60,55,35
45,55,47,58,42,48,42,35,49,37,45,37,34,28
5,-4,6,-7,17,15,7,0,0,0,0,0,0,0
34,40,36,37,35,37,29,11,17,18,J,11,22,13
98,92,99,88,-10,101,U,93,79,87,79,100,96,110
51,46,59,42,40,56,49,37,40,49,32,30,47,41
1,10,-9,31,59,50,68,0,0,7,16,41,40,50
-4,-10,7,-2,3,20,10,0,0,0,0,0,2,0
30,28,29,21,31,33,29,9,8,5,0,2,10,10
98,112,102,87,81,-5,117,91,107,93,76,70,99,110
2,14,7,3,-10,20,-10,0,0,0,0,0,4,0
73,68,69,76,72,71,78,60,54,56,68,60,64,67
88,69,78,64,70,56,43,87,65,69,58,64,50,38
104,93,92,150,116,107,107,92,86,84,94,107,98,99
42,59,43,43,45,43,60,35,46,33,29,36,30,48
18,0,2,3,-9,3,13,0,0,0,0,0,0,0
48,45,43,55,54,59,48,34,38,32,41,46,46,42
78,72,78,80,80,77,77,69,59,65,73,70,72,65
68,60,66,73,74,75,67,56,50,58,59,68,66,53
82,87,101,S,104,112,E,68,77,95,29.73,94,107,98
60,72,77,63,80,79,66,55,58,70,57,71,69,52
33,32,33,23,27,29,26,15,17,8,0,0,2,0
4,28,43,48,54,56,66,0,15,33,34,40,46,48
110,94,120,108,100,109,105,105,84,110,96,91,95,29.6
110,104,117,96,99,95,83,102,92,108,82,89,83,70
25,25,32,20,30,20,31,2,9,14,3,9,0,10
74,74,69,79,76,67,61,68,69,64,66,69,54,51
25,36,25,31,31,22,27,0,20,0,13,13,2,10
24,38,29,30,40,40,37,6,15,8,12,25,17,13
73,72,64,65,51,60,41,64,63,59,60,48,58,34
1,6,-10,-4,125,10,-2,0,0,0,0,0,0,0
8,14,45,42,45,65,70,0,0,30,30,30,50,58
89,106,105,93,113,107,91,81,98,94,87,99,98,77
101,112,113,107,96,97,116,88,103,99,98,84,92,108
12,-6,-10,2,17,5,8,0,0,0,0,1,0,0
97,105,104,98,95,93,108,86,99,92,88,88,84,99
31,27,31,24,22,21,29,9,11,9,1,0,1,13
12,3,16,-3,15,19,13,0,0,0,0,0,0,0
83,88,115,90,115,96,109,78,83,106,83,104,82,97
12,17,-2,3,-4,10,15,0,0,0,0,0,0,0
70,80,130,65,71,73,64,56,71,64,56,61,67,53
90,102,82,98,91,108,102,82,89,77,84,77,96,95
111,101,115,,112,92,94,97,90,107,92,107,83,89
46,144,57,49,53,45,51,32,42,52,44,41,32,42
-2,3,1,1,11,17,6,0,0,0,0,0,0,0
68,70,69,71,67,74,71,56,57,58,59,53,62,64
26,28,23,24,32,32,32,5,13,0,6,9,6,7
128,61,65,68,73,72,76,56,55,52,55,66,67,67
46,41,52,48,50,55,58,33,34,41,34,36,50,53
31,28,22,23,23,23,34,8,13,0,5,0,5,11
84,75,75,59,66,48,59,80,70,69,56,60,39,50
112,115,94,112,102,82,85,106,101,83,107,95,73,73
-7,79,68,67,75,80,70,63,73,59,60,67,67,64
50,53,58,42,40,50,46,39,46,49,30,33,44,36
35,23,29,31,22,40,34,17,0,13,10,2,22,12
-5,19,15,5,15,-5,8,0,0,0,0,0,0,0
29,31,36,20,40,26,35,2,15,12,5,24,6,8
120,85,80,92,83,80,94,109,77,67,79,76,74,81
36,21,26,34,34,28,27,20,0,10,5,8,2,0
21,32,25,30,40,40,,0,3,7,10,15,19,13
22,33,21,36,40,39,20,3,15,0,8,12,23,2
47,59,45,44,56,-2,45,40,49,39,K,50,43,34
12,D,40,42,64,51,78,1,4,26,26,48,34,66
79,70,75,61,72,69,78,65,58,65,54,60,63,70
60,77,60,79,73,62,76,53,64,54,65,61,49,68
18,-1,11,8,-2,11,11,0,0,0,0,0,0,0
82,65,80,67,54,53,49,19.67,61,73,60,54,53,47
25,29,44,55,61,72,77,12,10,29,37,42,56,64
1,35,23,39,43,60,85,0,20,8,22,31,41,72
58,51,58,45,45,46,57,52,37,46,36,40,34,51
96,107,102,80,81.47,96,108,89,94,91,66,86,82,94
29,26,38,29,30,27,27,44.46,11,18,12,U,1,6
15,10,44,32,40,,77,0,0,28,20,27,33,61
-1,88.09,-4,17,-3,-4,-7,0,0,0,0,0,0,0
87,95,80,110,99,114,92,77,82,75,100,90,108,86
94,115,82,83,115,101,108,87,104,68,74,108,87,96
18,35,42,50,52,73,70,5,17,30,34,37,58,54
127,19,3,10,7,7,-2,0,0,0,0,0,0,0
71,74,65,78,-6,68,A,62,64,59,71,53,54,64
60,50,54,51,42,47,58,48,40,49,44,30,36,48
6,33,40,50,58,60,68,0,15,30,31,41,44,49
60,57,45,48,45,44,42,53,46,34,43,31,37,28
62,61,70,71,80,76,63,52,47,57,64,69,62,56
78,80,75,74,53,31.99,52,72,72,66,73,53,62,43
60,77,64,80,61,73,80,47,72,55,70,54,63,73
112,11.28,95,90,101,97,86,99,80,86,80,87,83,74
82,119,88,117,91,,119,74,108,82,112,80,93,111
78,81,68,64,63,48,50,70,72,65,55,58,45,50
74,82,66,65,65,57,74.84,V,77,O,63,56,51,45
21,27,23,47,49,52,63,9,11,12,34,39,37,49
34,23,40,20,24,32,22,8,2,13,0,,13,0
17,17,29,50,58,66,81,5,2,19,39,43,48,68
-9,59,40,41,42,42,59,45,51,29,32,33,32,50
98,88,101,112,95,96,94,85,83,92,99,81,86,84
32,24,30,39,20,25,23,15,9,6,21,0,4,0
87,73,73,61,60,54,46,80,67,73,52,57,52,38
55,48,49,44,57,49,59,47,39,35,33,43,42,48
-9,10,3,2,-1,0,,0,0,0,0,0,0,0
36,23,37,22,28,29,39,13,0,18,2,12,8,18
21,27,39,54,57,66,70,4,12,26,43,38,49,54
2,25,20,42,63,52,71,0,14,1,28,48,36,54
35,,34,39,29,36,40,14,12,19,24,13,10,20
79,78,62,61,63,65,68,70,64,57,47,56,56,63
119,102,107,88,118,100,118,107,97,100,83,112,92,104
14,24,28,37,64,72,85,0,7,11,18,52,53,69
75,68,28.01,56,58,60,44,69,59,53,56,55,60,42
83,70,77,68,56.13,-5,56,77,70,71,63,68,40,53
87,117,89,102,97,80,83,81,103,80,90,88,70,77
79,70,76,59,67,45,49,79,67,69,54,63,37,41
23,25,22,50,43,63,71,7,12,4,40,29,48,61
56,58,55,56,49,42,U,43,48,41,50,44,30,43
95,119,105,101,113,86,89,83,114,93,91,108,80,79
75,76,78,73,52,59,41,67,69,73,64,51,54,
8,15,30,33,50,67,78,0,0,20,18,40,55,60
94,105,114,99,81,87,103,88,93,100,90,71,73,89
1,20,32,42,53,70,62,0,1,13,23,39,57,48
39,28,37,37.96,28,25,40,13,11,19,15,6,6,16
47,42,49,43,60,52,55,41,36,38,36,49,38,41
92,89,113,111,87,102,107,87,80,100,103,81,94,97
-2,13,13,7,9,7,2,0,0,0,0,0,0,0
65,60,71,76,79,68,70,56,52,59,65,71,58,65
-5,-9,10,7,-3,-8,7,0,B,0,0,0,0,0
72,82,62,74,59,59,58,68,76,55,70,50,51,56
77,71,74,77,80,63,62,70,61,68,67,70,51,51
93,134,81,120,97,111,85,79,P,68,112,89,105,73
9,32,21,53,42,56,72,0,20,2,35,31,45,59
20,18,-5,-4,-1,-8,-5,2,0,0,0,0,0,0
49,59,53,54,43,55,54,36,54,44,48,31,43,48
24,16,25,48,52,71,73,10,0,12,32,39,55,54
69,67,64,75,144,63,78,58,57,53,62,64,52,64
61,70,75,73,64,70,78,,61,69,59,53,61,68
23,35,45,55,56,64,81,6,21,33,36,46,49,70
25,27,33,29,22,29,38,7,2,17,12,0,5,13
1,24,29,37,60,63,85,0,14,10,22,41,53,73
8,33,44,51,48,74,74,0,23,34,32,R,57,60
43,-8,52,53,50,57,52,34,35,47,44,40,44,40
26,29,23,36,38,40,34,6,7,3,14,15,23,10
25,36,31,33,27,26,34,10,18,6,E,6,0,9
109,107,,103,92,98,108,103,101,84,90,85,88,96
79,70,80,74,62,70,69,71,56,66,64,51,64,59
8,20,29,46,44,70,81,0,3,11,36,29,52,66
66,77,67,70,73,80,76,59,68,55,59,59,66,64
W,52,48,46,56,54,59,38,41,40,36,42,44,50
91,91,98,115,82,93,90,83,82,93,106,71,81,81
13,25,45,55,51,70,69,0,12,28,45,36,58,58
95,118,99,116,110,91,120,88,110,87,111,97,79,107
46,57,48,55,40,51,59,36,43,34,50,35,40,53
18,16,-4,18,16,3,7,0,0,0,0,0,0,0
-8,-7,-10,9,20,-1,1,0,0,0,0,0,0,0
89,81,76,68,51,61,47,88,77,74,62,65.07,58,40
59,47,56,41,59,57,42,49,40,46,35,45,46,36
38,21,28,25,32,36,23,14,0,12,7,11,21,0
41,54,51,43,55,51,59,34,47,46,32,42,43,54
75,84,70,68,70,63,60,75,83,68,64,66,54,57
72,74,78,69,62,56,57,67,70,72,61,60,53,51
91,106,97,,F,M,117,81,93,84,87,74,108,108
21,21,67.43,42,46,54,80,8,7,12,32,35,38,62
43,47,45,49,49,59,45,38,41,40,35,37,49,35
73,64,77,61,76,63,75,63,50,68,55,71,58,70
48,55,45,51,44,52,55,37,43,39,40,35,42,41
16,0,7,4,30.87,-6,7,0,0,0,0,0,0,0
117,100,109,109,112,107,109,112,94,104,103,101,96,101
100,98,92,96,102,107,115,87,93,82,88,92,97,109
20,30,20,36,28,40,28,0,6,0,19,12,23,1
63,66,68,68,80,78,69,57,53,62,61,71,73,64
81,105,102,98,82,120,120,69,91,95,90,75,108,113
80,67,76,61,62,78,71,72,58,64,53,51,66,62
24,35,29,21,27,37,39,0,9,5,0,0,12,21
68,65,73,64,60,75,74,62,56,68,52,53,68,68
43,60,51,55,57,49,40,34,51,40,49,45,40,31
78,80,66,61,51,47,53,73,76,N,53.29,44,41,44
51,49,53,42,49,47,44,46,41,47,28,38,36,34
101,117,97,92,105,89,84,91,104,85,84,92,76,71
49,58,60,48,44,40,55,41,47,51,43,33,34,46
50,60,58,46,44,48.51,41,43,50,50,35,35,42,27
48,-1,51,54,50,42,40,35,33,37,41,36,31,27
4,19,16,3,18,10,0,0,0,0,0,0,0,0
17,13,2,-8,,19,10,0,0,0,0,0,2,0
15,13,21,40,64,51,83,5,0,8,23,47,38,70
86,101,104,91,136,81,105,78,90,96,77,87,69,97
37,30,40,29,20,25,25,12,14,13,,0,,0
72,66,70,73,73,80,70,63,57,61,65,66,68,59
33,35,30,22,20,20,22,6,16,3,0,0,1,0
71,77,61,57,67,59,46,67,74,58,52,67,54,40
83,65,75,70,60,52,55,77,63,74,70,57,50,49
46,60,55,48,53,58,56,35,55,,40,46,45,49
T,58,42,48,60,49,46,44,44,37,39,51,41,41
100,113,89,98,82,83,97,89,108,80,85,76,74,92
76,80,63,65,68,,67,66,69,49,52,59,60,61
51,56,46,56,44,42,57,41,42,35,47,32,30,43
40,48,40,48,L,47,49,35,34,28,36,43,37,44
70,60,61,74,74,64,76,58,55,56,60,69,57,70
75,71,O,61,141,49,54,67,69,67,54,56,47,54
109,104,88,112,112,83,107,95,96,80,98,104,76,101
24,12,32,43,42,63,65,5,0,21,28,31,52,50
78,78,70,60,54,58,52,77,70,65,53,45,53,46
48,47,47,53,44,46,47,37,33,34,46,34,37,35
120,118,83,108,98,87,90,114,112,71,95,91,82,85
-6,9,63.18,-10,19,-8,-2,0,0,0,0,3,0,0
135,42,49,91.43,58,54,49,44,30,36,49,49,46,40
5,-3,2,-1,145,15,20,0,0,0,0,0,0,0
11,31,29,125,57,60,63,1,18,16,16,46,43,51
96,112,111,117,107,111,104,89,102,100,106,96,105,93
26,26,35,22,39,30,22,1,0,11,0,20,12,0
61,70,80,69,71,78,78,55,60,75,59,63,67,66
108,118,116,103,115,86,111,100,110,103,98,103,78,101
17,23,32,37,45,57,61,0,7,16,22,35,45,48
71,75,78,71,,42.9,80,57,70,65,60,60,72,74
20,14,25,34,58,75,81,8,4,10,20,40,63,70
50,55,57,59,40,40,40,37,49,50,50,33,27,35
70,81,67,62,50,52,52,64,72,65,62,42,46,46
75,78,79,59,51,45,46,69,77,72,51,44,38,E
23,33,20,33,44,50,82,5,21,7,17,31,37,64
22,17,43,42,51,75,65,67.16,6,26,23,36,62,52
87,101,86,91,117,108,80,81,95,77,79,106,95,67
87,113,86,86,82,108,113,78,101,73,78,72,98,106
-6,-5,5,16,-6,3,-9,0,0,0,0,0,0,0
20,28,28,35,62,72,69,10,9,15,20,44,53,55
24,4.13,29,42,53,70,77,11,21,11,32,42,59,67
4,31,36,44,59,51,66,0,17,21,26,49,Y,52
60,60,55,55,55,146,43,49,49,45,50,43,34,35
16,15,21,30,56,70,65,2,2,11,17,41,59,46
95,91,105,88,93,88,83,84,77,91,78,79,75,69
22,10,45,46,54,64,70,12,0,31,33,35,46,55
74,65,67,74,67,69,63,67,58,61,65,57,56,57
88,99,103,109,106,106,106,76,89,95,101,101,93,93
103,95,81,118,111,112,92,94,84,76,112,104,101,84
8,10,41,41,65,65,68,0,S,24,27,47,50,52
82,69,69,61,54,51,45,81,61,65,60,45,51,42
-3,11,16,-9,-10,3,11,0,0,0,0,0,0,0
56,40,44,41,44,41,42,46,27,36,27,37,28,31
87,70,73,74,63,59,51,80,61,69,70,62,57,47
23,22,23,38,30,-3,27,3,3,0,17,1,0,0
118,87,100,84,99,115,98,104,78,89,77,93,106,87
92,110,95,80,85,91,87,79,103,82,70,77,83,79
20,12,-10,12,0,9,0,0,0,0,,0,0,0
16,33,43,41,64,67,70,2,19,29,24,46,49,60
70,83,73,65,61,56,44,63,76,71,65,55,56,40
77,69,63,69,65,69,78,72,55,57,55,53,60,68
70,67,66,75,P,,67,65,58,58,61,64,62,55
54,51,60,40,59,57,54,46,39,52,31,53,43,48
70,77,66,58,67,55,40,63,76,62,53,64,53,31
29,27,26,22,22,36,21,1,8,8,5,5,14,0
16,16,12,7,-5,-7,-2,0,0,0,0,0,0,0
29,35,31,22,28,31,25,13,18,8,4,10,12,0
27,27,35,25,30,36,22,11,4,17,1,8,7,0
115,88,92,86,104,80,116,105,76,78,76,95,71,106
62,75,76,79,78,73,47.29,56,62,66,71,72,68,56
25,18,32,30,61,55,W,7,5,13,16,50,44,55
74,85,61,68,62,58,55,69,78,57,64,53,57,48
31,36,37,31,38,43.62,27,3,8,17,13,12,10,6
71,71,76,74,61,Q,69,63,92.87,66,62,54,,58
115,109,110,103,87,107,85,104,95,102,94,77,102,78
120,80,84,106,90,97,102,111,68,73,93,85,88,97
74,79,67,67,66,66,70,68,71,62,53,58,54,65
6.29,106,103,109,97,104,104,100,92,91,102,92,99,99
9,23,37,35,42,61,77,0,5,26,18,26,46,61
47,53,58,54,46,53,58,38,43,46,43,34,41,46
77,76,61,75,56,55,43,71,71,54,74,55,51,42
15,33,26,53,44,56,81,0,15,11,41,29,45,67
23,30,20,27,29,31,40,8,14,0,0,13,11,14
4,8,7,16,20,20,-6,0,0,0,0,0,0,0
79,79,79,70,55,59,60,78,79,74,64,51,52,52
107,110,100,98,88,87,98,99,97,88,91,83,76,
-6,8,-8,19,-8,5,3,0,0,0,0,0,0,21.87
13,15,18,-2,-7,4,P,0,0,0,0,0,0,0
104,110,89,113,82,129,109,93,102,76,101,77,87,95
94,99,116,88,104,92,80,81,86,109,77,94,85,73
0,13,,47,59,58,81,0,1,1,31,46,41,69
34,28,28,28,37,40,31,8,12,,9,20,20,8
63,70,78,62,70,62,76,58,65,66,55,60,57,66
16,20,-9,-9,-5,19,0,0,0,0,0,0,2,0
3,7,17,96.21,13,-1,13,0,0,0,0,0,0,0
88,82,79,62,50,60,44,,74,79,61,43,51,39
11,29,36,47,47,63,76,0,18,26,35,29,48,66
22,18,32,39,56,59,83,8,6,16,25,40,49,69
120,80,87,102,115,112,88,112,74,78,90,110,99,83
69,74,69,64,65,60,66,57,61,58,54,54,49,57
15,20,28,150,61,53,66,3,6,13,34,45,43,51
84,85,72,68,57,62,53,77,84,63,60,52,57,52
66,63,76,W,80,77,79,53,56,67,54,69,71,68
52,60,55,48,59,46,43,41,46,41,43,50,36,30
53,50,47,43,55,46,48,43,37,37,38,45,41,36
108,74.84,109,119,86,97,120,97,81,99,113,76,86,112
52,44,56,43,43,53,47,40,35,46,30,32,46,35
35,23,33,37,30,34,20,12,3,16,8,1,7,0
-2,-9,12,-10,19,-7,-4,0,0,0,0,3,0,0
17,6,7,8,5,15,1,0,0,0,0,0,0,0
9,1,3,-4,-6,-10,-10,0,0,0,0,0,0,0
89,66,77,57,57,58,44,85,65,75,50,55,55,40
14,16,-8,20,19,-8,-10,0,0,0,5,0,0,0
16,-3,14,7,10,-9,15,0,0,0,0,0,0,0
4,4,11,16,13,-4,16,0,0,0,0,0,0,0
52,46,42,48,52,50,51,45,38,32,37,42,42,46
19,25,44,42,57,65,86.46,2,53.53,32,32,43,55,63
37,21,36,34,140,32,96.04,9,0,12,10,0,16,7
26,27,24,21,35,32,36,1,2,4,0,8,16,9
87,68,68,60,68,46,54,85,62,Q,55,59,42,53
40,37,30,32,33,27,31,12,10,6,16,9,11,10
77,-10,77,68,78,65,J,65,63,72,63,65,55,67
57,40,46,51,47,43,57,51,31,38,45,33,38,52
61,61,60,65,77,77,75,47,49,49,54,70,Q,61
18,24,34,45,48,54,72,5,6,18,30,36,36,57
62,77,70,77,73,75,72,52,70,64,72,65,63,21.45
111,111,94,120,102,90,J,105,104,88,115,91,77,102
33,26,32,25,24,30,34,14,11,5,8,0,5,16
44,55,51,56,58,47,45,32,43,46,48,49,41,36
86,79,77,58,68,48,60,79,70,70,51,65,45,
107,91,98,96,112,112,91,98,77,87,88,104,103,86
80,78,67,69,-1,64,53,73,75,62,68,56,55,44
23,34,28,27,20,37,32,4,8,4,9,4,18,3
87,93,114,118,98,105,90,82,87,106,108,92,93,83
39,30,22.24,37,29,28,20,19,11,6,22,1,12,1
117,99,120,117,93,95,93,112,87,108,110,86,88,80
-4,2,-6,1,0,9,18,0,0,0,0,0,0,2
89,84,90,89,116,85,81,80,70,77,77,107,71,72
116,91,101,97,117,88,97,102,83,87,89,112,82,84
5,5,-2,18,2,-1,-9,0,0,0,0,0,0,0
75,65,65,75,68,52,47,72,62,65,75,65,43,47
84,99,83,111,109,80,98,72,87,77,103,100,74,87
0,17,1,-10,12,16,-6,0,0,0,0,0,0,0
42,56,52,54,53,O,144,30,48,38,44,42,41,50
53,48,55,49,44,53,47,45,38,47,36,37,43,34
73,76,70,79,62,80,79,61,62,65,68,48,68,66
19,17,43,52,46,53,63,9,3,30,36,35,34,48
110,93,101,106,102,98,86,100,84,88,98,92,87,80
60,65,64,73,63,76,63,49,60,54,63,50,63,50
90,83,62,55,56,47,49,90,79,53,29.92,47,41,46
26,26,22,27,24,20,25,7,0,0,0,0,0,0
40,31,27,25,35,86.63,33,17,2,12,7,13,0,13
86,66,72,58,62,48,55,82,61,64,56,57,40,47
110,110,118,102,93,-8,83,103,99,113,77.56,85,83,74
28,22,40,26,37,40,24,13,0,23,9,10,15,6
7,-6,-6,14,14,5,12,0,0,0,0,,0,0
73,77,68,57,54,-5,40,72,68,59,57,47,60,37
30,20,33,23,26,39,32,27.01,0,12,2,1,18,13
80,75,65,72,0,62,60,69,64,59,61,55,54,55
59,53,50,43,60,50,58,45,44,98.02,32,50,44,47
117,108,34.72,114,85,89,104,104,100,92,102,77,84,91
39,46.9,25,31,34,38,25,16,7,0,14,13,11,9
44,56,41,41,57,41,58,35,44,35,27,44,36,49
80,85,72,63,54,61,44,76,79,70,57,53,59,42
73,72,61,70,62,72,68,60,65,48,64,49,63,63
77,71,66,66,60,60,68,63,57,60,61,52,50,56
4,13,36,46,50,73,79,0,0,25,27,39,55,66
40,56,50,47,51,,52,35,43,39,41,46,48,42
53,56,47,47,42,56,58,46,45,40,33,30,46,53
35,27,35,32,36,23,25,19,5,10,7,10,T,3
11,16,-4,9,5,12,9,0,0,0,0,0,0,0
21,25,33,28,30,26,39,0,0,15,9,5,8,21
109,110,106,94,109,83,110,102,104,94,82,97,77,100
50,57,48,54,57,55,41,44,49,36,43,52,47,34
49,47,,52,50,54,58,42,36,47,40,39,44,53
68,61,79,69,78,64,62,59,53,68,60,66,52,52
44,57,60,48,42,47,60,30,43,47,40,28,42,51
84,106,106,116,102,104,108,74,93,99,102,96,96,101
89,65,75,60,59,57,51,84,57,70,U,58,50,48
77,70,62,75,55,64,50,71,67,62,67,49,58,50
1,16,43,30,42,60,83,0,0,32,17,24,45,66
93,118,95,103,80,87,109,83,H,86,95,71,81,104
53,57,46,55,52,55,55,45,49,35,47,39,46,46
8,0,-8,-5,19,3,-8,0,0,0,0,0,0,0
90,65,78,56,53,48,46,81,59,75,55,46,48,38
39,30,32,,20,24,39,20,13,5,8,0,0,24
111,118,81,109,82,103,99,100,112,72,103,77,94,88
42,53,40,60,42,57,47,32,42,35,50,36,51,36
46,51,58,45,47,48,59,35,37,51,34,40,41,52
108,87,86,119,113,-6,116,100,80,72,107,102,81,109
17,-10,8,-1,-7,-10,-1,2,0,0,0,0,0,0
-2,4,-10,-2,0,77.67,15,0,0,0,0,0,0,0
38,37,36,34,40,26,28,9,17,7,19,23,3,10
10,7,-1,4,5,0,14,0,0,0,0,0,0,0
104,117,118,106,97,101,111,95,109,110,93,86,89,97
86,69,-3,67,62,49,53,14.24,66,75,58,53,42,52
150,9,15,7,-2,6,19,0,0,0,0,0,0,0
43,53,57,58,53,E,53,38,40,45,50,41,42,40
-9,-7,6,18,0,6,-9,0,0,0,0,0,0,K
85,75,72,60,63,53,43,82,74,63,60,63,44,39
13,7,10,-10,3,-6,6,0,0,0,0,0,0,0
-10,18,11,-2,7,12,-9,0,0,0,0,0,0,0
79,70,67,66,57,50,58,71,63,65,63,50,49,49
60,73,75,76,78,75,J,55,65,62,63,64,61,52
18,30,32,40,65,52,61,6,12,16,24,52,36,49
27,21,40,29,,29,22,7,4,16,11,0,11,0
89,70,60,66,56,56,44,88,63,60,61,56,55,42
12,23,40,49,43,59,67,0,7,22,38,30,41,56
20,33,38,26,31,30,24,3,4,17,11,7,11,4
92,90,101,83,83,114,110,82,84,89,70,,102,101
23,21,131,43,65,62,68,8,3,24,24,91.68,52,49
27,22,31,38,28,31,33,0,3,15,23,11,3,12
17,15,45,48,60,59,77,92.65,0,30,32,48,47,67
-4,-7,13,-2,8,11,8,0,0,0,0,0,0,0
109,89,91,81,109,89,98,103,78,81,67,95,82,88
20,25,27,35,31,23,24,0,4,6,9,14,0,0
41,54,40,48,59,47,40,31,48,28,36,53,42,30
31,29,35,29,32,23,28,3,9,7,7,10,3,2
8,-1,17,9,18,-7,1,0,0,0,0,1,0,0
11,14,9,8,-8,1,16,0,0,0,0,0,0,0
96,99,119,88,120,119,117,90,91,108,78,111,110,110
70,81,0,71,65,60,52,65,81,53,66,62,60,51
70,67,78,72,68,80,71,61,60,65,64,56,68,65
76,O,65,57,60,55,53,74,66,62,51,59,50,48
80,35.81,68,76,62,74,72,68,58,56,67,56,61,59
11,-9,19,-6,11,-2,-8,0,0,4,0,0,0,0
-5,14,-4,3,-2,20,16,0,0,0,0,0,0,0
73,75,63,71,63,50,60,70,66,62,63,61,42,58
87,85,65,74,64,56,46,86,76,63,70,58,52,37
13,24,26,33,63,50,66,0,11,15,14,46,36,56
57,51,42,41,56,55,41,52,42,33,33,W,45,31
30,23,25,36,34,30,30,1,0,0,18,16,7,3
134,37,22,39,29,26,35,23,18,0,22,10,4,16
77,76,64,65,63,53,59,75,73,63,58,63,49,57
9,-7,15,-6,12,8,-1,0,0,0,0,0,0,0
-4,6,20,20,19,12,6,0,0,0,5,0,0,0
79,82,60,62,62,45,48,78,78,57,62,54,37,43
62,70,68,70,68,74,70,49,60,59,62,63,63,62
16,20,31,50,54,54,64,4,5,18,35,44,35,46
40,45,47,43,51,45,53,33,39,36,37,46,34,44
24,39,39,38,34,23,I,5,15,18,12,7,2,13
112,119,,-5,110,96,100,100,108,97,82,98,91,93
90,83,76,57,68,65,46,84,80,69,57,67,60,42
62,80,75,-4,66,72,72,53,69,,61,57,65,61
74,77,64,66,66,71,69,67,65,59,53,53,63,61
70,83,66,0,62,59,48,70,79,66,66,57,53,41
23,31,38,23,22,27,37,0,5,18,0,3,12,10
24,41.2,35,20,27,24,40,8,1,10,0,1,2,21
45,54,41,46,58,40,41,33,43,33,40,45,34,30
12,13,-3,17,-6,19,16,0,0,0,0,0,0,0
-10,9,7,-6,8,13,5,0,0,0,0,0,0,0
8,16,13,12,-4,12,9,0,0,0,0,0,0,0
22,36,36,40,27,40,28,6,8,8,22,12,15,1
36,21,25,32,31,21,25,15,0,0,13,9,0,7
9,11,36,51,46,72,77,0,0,20,32,27,55,67
117,94,111,87,85,111,104,103,87,98,78,73,Q,93
10,5,5,-10,10,-7,8,0,0,0,0,0,0,0
12,10,34,46,43,65,75,0,0,15,35,24,53,62
51,50,48,46.11,48,44,41,43,38,40,45,37,39,32
59,42,45,40,52,53,42,47,32,39,30,39,42,35
0,-10,-6,5,2,1,-8,0,0,0,0,0,L,0
49,42,47,127,41,56,52,35,32,37,50,30,49,40
64,65,69,65,76,80,64,54,56,58,60,69,72,50
3,23,23,53,57,64,77,0,6,5,35,47,53,63
88,85,72,56,64,59,44,83,82,66,48,60,51,43
58,44,59,55,43,41,49,51,32,52,V,36,28,P
-9,4,-6,1,-6,-3,-5,0,0,0,0,0,0,0
9,12,42,55,55,51,145,0,0,31,43,39,36,64
55,52,40,47,51,46,49,46,46,31,69.62,46,33,41
-2,-6,11,-4,14,9,17,0,0,0,0,0,0,0
3,14,31,38,52,62,78,0,3,20,17.95,34,51,61
6,26,25,37,59,52,74,0,14,11,27,47,36,58
0,2,15,13,13,-5,10,0,0,0,0,0,0,0
104,120,99,96,93,120,96,93,113,94,87,79,107,86
96,102,90,86,115,113,82,91,93,79,72,103,102,75
76,66,79,68,51,65,49,72,58,78,64,47,65,46
6,30,28,42,60,72,71,0,13,9,25,50,61,54
59,60,48,49,50,57,48,53,26.63,40,39,42,47,42
77,72,76,72,75,61,64,65,66,68,58,64,47,52
47,40,56,41,51,41,42,36,26,49,32,38,35,36
2,128,22,K,48,64,62,0,0,7,21,,48,52
63,70,78,68,66,63,78,57,62,72,59,56,54,72
80,62,60,65,68,75,69,69,57,50,52,56,65,64
22,22,34,33,21,40,37,0,0,18,16,3,11,13
91,95,90,110,91,84,101,81,21.73,82,98,83,73,88
20,6,-3,-9,9,17,20,0,0,0,0,0,1,0
88,81,88,,111,105,94,75,70,79,92,102,93,84
18,33,28,55,44,63,64,0,22,11,39,30,53,49
78,72,77,57,54,46,40,77,68,77,48,54,39,34
0,30,,30,61,54,60,0,12,20,,42,39,45
4,35,37,47,49,69,64.88,0,18,25,30,35,50,61
78,66,70,62,57,63,48,72,63,61,54,50,58,48
78,75,76,67,65,76,64,72,62,67,57,55,68,53
49,51,42,45,48,53,47,43,40,31,38,E,48,36
6,13,18,20,12,13,14,0,0,0,3,0,0,0
1,-5,5,-10,-3,6,14,0,0,0,0,0,0,0
12,-2,15,-10,6,-2,11,0,0,0,0,0,0,0
15,33,36,50,49,50,80,5,19,22,33,36,34,69
17,18,20,27.33,44,64,60,0,4,3,27,34,51,41
22,26,33,28,25,32,37,0,J,15,0,9,12,8
58,46,52,50,59,51,49,51,36,47,38,50,42,39
36,-4,36,32,26,39,40,16,9,18,11,0,16,14
28,22,23,28,31,24,40,0,0,1,0,5,0,22
,24,40,21,30,32,21,12,9,17,0,11,12,5
47,54,50,56,58,K,57,35,43,37,51,48,29,47
83,80,126,59,53,65,44,74,74,67,52,50,64,37
84,91,98,117,95,89,97,71,81,89,103,82,77,88
42,43,59,50,41,42,48,29,34,45,40,34,36,78.91
10,16,-7,8,20,-7,3,0,0,0,0,5,0,0
117,91,99,116,99,104,104,111,84,93,107,,93,97
51,56,57,45,55,55,55,40,46,46,31,44,46,49
78,73,68,69,68,74,124,67,63,59,63,55,60,54
81,81,62,62,64,54,46,79,80,59,60,55,54,43
7,26,21,46,42,66,62,0,15,7,33,24,51,45
12,16,7,-1,-10,-3,-2,0,0,0,0,0,0,0
40,48,57,43,45,41,47,28,39,46,38,34,31,36
109,116,110,83,107,37.93,83,103,103,96,77,97,87,75
67,68,77,84.12,66,75,74,53,59,64,57,57,62,60
59,60,53,W,41,41,57,54,52,40,38,29,35,51
97,107,97,80,92,97,104,92,98,88,68,79,86,92
102,,28.4,89,103,105,117,88,84,80,80,95,96,103
19,26,24,34,61,60,83,2,13,13,19,46,42,72
85,71,64,55,51,50,52,84,70,60,53,48,49,43
118,87,97,112,95,105,100,110,79,89,99,86,96,92
18,11,16,20,-1,2,6,0,0,0,0,0,0,0
134,80,74,70,60,69,60,63,67,62,58,48,59,46
25,12,38,47,40,61,85,7,0,24,31,27,47,69
80,75,63,64,80,67,61,74,69,58,57,68,58,48
3,5,7,18,9,6,13,0,0,0,0,0,0,0
78,72,67,66,67,45,45,73,70,65,58,59,39,42
38,27,-10,21,23,27,21,10,24.53,5,0,2,7,0
116,83,98,86,96,105,107,106,71,88,81,87,98,102
46,46,56,49,46,57,47,38,34,51,44,33,45,39
72,75,69,,64,57,49,71,71,60,72,64,,44
17,7,6,-6,5,10,-7,0,0,0,0,0,0,0
61,77,79,72,74,70,71,53,67,66,62,68,63,45.39
69,65,76,73,72,121,73,61,60,64,60,58,58,59
89,76,73,75,59,50,55,,B,65,72,58,42,48
108,107,92,93,J,88,84,99,100,79,81,102,74,74
40,36,21,21,37,39,38,11,11,0,0,10,12,11
57,57,57,47,52,43,48,52,50,52,34,46,34,41
84,87,83,103,B,115,90,66.99,81,73,89,92,F,83
14,66.5,34,36,50,50,80,4,0,23,25,38,39,65
88,92,117,86,94,96,105,81,81,105,72,87,90,91
2,4,5,-5,12,1,-7,0,0,0,0,0,0,0
14,13,35,145,,55,85,0,0,23,34,26,43,73
29,34,40,26,22,28,30,11,6,18,0,5,0,6
-3,6,-4,16,8,17,20,0,0,0,0,0,0,0
120,88,80,90,81,106,94,110,80,66,78,69,95,84
10,16,28,48,51,64,63,0,0,15,36,36,51,50
110,140,114,115,87,82,89,104,98,103,108,76,72,77
-7,10,-4,3,3,-4,2,0,0,0,0,0,0,0
-10,-3,13,0,5,-4,1,0,0,0,0,0,0,0
17,15,24,47,49,58,65,2,0,5,30,37,45,52
87,116,101,94,113,109,108,81,104,90,82,105,97,102
81,83,71,59,53,47,45,73,77,71,58,50,42,36
84,70,80,56,62,57,49,79,61,73,52,61,53,42
64,69,74,61,80,73,68,55,56,65,53,72,59,1.22
60,42,52,44,54,R,60,46,31,39,39,42,34,47
52,54,44,58,45,41,48,39,44,33,53,32,32,41
12,-6,9,14,-7,-9,20,0,0,0,0,0,0,1
131,58,48,47,48,42,42,52,51,34,37,42,31,35
60,60,72,68,80,73,61,48,49,59,54,71,62,48
88,,115,119,110,94,111,81,66,109,113,103,82,97
12,24,33,35,45,57,65,0,6,18,19,31,41,48
-6,4,-5,0,15,5,15,0,0,0,0,0,0,0
82,76,60,65,64,99.63,53,76,76,55,65,55,46,51
112,80,81,120,93,118,114,103,70,74,115,87,105,P
8,1,4,6,-3,19,120,0,0,0,0,0,0,0
85,114,81,-8,87,83,107,71,103,74,86,73,74,101
80,66,73,66,80,71,73,70,60,60,55,66,58,64
103,113,87,89,102,114,97,97,106,74,77,95,101,92
109,96,97,Q,83,-4,81,98,89,87,100,74,72,71
3,32,29,46,42,72,79,0,22,14,29,29,59,65
120,,94,96,90,92,103,115,109,83,86,77,81,95
-4,17,8,11,-10,20,15,0,0,0,0,0,3,0
53,52,-9,,44,44,58,48,42,41,46,37,37,53
70,82,65,71,54,55,60,68,76,61,70,49,54,59
48,52,55,57,47,53,46,34,40,50,51,42,47,37
81,82,68,59,57,65,45,80,76,68,54,57,64,45
22,22,35,26,,27,39,0,6,9,3,13,4,15
10,33,20,45,54,69,69,0,16,2,26,35,57,54
60,78,62,60,66,72,68,54,64,57,55,55,61,59
49,42,43,50,46,,51,35,36,29,42,40,40,42
0,14,-4,-2,5,17,2,Y,0,0,0,,0,0
86,140,84,108,80,93,110,81,94,73,69.88,67,88,101
67,69,78,68,67,68,79,56,64,70,61,55,56,70
78,79,60,64,66,-8,80,70,70,51,50,55,66.89,73
20,31,24,40,26,35,20,0,5,0,24,9,20,0
31,31,34,,20,36,39,9,15,14,0,0,16,19
3,-2,15,-5,15,-5,-6,0,0,0,0,0,9.93,0
57,44,57,50,48,59,41,50,39,44,37,41,45,30
72,72,65,73,60,47,51,71,72,61,69,58,47,43
67,67,61,74,62,74,79,62,61,49,60,48,66,65
80,61,69,80,72,74,61,73,51,58,71,66,66,50
5,0,18,-9,-4,6,-4,0,0,0,0,0,0,90.46
66,69,63,65,71,65,69,59,64,51,51,66,52,57
103,102,87,102,97,115,82,92,95,78,,90,107,73
102,104,114,80,89,108,85,92,92,105,72,76,99,78
89,109,109,93,88,81,105,80,96,102,84,83,67,99
80,66,61,56,50,53,48,80,66,60,52,42,50,40
8,15,30,38,46,62,60,0,0,11,20,34,50,49
68,69,72,79,76,63,66,62,60,64,68,66,56,55
39,20,37,23,J,22,33,19,0,13,1,12,0,18
77,78,61,79,76,70,61,72,66,48,68,68,61,56
98,103,98,99,101,0,116,91,95,93,87,87,83,102
37,23,21,25,27,29,32,22,0,5,N,0,10,16
19,18,40,30,42,53,76,6,2,30,12,30,41,60
79,70,62,64,76,75,65,72,63,49,55,68,68,57
59,43,43,50,42,50,45,54,38,37,44,36,38,37
78,83,61,60,67,64,45,69,79,53,55,66,60,41
40,59,47,57,55,54,59,29,52,42,48,45,40,47
16,20,24,32,59,55,75,0,1,13,21,40,42,65
41,58,53,59,45,55,52,27,49,44,47,39,46,45
106,108,82,117,93,118,115,94,96,68,107,84,108,106
60,52,52,43,49,51,49,52,40,39,33,44,J,42
114,,98,116,80,110,2.11,100,73,91,110,73,105,89
73,77,64,66,62,63,65,68,72,51,61,52,50,60
11,-7,11,-10,6,15,-7,0,0,0,0,D,0,0
15,20,14,-6,6,-5,-1,0,4,0,0,0,0,0
38,21,21,24,20,20,34,22,4,3,8,0,0,5
10,91.26,19,-3,12,18,2,51.34,0,1,0,0,1,0
87,66,77,70,63,58,55,81,64,X,S,63,76.56,54
73,78,60,77,62,64,74,64,66,46,67,51,50,62
17,0,-10,10,10,0,20,1,0,0,0,0,0,4
86,78,65,72,62,47,43,78,78,58,72,54,39,42
65,72,70,69,64,61,66,51,23.64,64,61,59,55,
14,17,-1,5,18,1,5,0,J,0,0,0,0,0
30,35,34,20,20,32,34,5,10,6,0,0,13,7
33,27,35,26,38,27,27,8,11,11,2,21,5,2
32,33,38,40,21,35,35,8,12,21,24,0,18,18
108,119,109,96,91,110,92,102,113,99,89,84,102,78
2,6,-7,4,-2,16,17,0,0,0,0,0,0,0
7,18,38,50,45,64,62,0,7,19,31,27,47,47
2,8,-9,14,-1,-8,8,0,0,0,0,0,0,0
20,31,25,32,36,38,20,0,2,5,3,16,14,97.39
-5,10,1,11,9,12,10,0,0,0,0,0,0,
47,51,58,56,48,43,40,33,43,53,47,40,38,35
35,33,28,22,33,37,33,18,16,11,0,7,20,10
69,80,68,67,67,68,66,57,68,61,56,58,54,52
47,49,60,41,41,41,54,38,35,50,36,27,32,46
-10,6,8,13,-3,7,9,0,0,0,0,0,0,0
1,31,31,30,65,66,68,0,14,19,15,50,51,57
96,100,109,115,81,102,81,90,94,97,104,71,90,71
85,80,74,58,61,61,45,78,74,70,58,53,39.01,40
12,7,14,1,-1,-2,-7,0,0,0,0,0,0,0
120,93,104,92,105,115,116,109,79,92,K,93,108,107
1,9,-4,4,8,-10,-1,0,0,0,0,0,0,0
109,89,93,83,115,108,89,100,78,86,72,101,99,76
13,78.31,34,49,42,61,61,0,17,15,35,27,50,44
9,11,34,52,40,53,79,0,0,20,41,29,34,67
93,103,92,90,87,93,105,86,93,79,78,79,82,94
18,3,8,-3,7,1,11,0,0,0,0,0,0,0
107,97,91,85,Q,113,116,97,92,22.62,72,101,99,111
56,45,52,60,51,50,51,42,34,42,49,37,43,39
42,46,40,56,59,42,42,29,37,29,46,51,31,37
12,Z,8,17,3,11,11,0,,0,0,0,0,0
69,79,65,74,71,64,60,57,72,53,68,60,51,53
-5,10,-2,12,20,-8,-5,0,0,0,0,1,0,0
5,35,40,52,65,72,67,0,16,21,41,49,55,56
47,44,44,48,59,52,55,33,38,38,35,48,38,42
88,71,75,62,60,49,59,86,66,73,57,51,49,53
87,84,68,71,55,49,51,80,75,63,69,50,43,50
72,77,76,79,67,73,60,61,70,64,67,55,61,53
111,102,98,101,108,84,107,100,91,90,89,94,79,94
29,32,38,36,35,28,25,10,11,10,14,10,13,3
30,34,22,40,25,30,145,7,15,0,18,0,11,7
64,75,64,73,73,69,75,57,80.87,57,64,59,63,64
47,42,58,60,53,59,45,35,37,45,46,47,51,34
118,86,83,98,108,93,108,107,73,76,89,95,79,100
72,76,70,67,56,62,50,69,76,62,63,49,57,50
57,50,57,55,52,52,44,45,38,52,48,47,43,30
66,68,69,70,66,C,80,60,58,63,60,58,49,71
76,79,76,64,69,80,74,66,73,68,50,55,72,68
88,84,91,117,85,93,80,76,77,85,107,75,87,74
60,65,70,64,65,67,70,48,58,61,55,52,55,63
87,77,66,66,66,45,51,87,69,64,57,65,42,45
17,27,41,142,64,64,73,6,8,30,26,46,51,58
88,78,65,55,64,46,43,84,71,65,47,57,44,42
78,65,76,60,75,69,65,64,59,66,48,70,56,60
115,120,112,103,91,98,108,102,106,,98,81,91,97
16,15,32,41,40,73,77,3,3,18,31,28,61,66
59,50,59,59,56,54,41,48,37,50,54,45,41,31
81,75,60,70,63,47,49,81,74,60,69,58,44,43
33,40,33,28,22,35,24,11,24,74.55,13,4,9,0
104,111,86,87,114,94,90,97,97.62,72,80,103,87,76
48,41,46,51,53,51,60,40,30,33,45,48,45,46
50,46,41,45,48,53,40,41,37,27,31,37,41,26
49,51,47,56,57,40,44,37,45,37,45,48,32,33
23,30,21,26,20,21,33,5,6,0,10,4,0,15
13,11,17,0,10,13,8,0,0,0,0,0,0,0
3,7,-5,15,13,9,12,0,0,0,0,0,0,0
66,74,62,64,61,65,72,52,67,52,,52,52,66
7,-7,36,45,41,69,63,0,18,20,31,27,57,51
36,33,28,40,35,31,38,19,17,12,11,8,4,17
73,83,73,71,59,54,46,70,77,65,68,52,54,44
7,20,16,18,14,9,-1,0,0,0,0,0,0,0
26,25,27,34,28,31,30,0,2,9,10,11,4,9
83,106,109,103,113,105,86,72,96,101,91,105,100,79
56,57,59,40,54,56,47,43,48,46,27,40,42,36
9,10,20,17,-10,0,5,0,0,4,0,0,0,0
87,79,71,67,63,134,59,83,72,66,63,60,57,51
112,112,89,111,104,81,94,99,105,84,97,99,71,85
75,77,74,67,Q,65,67,62,64,66,56,48,57,61
36,30,36,39,34,32,40,14,15,14,23,6,7,14
60,74,63,62,,63,77,53,66,50,48,71,57,66
66,66,75,65,73,67,63,56,57,62,53,65,59,50
98,97,113,91,119,0,80,92,85,99,80,114,73,73
12,32,20,32,49,69,63,2,14,9,22,35,57,50
56,56,47,50,40,50,41,44,43,36,38,33,40,33
45,53,45,44,58,46,47,36,40,35,31,44,40,39
48,58,55,44,55,86.95,58,43,45,,39,44,41,50
10,11,33,46,40,50,68,0,0,15,33,30,32,55
43,58,54,48,54,55,49,38,51,45,42,41,45,40
40,20,31,31,30,32,39,22,Z,3,13,8,7,16
86,84,80,55,60,57,47,81,81,79,53,60,54,46
78,85,76,59,52,49,57,3.49,79,76,52,47,47,49
22,10,36,32,53,51,24.24,9,0,23,14,41,35,43
89,75,66,62,52,50,43,80,74,61,57,50,43,40
116,86,80,97,118,89,89,110,80,68,89,104,75,78
38.19,116,112,114,81,91,111,112,105,102,108,69,81,99
83,70,70,73,69,47,56,83,69,70,71,69,44,50
-8,9,-6,7,1,,-1,0,0,0,0,0,3,0
90,84,5.58,72,63,57,150,83,83,68,69,58,50,37
109,81,104,101,105,86,82,104,75,99,95,98,81,
78,71,67,71,59,53,54,73,62,63,62,51,48,51
98,113,91,100,119,88,112,89,108,80,90,113,78,107
25,27,39,41,49,55,67,9,13,28,31,34,39,49
6,34,23,51,60,68,64,0,16,13,36,49,50,53
70,76,64,75,63,45,58,70,72,56,68,62,38,57
70,61,68,0,63,79,70,61,56,63,59,56,72,56
A,46,60,45,42,46,42,45,39,50,37,30,41,28
14,26,27,51,134,71,80,3,11,11,34,31,57,70
111,83,103,83,91,104,93,101,75,95,69,77,99,84
20,8,-4,10,-10,7,-1,0,0,0,0,0,0,0
50,48,54,46,49,59,49,38,41,47,34,41,54,42
J,105,102,92,114,105,110,103,98,92,81,103,91,96
-9,12,3,-3,-1,-7,-6,0,0,0,0,0,0,0
30,30,34,34,32,38,27,15,1,11,11,14,18,9
77,73,80,56,66,57,49,77,65,75,53,58,54,48
32,29,31,28,40,40,27,5,14,2,2,18,16,0
62,73,71,62,62,75,73,55,67,58,56,55,65,63
23,27,29,30,37,20,20,7,2,2,2,21,0,0
114,101,113,104,97,105,110,108,93,,96,92,98,102
27,20,20,26,29,39,36,,0,0,6,11,14,11
-4,1,-4,10,12,16,4,0,0,0,0,0,0,0
0,-7,12,-10,17,4,-2,,0,0,0,0,,0
72,68,63,56,64,65,51,70,68,60,51,61,62,45
87,81,74,60,58,65,50,85,81,72,60,53,59,46
97,116,80,120,109,91,82,89,109,69,107,95,78,74
14,31,35,55,61,70,85,0,19,22,41,46,54,73
24,37,20,31,24,27,20,4,15,0,6,0,1,2
48,56,41,55,53,56,50,36,49,36,49,39,50,36
76,82,80,68,54,64,51,67,79,74,61,54,64,51
12,35,45,42,42,,64,0,19,35,23,30,46,49
10,11,-7,-5,4,5,12,0,0,0,0,0,0,0
7,27,43,39,63,63,73,0,8,30,29,50,48,57
0,23,41,36,82.04,74,79,0,G,27,19,62.77,56,65
96,110,109,111,110,94,92,89,Y,100,97,100,,84
118,83,107,103,91,100,87.74,109,74,101,94,77,91,13.77
50,56,47,8.35,49,50,44,43,43,36,29,44,39,39
66,79,63,75,63,71,69,57,71,49,70,52,60,55
38,20,27,21,34,36,40,18,0,2,1,16,19,23
102,93,92,103,110,85,102,89,85,83,92,99,78,88
78,78,74,68,68,67,74,65,73,63,55,58,59,65
85,73,67,64,55,64,55,84,D,59,61,53,64,50
117,94,120,119,83,107,91,112,81,107,108,77,99,83
80,71,78,80,70,72,69,68,64,65,71,58,66,60
-7,9,10,-2,-5,10,-7,0,0,0,0,0,0,0
9,17,29,50,56,69,63,0,3,17,33,45,57,44
7,22,30,32,53,59,69,0,6,16,13,37,44,59
21,36,38,33,32,28,29,4,11,20,10,3,8,7
25,30,44,42,41,52,72,13,17,34,27,28,39,61
18,V,19,4,11,13,-3,0,0,0,0,0,0,0
84,118,111,93,117,113,96,75,104,105,84,104,104,85
68,78,72,70,78,73,65,63,72,67,65,72,68,53
75,67,68,63,51,55,56,73,63,63,58,48,47,55
40,44,59,56,42,53,50,,38,54,30.29,36,41,41
8,15,-9,6,-7,0,-3,0,0,0,0,0,0,0
62,67,69,73,68,62,75,57,60,58,61,61,52,65
13,34,39,35,58,75,68,1,18,25,18,48,57,50
-3,67,65,70,60,65,68,68,56,59,60,52,51,60
23,20,38,32,63,74,71,13.34,9,27,15,48,60,53
40,22,,38,40,33,20,19,0,16,58.36,22,6,0
103,111,98,93,94,114,98,95,106,92,79,84,100,90
83,-5,91,93,94,93,83,77,90,82,87,84,88,71
,24,23,21,26,33,36,2,0,0,0,3,16,10
54,60,47,55,54,46,53,41,49,42,V,40,39,43
79,80,71,76,64,78,79,74,72,61,64,51,68,73
29,36,36,34,25,30,37,14,21,11,7,7,15,10
9,23,29,32,43,52,81,0,6,14,21,31,38,70
86,115,89,101,97,92,84,74,105,78,92,84,85,71
107,82,84,108,93,111,115,99,74,72,95,79,99,109
26,39,23,23,24,27,20,,13,2,0,9,10,0
22,27,45.48,51,64,69,73,11,9,29,38,54,59,62
104,84,117,106,91,83,106,97,78,E,100,79.35,74,97
-5,5,-2,6,-10,20,0,0,0,0,0,0,0,0
87,76,79,P,50,57,49,83,71,75,55,47,52,41
92,84,106,95,116,81,103,82,79,96,86,103,75,89
57,47,60,44,48,45,59,43,41,49,37,39,31,50
6,8,11,-5,14,-7,1,0,0,0,0,0,0,0
107,120,94,119,83,107,102,99,112,87,112,72,100,94
9,13,13,-4,-2,-1,-9,0,0,0,0,0,0,0
12,8,8,0,-6,-7,-2,0,0,0,0,0,0,0
5,15,45,48,62,68,68,0,3,35,32,45,56,49
23,12,33,40,48,58,85,9,0,17,30,34,43,74
78,77,70,66,73,76,73,73,72,60,53,65,62,61
54,53,59,60,54,44,54,46,44,54,52,49,31,49
21,35,32,40,62,57,67,7,23,18,29,47,38,49
75,71,79,66,68,60,50,73,68,74,59,62,54,48
-5,4,0,18,8,-1,0,0,0,0,0,0,0,0
80,67,80,63,78,71,68,74,60,68,55,71,57,56
-1,-6,-4,-5,18,14,-8,0,0,0,0,3,0,0
113,100,117,97,111,86,114,102,89,108,85,106,79,100
82,74,68,57,56,62,56,76,72,64,52,48,58,55
86,66,67,,52,48,58,79,65,66,59,43,40,49
91,100,92,90,81,87,102,83,87,84,83,,74,88
12,21,38,46,60,70,74,0,11,20,34,49,58,56
66,60,62,73,60,60,80,58,48,49,63,49,51,74
82,69,65,69,64,59,58,82,63,61,62,57,57,56
1,11,44,55,52,64,79,0,0,25,42,38,49,61
-2,-7,19,5,12,-1,4,0,0,0,0,0,0,0
42,40,55,40,42,50,44,29,29,42,31,31,42,39
17,15,34,44,40,58,67,5,0,16,28,24,46,48
7,20,38,46,43,64,75,0,10,23,34,29,45,63
15,27,45,35,42,50,63,3,14,30,,,32,52
56,41,59,42,49,47,46,43,35,54,37,39,33,36
9,35,40,49,47,64,67,0,24,30,32,35,48,51
20,-5,18,19,19,10,I,0,0,0,0,0,0,0
54,60,50,43,42,50,57,49,50,41,34,29,45,44
43,40,46,49,46,44,48,37,29,35,44,34,30,39
25,33,34,43,U,69,61,12,19,24,,44,34.29,46
45,52,58,42,49,40,52,37,38,49,35,40,26,42
6,29,43,50,41,73,78,0,10,28,36,30,54,65
11,-4,19,-9,-9,-3,7,0,0,0,0,0,0,0
70,61,P,66,72,70,63,64,52,66,,60,62,58
110,119,89,84,99,92,89,98,108,84,76,91,87,84
10,2,-3,18,10,-4,-5,0,0,0,2,0,0,0
9,23,34,40,42,68,67,0,4,18,21,25,51,51
84,108,92,119,148,82,82,,98,80,114,96,75,73
70,67,68,57,K,46,41,69,61,65,51,55,42,36
77,2.63,76,70,67,57,60,69,77,68,64,66,57,57
83,83,104,88,147,86,117,70,77,94,83,109,73,105
17,20,25,53,54,61,68,2,6,8,40,43,44,49
106,108,83,90,113,86,108,92,99,72,78,100,79,2.65
72,85,73,70,51,50,41,68,78,73,62,46,45,38
-3,-7,-1,-3,1,1,18,0,0,0,0,0,0,1
62,68,68,69,62,79,75,54,56,61,61,57,74,69
-1,14,-7,20,15,2,14,0,0,0,0,0,0,V
78,62,64,72,62,63,67,69,55,54,63,55,55,57
120,92,104,86,101,83,81,113,79,91,80,88,77,72
6,-5,32,55,65,63,75,0,11,C,41,46,49,61
3,29,44,43,45,73,77,0,12,31,25,27,54,67
112,118,97,92,119,95,101,107,105,89,83,105,83,89
63,67,77,69,72,72,70,54,56,63,56,65,58,61
36,27,32,27,25,23,35,16,0,5,0,10,0,17
97,105,94,95,86,113,109,88,96,88,87,81,105,98
12,10,0,13,5,0,-7,0,0,0,0,0,0,0
89,82,61,68,68,61,42,87,76,59,68,67,56,37
32,29,36,36,35,33,22,7,3,7,21,11,7,0
4,-3,-7,3,14,7,20,0,0,0,0,0,0,0
-9,0,-5,4,1,9,2,0,0,0,0,0,0,0
109,102,112,104,84,103,93,98,94,100,98,72,91,86
25,27,40,48,61,74,73,15,13,30,31,46,62,61
14,22,25,48,51,63,68,3,3,12,33,32,45,55
54,40,57,43,59,52,46,40,32,44,34,52,39,38
67,71,62,68,73,64,78,53,58,56,55,68,56,72
3,27,39,35,O,62,83,0,17,20,25,32,50,64
60,40,46,47,59,54,43,54,27,38,36,52,48,30
26,34,29,32,37,23,144,0,15,0,14,13,0,12
105,96,111,117,103,92,,96,87,100,103,98,84,71
61,76,69,60,64,72,72,54,67,55,51,55,67,63
64,78,69,78,79,73,74,59,72,58,68,72,60,64
89,78,77,65,55,49,55,84,75,68,65,48,47,55
L,16,-7,13,17,10,-2,0,0,0,0,0,0,0
61,0,65,67,77,80,65,49,61,53,54,69,72,59
57,45,52,59,54,-6,46,44,36,41,46,40,42,41
54,57,131,47,49,56,45,N,45,28,36,38,45,34
32,32,40,28,28,33,27,9,8,22,6,12,7,69.09
54,53,40,56,45,57,41,49,42,29,45,38,49,27
73,82,78,74,68,49,56,71,74,72,69,68,45,47
93,98,112,82,105,90,Z,88,90,101,76,91,84,101
66,72,80,78,61,70,60,56,64,71,72,56,64,54
11,13,22,40,58,54,83,0,0,12,27,43,35,65
82,81,75,55,53,48,91.13,81,79,68,53,51,43,48
-6,17,-3,7,18,-3,-10,0,0,0,0,0,0,58.5
-10,2,11,-3,9,7,15,0,0,0,0,0,0,0
120,145,114,100,99,88,113,108,104,108,95,89,81,106
42,52,42,42,55,C,41,37,38,30,34,48,43,32
,3,-3,-8,13,-4,15,0,0,0,0,0,0,0
8,-4,14,8,0,15,18,0,0,0,0,0,0,0
80,69,66,75,60,46,47,75,65,66,66,54,39,46
1,24,44,31,42,64,66,0,8,31,14,29,52,47
-7,9,3,-2,-4,-9,18,0,0,0,0,0,0,3
28,36,30,40,38,21,27,5,10,4,19,9,0,2
-5,3,10,3,14,6,15,0,0,0,0,0,0,0
69,76,63,68,74,78,67,63,70,49,59,68,72,53
78,62,76,78,75,60,68,70,53,62,71,65,49,62
67,68,65,61,77,60,73,59,60,51,56,Z,52,65
75,80,76,62,65,63,43,73,80,69,57,58,61,35
62,60,74,77,74,69,76,52,52,61,65,62,64,66
23,13,137,37,42,71,80,8,0,17,23,25,52,66
48,52,43,57,56,50,56,37,44,36,45,48,42,48
46,49,52,60,43,50,46,37,43,44,55,33,39,36
53,60,58,42,51,43,48,48,48,46,32,46,29,37
28,32,23,39,,25,34,2,9,0,23,0,9,8
80,-4,77,70,66,68,71,69,59,69,65,60,63,57
12,,29,46,57,72,23.7,0,23,13,X,40,61,46
50,59,59,44,54,53,46,36,45,52,32,43,42,41
17,29,22,40,41,56,83,5,12,,25,27,46,70
13,24,28,47,61,69,E,0,10,13,30,51,57,67
70,66,75,65,67,57,45,70,58,75,61,65,51,45
75,67,60,62,59,58,44,68,61,59,54,53,52,39
18,31,37,51,51,57,78,0,19,27,38,38,41,59
58,52,46,47,60,47,52,44,38,38,38,54,42,43
14,13,24,R,42,57,75,0,0,13,27,32,41,61
87,84,64,57,64,51,40,81,79,61,49,62,49,37
14,1,7,-9,18,-5,19,0,0,0,0,0,0,0
14,7,17,20,-9,19,D,0,0,0,4,0,0,0
87,73,73,61,62,62,47,84,71,64,10.83,54,53,43
118,81,106,83,94,104,113,108,71,93,1.2,81,98,102
44,45,41,58,53,124,42,34,35,33,53,45,36,29
72,78,74,69,73,68,66,64,73,60,55,65,57,57
83,66,61,62,52,57,57,77,61,61,58,51,53,50
95,117,110,113,85,93,107,K,111,104,104,73,82,102
,75,66,74,57,61,58,67,72,63,73,57,58,
74,69,64,63,62,60,75,62,59,53,52,53,53,65
95,117,81,94,93,113,Y,90,109,71,87,86,108,86
92,98,97,104,107,92,91,87,84,88,98,101,80,81
75,80,80,71,55,47,54,71,73,74,66,46,39,45
0,14,24,52,56,61,72,0,4,14,40,46,48,60
48,56,47,57,50,40,58,36,50,34,51,38,26,53
5,13,13,-4,14,9,3,0,0,0,0,0,0,0
18,-3,8,13,12,12,16,0,0,0,0,0,0,0
20,14,28,38,43,50,75,5,0,17,21,29,39,61
72,74,62,62,66,56,59,70,73,62,53,62,49,59
35,35,36,39,26,24,32,6,14,17,20,11,1,10
105,100,89,113,115,97,92,94,95,81,108,106,83,84
-1,-2,-4,-2,-9,-6,14,0,0,0,0,0,0,0
2,20,27,49,61,64,69,0,10,9,37,44,47,55
70,71,74,66,72,61,77,63,59,61,58,66,56,64
66,66,H,77,79,67,70,57,53,49,67,66,60,65
84,73,77,66,53,56,45,81,65,73,61,51,56,41
4,9,-8,-1,16,15,-6,0,0,0,0,0,0,0
118,86,106,100,83,88,108,111,74,96,90,73,78,97
82,117,96,97,104,115,117,72,110,82,83,96,107,104
25,15,39,44,59,O,79,,4,24,25,42,50,65
75,80,68,64,61,59,47,73,79,62,,58,58,41
90,109,108,100,105,120,102,84,102,98,89,97,115,96
112,100,81,117,115,113,90,99,87,67,110,103,103,80
113,112,86,93,108,97,104,101,107,79,79,101,83,97
60,46,60,45,52,A,55,46,40,52,32,44,41,42
17,12,32,45,46,52,67,0,0,16,34,28,40,48
84,99,92,112,118,96,96,79,,78,100,111,83,88
89,68,75,74,66,56,56,85,61,71,69,64,49,55
20,9,20,O,11,12,7,R,0,0,0,0,0,0
50,47,41,57,44,52,50,43,42,28,46,39,41,36
,54,55,53,58,53,47,52,47,48,46,52,43,36
39,31,36,26,28,30,36,E,15,21,7,12,13,18
90,71,60,75,58,22.66,42,85,70,52,66,52,44,40
76,,60,62,55,49,48,71,79,51,57,54,40,43
80,83,115,104,90,92,114,67,70,109,98,84,85,106
51,50,51,41,44,60,49,40,42,38,33,39,52,44
22,31,39,36,22,39,27,3,6,23,9,0,22,12
27,32,32,40,24,25,35,4,14,15,17,0,7,13
107,94,86,115,87,R,120,100,85,77,104,73,96,109
71,60,69,72,69,67,79,65,52,61,63,61,59,67
-5,-2,-8,14,-9,13,-8,0,0,0,0,0,0,0
39,24,38,36,22,33,24,17,0,10,9,3,17,1
73,79,69,68,53,58,42,71,77,69,67,52,56,36
20,2,4,20,-3,11,2,2,0,0,0,0,9.72,0
4,-5,16,11,11,16,-6,0,0,0,0,0,0,0
93,91,91,103,113,89,104,88,83,77,94,105,84,95
74,80,75,66,64,63,60,65,73,68,55,54,58,51
4,G,,15,11,19,-2,0,0,1,0,0,0,0
-5,66,63,61,76,67,73,60,55,53,52,T,55,65
61,67,79,68,77,70,63,56,53,72,56,68,58,57
107,106,98,94,88,103,114,102,97,85,83,83,93,109
90,110,116,115,87,,83,81,103,104,110,79,82,77
80,64,63,79,63,67,67,72,58,49,68,51,54,55
7,3,13,0,7,4,2,0,0,0,0,J,0,0
15,28,27,36,44,58,67,2,16,,21,32,40,49
72,70,61,75,52,64,47,65,63,57,68,46,60,43
3,12,20,2,18,6,19,0,0,0,0,0,0,3
112,109,92,99,108,100,104,98,103,80,85,101,88,94
64,64,76,145,62,79,73,52,56,63,62,56,67,64
14,33,36,40,50,66,64,4,,24,26,36,55,45
24,20,33,33,42,51,78,9,7,22,20,29,35,67
35,36,,37,35,22,20,8,18,0,21,12,0,0
0,11,44,54,63,67,81,0,0,27,40,51,56,62
88,79,69,69,68,50,40,79,77,61,69,64,45,33
,18,21.52,-2,14,-4,-1,0,1,E,0,0,0,0
48,57,47,46,51,41,57,34,45,37,34,40,33,45
43,58,46,55,56,45,40,36,48,32,41,44,36,27
25,20,36,45.9,40,57,85,9,1,17,41,22,40,66
25,33,23,21,36,33,21,10,6,5,0,12,6,0
13,14,34,34,42,63,84,0,,19,19,31,A,70
80,67,72,74,53,56,41,75,62,67,68,47,50,35
91,94,88,105,114,83,110,79,84,81,95,103,74,104
70,63,79,64,-5,67,79,61,49,73,50,57,60,74
51,47,48,56,47,55,43,46,40,37,42,33,43,38
82,112,97,114,120,84,82,73,100,83,105,109,71,76
86,79,74,73,63,53,51,83,75,72,65,56,47,45
11,-6,15,13,19,6,17,0,0,0,0,0,,0
28,22,26,32,33,24,31,8,1,11,10,6,1,10
56,47,47,40,50,50,46,45,33,37,32,45,38,34
8,35,38,49,59,62,77,0,17,23,32,46,51,58
-4,5,-8,-8,13,7,14,0,0,0,0,0,0,0
6,20,35,45,59,74,70,0,7,23,26,47,64,52
-5,-9,-10,10,-7,16,11,0,0,0,0,0,0,0
9,21,21,38,61,63,66,0,3,7,27,45,48,52
28,22,29,38,21,34,31,5,0,14,12,5,13,5
97,87,108,120,80,100,93,92,77,98,115,70,86,80
37,33,27,62.46,30,20,0,15,9,11,7,,0,11
75,70,67,63,60,,57,71,64,67,58,58,60,48
48,49,54,49,42,45,47,42,38,42,44,31,34,40
-10,-3,9,-1,11,-7,8,0,0,0,,0,0,0
20,29,20,S,31,40,27,0,8,0,17,16,15,4
62,64,68,73,78,63,78,55,54,62,63,70,53,41.64
76,66,65,72,50,47,56,75,58,62,71,44,41,48
40,53,54,60,46,43,58,35,42,44,47,33,S,46
23,22,32,40,48,52,76,10,7,15,29,34,33,60
2,-8,10,-9,16,16,-5,0,2,0,0,0,0,0
27,27,30,20,27,40,21,5,6,4,0,5,19,0
15,19,-7,0,-7,13,7,0,0,0,0,0,0,0
61,69,72,66,68,62,77,48,59,67,58,J,55,67
20,33,32,21,29,25,22,0,5,9,0,6,0,1
20,5,4,3,7,-9,6,0,0,0,0,0,0,0
40,37,30,27,32,15.94,23,18,18,11,7,5,17,6
22,39,39,32,36,38,29,0,14,12,14,14,20,7
111,120,92,114,86,91,82,101,106,87,107,77,79,68
86,85,92,90,94,111,107,73,77,79,79,80,105,93
22,16,37,39,41,125,75,11,0,18,27,26,38,42.06
19,-7,-7,11,-10,13,-4,0,0,0,0,0,0,0
90,84,74,57,,61,R,84,81,70,50,56,57,40
97,91,118,92,105,91,108,85,80,105,86,95,79,96
0,35,39,35,63,60,80,0,18,29,22,46,43,67
71,68,62,76,76,79,70,58,54,52,71,69,73,61
71,60,76,77,73,Y,70,57,49,64,66,59,55,63
12,22,36,55,52,51,73,J,11,24,45,40,33,55
46,55,59,45,55,40,57,36,45,52,36,49,33,44
5,10,-1,20,11,-7,11,0,0,0,0,0,0,0
79,69,77,63,80,75,73,66,61,70,54,73,69,61
85,79,61,63,64,62,52,80,76,52,77.64,64,58,52
78,67,70,70,65,63,54,77,61,66,68,59,62,48
71,77,72,71,62,80,78,65,67,63,66,49,68,69
-2,7,9,18,1,-1,16,0,0,0,0,0,0,0
83,83,84,115,96,109,105,78,73,76,108,84,104,91
75,67,75,71,50,48,59,71,61,70,66,43,47,53
32,26,37,22,26,24,21,16,10,15,0,D,6,0
77,75,77,75,66,53,45,71,75,75,72,60,46,43
82,65,69,62,57,48,49,78,60,63,54,55,48,
27,36,35,38,21,23,20,0,16,13,20,2,0,1
18,11,11,11,16,0,8,0,0,0,0,0,0,0
65,68,69,73,61,71,76,60,59,62,67,47,61,62
,104,83,82,88,94,P,74,94,70,68,74,86,81
66,69,63,73,60,75,72,57,59,54,59,46,70,64
L,60,59,44,55,41,41,37,47,52,39,49,30,30
84,77,76,75,50,62,53,83,71,68,72,43,61,51
73,67,72,74,68,73,70,62,54,64,63,63,59,56
119,109,80,99,113,91,82,108,104,74,88,99,77,72
44,49,57,40,52,52,58,34,43,49,34,40,46,47
3,11,96.32,-6,15,2,-1,0,0,0,0,0,0,0
31,21,29,23,25,24,24,9,0,,4,3,8,0
37,20,25,29,24,29,22,22,3,3,14,0,13,4
76,85,78,71,50,58,41,68,79,74,65,47,55,37
25,32,24,39,57,52,129,11,13,8,22,43,36,51
50,43,42,45,57,52,40,36,36,29,35,45,40,29
60,50,,49,48,55,44,48,39,36,42,42,47,36
72,81,76,62,69,51,50,Q,80,76,56,60,43,47
39,27,24,22,21,22,31,10,11,0,0,0,0,7
-2,13,-2,3,8,-8,-9,0,0,0,0,0,0,0
110,92,106,,113,95,107,99,81,101,71,108,87,95
84,,77,61,68,54,53,83,69,68,59,63,53,49
,76,74,58,61,55,55,65,68,74,58,61,52,50
18,17,23,33,52,57,80,0,0,4,22,36,42,61
-5,6,11,20,12,8,15,0,0,0,5,0,0,0
80,79,72,69,11.56,75,68,71,66,60,62,56,67,63
73,69,61,72,80,71,64,59,58,47,67,66,62,55
17.24,75,66,64,53,46,43,82,68,58,61,47,38,41
79,63,78,66,70,79,73,67,57,66,54,64,68,68
63,77,78,66,78,65,77,50,67,69,60,,53,67
52,48,54,47,58,V,41,38,43,F,33,44,42,34
,27,22,34,27,26,35,0,12,0,10,0,0,12
81,87,97,95,113,106,105,76,73,86,90,103,92,93
20,,23,39,28,23,22,0,21,7,21,3,2,4
76,70,62,70,52,60,48,67,67,62,65,51,60,44
80,114,87,114,115,106,100,74,107,73,104,110,93,91
74,63,65,77,68,77,66,64,53,58,66,55,65,57
26,27,38,21,34,36,20,0,2,15,0,14,13,0
20,11,31,51,41,132,83,8,0,21,39,22,55,66
8,17,33,33,62,71,79,0,3,22,21,44,56,62
81,85,66,63,66,57,53,73,84,66,60,66,55,49
76,76,77,-6,55,46,50,69,75,72,,55,46,49
34,31,28,35,31,33,27,7,12,6,10,12,15,8
106,105,80,91,,84,94,95,93,70,80,91,75,87
5,14,26,42,53,63,81,0,4,16,30,35,44,68
34,24,34,24,22,32,22,9,1,15,0,5,17,0
70,78,63,71,64,49,51,62,78,61,68,64,47,50
137,85,69,55,51,47,43,65,83,61,48,42,45,38
90,79,P,55,69,65,49,86,73,64,Z,63,63,41
93,108,96,80,89,84,97,80,99,84,71,77,72,87
98,86,106,139,95,82,99,91,76,93,82,89,76,93
98,102,80,81,90,150,119,90,90,70,72,84,87,114
9,16,35,38,42,71,78,0,0,22,22,24,57,63
36,37,25,28,25,39,34,17,9,0,4,10,16,11
20,35,31,37,62,,85,5,16,12,26,47,56,70
70,75,65,69,72,70,61,64,70,54,57,67,59,50
21,23,21,21,32,34,38,0,0,0,5,15,10,17
70,71,65,,54,62,53,67,69,59,58,47,57,53
33,20,29,28,39,26,34,14,0,14,6,10,3,9
21,36,26,22,38,25,30,1,19,0,5,20,0,10
14,0,6,-8,-9,18,6,0,0,0,0,0,0,0
74,77,65,74,69,60,60,61,64,59,63,57,51,54
47,43,60,47,53,57,135,38,29,48,33,46,44,46
13,16,-4,13,19,2,7,0,0,0,0,0,0,0
20,25,29,43,48,51,81,6,13,12,25,30,40,68
113,90,93,89,120,114,82,100,77,83,84,114,107,70
-1,-7,13,1,11,18,8,0,0,0,0,0,0,0
-2,35,21,24,22,27,33,12,20,0,0,0,1,12
8,14,12,-3,13,16,9,0,0,0,0,0,0,0
44.66,37,33,38,37,26,34,5,12,9,18,21,6,18
78,62,73,64,78,69,67,72,52,68,56,65,W,60
89,86,113,91,83,,91,79,81,108,78,73,85,85
115,80,91,113,112,113,82,104,66,80,99,102,105,75
99,101,105,111,88,120,88,94,96,93,99,83,109,76
60,79,70,80,72,65,62,51,74,57,66,61,58,52
87,80,67,66,56,55,56,79,75,65,62,48,49,50
74,79,78,-8,67,61,64,63,71,66,62,54,49,52
14,21,25,33,58,62,64,0,8,13,14,44,49,48
42,58,60,50,48,40,52,37,46,54,37,38,26,38
1,15,-1,17,11,6,-7,0,0,0,0,0,0,0
72,74,66,71,60,46,53,66,71,59,62,59,42,46
18,17,45,50,49,69,64,7,3,26,40,35,51,50
89,84,65,60,65,53,59,81,75,64,59,61,44,52
12,15,38,36,142,66,81,0,0,20,18,50,52,66
41,55,44,50,51,56,47,28,44,36,37,45,50,39
85,115,95,90,109,84,118,72,110,85,84,98,70,104
84,81,72,57,62,50,43,79,77,70,52,58,49,37
20,0,2,-2,16,10,13,0,0,0,0,79.89,0,12.98
49,47,47,50.47,41,51,41,44,39,42,42,27,41,32
21,35,40,52,61,71,81,3,18,30,39,44,56,67
-1,-7,-4,-6,-1,-1,4,0,0,0,0,0,0,0
10,-4,0,-9,1,-1,17,0,0,0,0,0,0,0
90,115,89,96,117,104,81,85,109,80,87,104,95,75
25,15,26,39,60,62,69,6,4,9,22,41,47,56
4,-5,6,-7,7,2,17,0,0,0,0,0,0,0
51,59,49,-2,42,41,51,44,51,63.86,35,35,34,41
24,38,22,39,29,30,39,0,17,0,16,3,10,20
78,74,61,74,57,46,44,72,72,61,70,52,38,44
65,78,79,75,68,64,63,55,70,65,62,60,58,56
40,34,,30,38,39,33,18,10,3,10,21,54.4,4
4,,13,-8,15,10,11,0,0,0,0,0,0,0
73,77,67,70,65,76,80,64,66,54,58,60,63,N
110,120,120,103,119,115,101,99,110,111,95,114,104,93
34,38,30,39,33,37,31,9,15,3,19,9,15,6
78,79,79,59,68,65,53,74,72,70,53,62,62,46
62,68,80,63,72,74,77,49,58,74,49,58,65,71
19,9,-7,8,1,12,-5,0,0,0,0,0,0,0
20,12,37,45,44,65,62,4,2,25,33,31,51,44
8,-8,2,10,1,20,5,0,0,0,0,0,5,0
24,28,27,32,46,71,80,10,14,12,17,36,60,65
82,75,60,67,60,60,45,73,68,51,67,56,51,41
42,55,60,54,57,51,59,37,44,52,46,52,45,53
24,27,,44,46,68,65,34.16,17,9,25,29,52,51
49,48,40,40,41,54,60,41,35,35,28,29,48,50
5,12,8,-1,15,16,4,0,0,0,0,0,0,0
72,78,74,55,63,57,55,64,74,72,51,63,50,52
84,66,62,59,64,49,60,83,60,60,58,63,43,52
24,12,40,37,44,61,63,12,0,30,83.0,33,45,45
39,30,24,31,34,34,,18,3,0,9,12,11,0
74,73,76,74,74,77,75,64,67,71,66,60,69,U
78,66,70,73,68,58,44,70,64,68,72,68,55,39
33,33,27,29,23,21,24,17,10,2,8,0,0,4
73,74,61,58,65,46,54,71,66,55,57,59,43,46
107,100,120,106,91,94,83,99,92,106,95,83,87,77
82,97,92,105,88,88,114,74,86,82,94,81,74,107
113,100,85,99,112,95,111,107,87,76,85,101,87,101
101,99,80,92,98,100,116,95,87,71,82,87,94,104
-9,18,10,-4,8,3,7,0,0,0,0,0,0,0
-4,12,6,16,-10,0,-7,0,0,0,1,0,E,0
82,65,66,69,58,59,53,75,58,57,64,49,54,48
89,74,65,60,Q,57,55,84,65,65,54,54,55,53
100,105,106,117,105,116,116,87,97,99,111,I,108,102
55,40,52,40,58,60,50,48,33,42,34,50,51,41
-6,-2,17,-7,-10,10,5,0,0,0,0,0,0,0
44,49,50,49,,56,46,38,41,41,44,33,45,33
79,78,-7,77,79,60,65,70,72,61,65,73,46,51
83,L,64,61,56,64,51,78,67,64,56,48,61,49
101,117,104,84,119,105,114,91,106,97,79,109,97,105
105,117,113,93,117,108,94,95,103,104,84,110,97,80
59,43,58,56,45,58,41,46,30,47,50,35,45,30
,48,41,52,55,52,53,46,35,27,42,42,45,40
54,57,58,92.38,43,53,44,41,50,49,37,38,45,30
67,67,65,73,78,80,77,54,62,56,W,72,75,70
41,46,122,45,45,54,52,28,38,32,40,40,41,46
37,21,31,,22,37,36,14,0,9,12,0,18,7
77,73,74,57,69,45,50,69,64,68,54,66,38,44
90,72,74,55,54,55,57,90,63,66,51,53,53,51
40,36,32,31,35,24,36,11,16,8,11,7,4,8
104,101,111,103,99,81,92,95,95,105,94,93,74,86
19,27,28,50,41,66,77,0,9,13,33,24,47,61
-9,9,-10,8,-6,7,1,0,0,0,0,0,0,0
3,11,-3,5,20,-7,6,0,0,0,0,0,0,0
40,39,38,22,22,40,35,20,15,14,4,0,21,8
119,97,102,106,106,112,104,113,91,91,101,97,104,90
47,42,44,44,47,46,56,41,31,31,37,40,38,50
4,25,23,45,40,53,61,0,9,5,33,28,35,49
7,8,15,-2,13,12,17,0,0,0,0,0,0,0
49,57,50,52,50,44,I,38,45,37,45,45,38,33
82,68,63,56,58,50,R,80,68,63,W,52,47,46
43,45,60,42,58,59,53,38,32,53,32,52,51,46
88,74,80,73,69,63,49,85,70,74,70,66,63,46
32,39,36,22,26,38,23,12,21,15,5,5,13,0
2,8,-10,10,-7,3,-6,0,0,0,0,0,0,0
24,12,34,33,52,68,84,13,0,17,14,42,54,67
83,108,115,115,112,149,89,75,103,105,105,98,113,75
9,4,-10,11,17,9.75,-1,0,0,0,0,0,0,0
54,60,52,48,56,44,50,43,49,46,38,46,31,39
71,79,64,55,60,46,44,57.45,74,63,49,57,39,43
40,27,25,34,30,35,21,15,12,2,9,11,19,1
69,78,66,68,63,76,61,55,68,52,56,49,62,52
129,54,47,53,40,41,53,54,40,40,45,33,36,41
19,16,33,42,40,62,75,1,2,23,25,22,49,60
47,44,42,T,47,50,60,36,34,32,32,41,45,54
1,25,33,49,60,61,81,0,12,18,30,42,47,67
48,41,47,47,49,48,42,42,36,39,35,37,35,28
104,117,116,80,98,82,112,96,111,107,68,91,68,102
21,24,34,24,33,26,38,0,0,7,9,15,0,14
57,-6,46,50,50,52,43,48,49,38,45,44,46,37
10,5,13,-8,8,15,19,0,0,0,0,0,0,0
70,69,70.75,70,51,52,48,65,62,60,61,51,,48
13,12,-8,7,-8,-1,13,0,0,0,0,0,0,0
65,66,67,78,65,75,76,56,52,58,69,53,62,64
84,70,76,63,51,59,54,75,66,69,58,42,50,51
110,104,103,104,94,98,90,100,91,L,95,80,89,80
18,31,30,48,45,53,66,1,12,11,31,27,,52
25,37,26,32,P,27,34,10,12,0,12,2,2,5
40,39,30,23,25,36,33,15,19,8,0,3,17,11
-5,15,19,7,20,-7,18,0,0,4,0,0,0,0
19,35,T,40,52,56,85,1,21,19,21,38,39,73
57,52,47,44,54,48,58,46,38,37,38,43,41,47
102,97,99,109,93,80,107,95,85,85,97,81,68,93
60,56,40,60,42,57,55,55,51,30,49,36,51,50
40,30,32,35,35,32,35,22,14,5,11,6,9,15
22,20,20,40,64,51,69,9,2,3,25,48,33,56
14,14,9,3,-6,3,-4,0,0,0,0,0,0,0
6,32,27,30,61,59,74,0,17,17,19,S,44,59
119,87,93,,101,96,100,112,75,87,84,89,86,91
65,65,61,75,72,63,79,54,57,52,65,65,50,66
39,28,21,28,122,M,39,13,13,0,0,4,9,21
46,60,-1,43,50,41,40,41,47,41,38,,31,29
33,27,28,37,21,26,31,16,10,2,9,0,0,6
0,7,-8,139,13,8,18,0,0,0,0,0,0,0
20,17,22,42,56,74,O,C,3,10,32,41,62,48
-2,1,2,3,13,8,-8,0,0,0,0,0,0,0
24,28,21,38,58,125,70,14,16,3,20,48,57,54
76,76.24,75,65,,76,68,68,59,67,53,57,71,57
42,60,59,46,48,47,59,30,52,49,37,43,34,51
73,71,76,77,64,77,68,62,61,66,71,53,70,54
-8,-1,20,-2,-2,10,17,0,0,0,0,0,0,0
76,80,64,60,-1,72,66,63,70,54,51,68,61,59
80,71,74,79,65,72,68,,57,64,69,58,61,62
63,74,65,68,62,60,75,53,63,54,62,50,47,69
63,76,78,72,69,62,79,55,65,64,,58,56,74
5,30,26,44,45,61,74,0,17,9,67.92,28,50,59
23,19,31,33,47,55,65,11,4,19,17,35,44,51
101,117,98,86,92,143,110,94,110,93,78,80,93,96
59,43,46,60,51,54,54,80.76,30,40,50,37,42,47
4,12,40,46,42,75,83,0,0,24,36,30,64,72
38,34,38,26,23,32,28,13,10,14,X,0,C,8
95,87,82,92.29,95,90,99,83,81,71,103,83,78,87
67,63,67,74,61,80,76,55,51,62,63,56,69,68
20,30,29,30,65,71,85,7,18,17,18,51,58,69
87,93,104,97,97,94,116,73,80,91,85,85,87,110
110,110,82,112,105,91,103,99,101,70,103,97,,98
55,40,59,57,56,47,40,46,26,48,51,45,33,35
-1,9,-5,3,11,1,20,0,0,0,0,0,0,0
0,-7,12,-9,15,1,6,0,0,0,0,0,0,0
100,120,101,92,113,92,99,88,,89,85,107,80,86
44,46,45,43,57,45,52,33,37,37,30,44,36,42
102,86,118,89,144,88,96,92,75,112,79,78,81,83
15,29,25,45,60,67,83,3,12,7,26,46,50,66
82,79,67,58,58,49,56,82,70,63,56,55,43,49
,50,48,53,-4,53,53,50,43,41,46,38,40,
-5,-10,9,-7,9,10,2,0,0,0,0,0,0,0
72,81,65,59,52,47,60,69,78,64,58,43,44,51
44,59,55,46,57,40,52,32,50,49,35,47,30,45
62,71,70,80,64,75,78,57,57,61,75,56,68,68
25,32,24,31,29,21,38,9,6,1,14,14,1,9
118,108,91,112,95,119,81,112,101,84,99,87,110,72
23,33,21,20,27,24,21,0,14,0,1,1,5,0
28,25,39,31,40,26,33,0,9,11,3,14,5,7
8,5,-6,3,13,17,1,0,0,0,0,0,0,0
71,70,79,69,58,50,,66,62,74,64,51,47,37
10,29,34,33,57,59,85,0,18,22,20,43,46,69
106,83,80,110,101,84,93,100,74,67,102,91,76,86
-3,63,77,77,69,71,79,57,58,66,64,60,63,70
65,79,78,60,60,80,67,51,66,71,52,49,67,60
90,71,75,74,68,46,44,84,71,68,70,61,45,36
80,63,74,60,62,79,65,73,58,62,47,48,67,53
80,61,62,63,63,63,72,73,53,53,51,53,54,61
78,76,68,68,59,46,47,69,76,62,62,51,41,40
71,84,67,69,69,61,59,69,77,13.97,68,62,56,59
24,25,32,22,27,37,31,7,0,11,7,3,13,7
19,-3,19,7,16,15,4,13.34,0,0,0,0,0,0
89,117,84,82,81,112,91,77,104,78,71,74,102,77
32,126,39,37,38,25,23,11,22,23,21,11,5,0
107,86,84,80,105,102,120,100,76,75,71,93,94,109
39,33,23,32,132,25,34,19,12,6,6,8,0,17
62,F,66,73,79,73,70,50,61,61,66,65,63,60
101,93,84,104,104,98,105,88,85,79,94,98,85,93
59,50,49,57,45,47,41,45,42,37,49,40,35,27
22,25,33,30,22,37,40,5,0,18,10,4,13,20
38,29,38,26,40,33,26,10,0,12,1,18,9,4
106,97,85,99,85,80,104,97,89,77,85,72,72,92
54,52,57,57,51,45,59,47,42,51,46,42,36,49
13,-1,6,-7,-6,4,R,0,0,0,0,0,L,0
19,33,41,30,58,51,73,1,16,26,12,47,36,
106,87,84,92,98,85,116,93,82,75,84,91,78,108
89,68,R,70,62,53,46,89,63,66,62,58,45,46
74,74,80,73,61,79,65,66,64,75,65,55,67,55
9,22,43,46,61,74,81,0,5,25,28,50,63,71
41,56,49,48,46,50,W,34,45,40,40,41,37,32
L,31,40,147,62,61,67,9,18,28,15,50,45,51
47,49,43,49,50,43,46,39,41,31,42,43,30,40
29,31,23,24,21,30,39,5,,0,8,0,11,22
77,63,77,64,141,61,66,67,52,72,59,69,51,56
19,13,22,40,65,53,78,9,0,6,26,54,36,66
42,48,43,55,60,40,42,29,40,38,44,53,29,34
80,73,65,65,62,58,48,73,64,56,64,59,52,40
150,35,21,50,50,55,81,8,21,10,37,39,42,64
17,30,28,47,54,74,76,7,11,14,35,35,55,61
66,64,65,0,73,68,62,53,51,57,69,59,57,54
78,75,69,67,73,68,69,73,61,61,59,63,63,59
64,78,74,74,69,68,61,52,66,68,63,59,57,53
6,32,44,39,62,61,74,0,14,32,26,43,42,56
55,43,58,49,60,57,57,43,30,45,39,49,47,43
44,42,60,60,127,50,42,31,28,51,52,31,40,30
50,44,43,49,42,47,57,43,37,38,35,37,39,51
9,-7,0,-4,19,-5,-8,0,0,0,0,0,0,0
24,25,25,32,42,67,63,9,10,11,15,29,56,46
28,38,22,29,23,S,32,9,15,5,10,1,13,6
10,-2,-7,10,-3,17,-10,0,0,0,0,0,0,0
62,74,65,61,78,80,74,49,68,51,49,67,68,60
104,98,96,89,102,89,97,92,91,85,79,88,,89
31,32,38,29,22,38,24,2,10,21,6,0,23,0
95,102,120,104,85,95,81,85,,110,93,71,89,71
66,67,63,62,60,63,77,54,60,51,52,52,50,67
23,0,22,,20,27,30,0,6,0,3,1,9,7
7,13,5,15,-7,9,-6,0,0,0,0,0,0,0
86,103,104,84,-9,118,84,78,90,91,76,87,111,72
-6,0,-2,-5,20,12,17,0,0,0,0,0,0,1
88,83,72,64,89.34,62,99.69,82,74,64,58,57,61,37
13,30,22,42,56,52,78,0,12,5,25,40,37,61
69,63,62,78,70,65,68,61,55,56,71,63,57,55
33,36,28,26,29,29,29,8,7,6,0,5,12,13
71,83,74,56,66,60,55,70,81,71,52,60,57,50
-3,18,-7,124,8,0,1,0,0,0,0,0,0,0
23,38,28,29,39,39,20,5,15,2,8,21,16,0
28,24,31,35,33,22,31,9,4,11,17,12,5,14
13,31,23,34,53,52,61,0,16,9,20,36,41,46
90,82,76,64,70,54,55,83,77,74,62,62,47,49
78,72,70,60,54,64,53,72,65,61,51,53,64,48
77,71,66,62,61,67,76,72,61,60,54,56,55,70
0,1,-6,-3,7,-7,14,0,0,0,0,0,0,0
102,86,80,110,120,95,97,88,79,,98,108,82,91
30,37,27,30,27,38,27,7,14,6,14,0,16,11
14,30,42,37,52,74,-4,0,13,28,24,71.73,63,58
57,50,43,52,47,49,49,46,41,36,38,33,36,39
3,,5,7,9,139,73.96,0,0,0,0,0,0,0
-5,-6,3,-1,12,11,18,0,0,0,0,0,0,0
-8,-4,13,-8,8,1,2,0,0,0,0,0,0,0
79,73,63,66,77,70,60,71,68,54,60,71,64,54
13,11,33,37,44,66,77,0,1,22,27,26,56,58
-1,6,13,9,2,18,14,0,0,0,0,0,0,0
9,-9,10,19,-9,7,1,0,0,0,0,0,0,0
105,110,96,102,113,93,88,93,104,88,88,101,84,80
78,69,71,73,63,69,69,66,58,60,61,51,61,58
0,16,6,-3,-1,14,13,0,0,0,0,0,,0
25,10,40,32,48,69,85,12,0,26,15,34,50,69
31,24,38,32,29,T,23,12,0,21,13,3,14,6
4,31,31,46,56,61,63,0,20,21,27,41,48,45
0,0,14,-9,19,-8,-10,0,0,0,0,0,0,0
0,11,35,52,46,66,71,0,0,24,38,29,56,61
24,19,44,30,45,53,82,6,0,25,19,,34,68
6,11,20,17,14,-1,13,0,0,0,0,0,0,0
6,0,17,3,-10,-3,18,0,0,0,0,0,0,0
-6,-9,-6,-7,17,5,-6,0,0,,0,0,0,0
8,8,-3,-5,18,6,20,0,0,0,0,0,0,0
11,9,2,-5,8,17,8,0,0,0,0,0,0,0
27,30,31,34,26,21,,9,4,7,12,9,0,9
,3,-7,20,-2,1,13,0,0,0,0,0,0,0
73,66,78,70,62,59,41,69,62,70,62,57,51,39
5,26,28,54,55,64,70,0,13,12,38,,54,57
4,23,41,31,50,57,69,0,13,23,19,31,45,53
85,120,109,106,106,103,106,78,107,96,101,98,95,94
33,37,33,33,33,25,26,8,9,17,8,18,0,4
22,40,37,40,32,25,38,7,19,10,12,10,2,16
16,20,20,-3,6,4,-8,0,1,0,0,0,0,0
50,-10,44,40,52,48,56,39,38,37,35,42,40,51
41,42,43,56,55,48,52,28,29,37,42,47,38,45
22,22,40,34,36,31,34,0,0,14,5,13,12,9
13,14,19,6,12,8,7,0,0,0,0,0,0,0
97.56,95,98,107,89,96,104,94,87,85,97,84,82,97
48,51,53,55,50,52,58,43,43,,50,44,45,52
120,99,113,82,99,112,90,112,90,108,71,93,98,78
76,60,60,70,67,F,78,66,48,49,59,62,64,64
13,-4,2,16,,11,-4,0,0,0,0,0,0,0
91,87,101,97,117,100,97,78,73,94,92,104,92,92
92,85,102,110,96,114,84,83,73,92,98,85,109,77
19,26,27,32,60,55,78,0,7,14,20,41,44,62
84,93.84,74,62,67,65,56,81,67,68,23.38,60,59,48
6,18,-8,13,3,-9,-2,0,3,0,0,0,0,0
64,131,73,64,79,75,69,51,59,61,58,69,67,57
24.73,116,99,94,81,113,118,113,104,90,82,69,104,108
30,31,35,-6,32,38,21,10,6,11,8,12,12,0
45,43,44,50,50,46,55,36,38,37,41,42,41,46
60,78,66,78,73,67,67,48,73,61,72,62,62,55
77,77,63,71,78,60,76,72,67,49,65,72,52,64
5,-8,3,0,4,-6,50.17,0,0,0,0,0,0,0
41,40,57,52,47,49,60,35,27,46,39,34,39,49
32,25,33,33,31,27,39,12,0,17,5,7,10,16
85,86,104,108,103,84,116,79,80,93,O,98,70,103
75,76,78,62,57,54,53,73,68,70,O,49,48,47
84,76,79,O,52,55,58,78,73,75,60,45,49,56
79,62,79,76,73,65,75,Q,52,69,62,68,56,62
70,65,76,61,60,72,65,30.69,,70,55,46,60,56
28,29,29,25,36,,32,13,4,4,5,11,20,7
71,75,74,69,66,O,52,65,71,71,61,66,47,48
14,15,24,52,56,53,85,0,2,5,40,38,,75
95,103,86,112,99,101,102,84,97,81,103,86,88,93
20,22,37,36,29,27,39,0,1,10,21,0,1,11
63,,65,61,70,66,75,58,66,56,47,63,56,68
18,12,-7,-9,12,7,-9,0,0,0,0,0,0,0
21,39,26,22,21,22,33,0,15,0,2,0,2,4
6,18,27,54,65,59,81,0,6,12,40,47,43,66
36,34,32,39,29,20,32,18,11,5,12,13,0,50.08
77,83,70,61,50,53,41,70,80,64,61,46,52,39
78,67,62,73,79,62,74,72,58,56,68,68,48,67
12,17,3,1,19,19,18,0,0,0,0,0,0,0
51,49,-8,51,47,56,52,40,38,35,37,36,48,39
89,70,69,64,,50,42,85,68,64,59,55,47,34
85,65,78,65,70,63,53,85,58,72,61,,59,48
100,95,98,115,115,117,87,88,83,90,104,102,112,77
72,69,77,55,68,63,57,63,62,74,48,67,56,52
63,68,66,64,-7,62,74,52,59,58,57,67,56,63
1,25,41,33,54,72,,0,9,27,15,37,59,71
7,7,6,-1,8,150,-10,N,0,0,0,0,0,0
10,22,22,30,60,67,63,0,60.69,9,14,49,49,53
78,80,72,71,56,61,59,69,80,69,69,56,58,54
115,94,120,95,102,109,83,103,87,115,84,92,96,75
93,112,97,91,101,109,107,85,75.17,91,86,92,98,101
56,97.18,140,60,50,X,60,49,47,51,49,41,40,51
22,26,21,35.2,28,22,30,1,9,0,4,10,1,2
43,59,47,47,53,55,55,37,54,38,34,44,45,47
2,9,4,5,-3,-7,10,0,0,0,0,0,0,0
22,,26,,33,28,22,3,0,7,2,16,0,0
L,91,-2,98,84,111,98,89,82,76,89,79,100,87
112,88,81,91,96,106,108,100,81,69,82,91,100,101
84,81,105,117,86,80,93,78,71,100,108,80,75,84
7,10,45,32,51,51,61,0,0,26,20,40,34,43
41,52,,46,60,60,50,35,43,34,34,52,49,36
67,63,78,72,79,67,74,56,57,66,67,71,56,67
37,24,36,,35,28,25,16,9,13,4,16,12,0
11,20,41,45,59,67,69,0,2,28,27,42,56,58
76,71,80,71,60,61,44,69,64,79.59,69,54,60,35
87,69,76,58,52,,57,85,67,67,51,50,54,56
90,70,80,66,50,51,56,82,70,74,60,47,46,50
39,20,20,39,31,37,35,17,0,0,13,5,18,9
41,44,46,60,55,48,,31,36,41,53,44,38,49
88,98,116,93,87,91,115,78,93,105,83,79,83,101
31,35,36,24,28,23,39,13,8,17,8,9,1,24
27,40,35,29,36,36,35,2,12,19,8,13,20,11
24.09,35.72,75,,55,63,56,80,66,70,60,51,61,50
26,21,20,33,21,34,40,0,1,5,17,0,5,24
82,70,79,75,67,58,60,74,70,77,68,64,51,54
43,46,48,53,57,55,58,37,40,36,43,45,45,52
116,94,119,111,82,80,,111,84,113,104,69,66,74
40,31,28,29,21,24,27,22,6,4,8,0,2,4
5,32,23,48,40,70,68,0,21,5,35,23,51,58
20,31,39,42,41,55,76,4,15,27,23,25,45,58
119,80,111,99,82,90,112,114,74,97,87,69,85,98
82,95,116,91,116,112,97,69,85,105,79,107,101,38.05
52,44,41,48,42,44,51,47,37,33,39,29,32,41
68,63,64,61,66,78,65,63,52,55,50,58,67,51
61,72,75,78,74,75,80,52,66,63,68,66,63,72
78,62,76,80,71,61,76,67,49,66,75,65,51,70
21,24,29,33,55,67,77,4,7,15,15,45,48,64
32,25,28,22,38,30,23,4,15.9,8,0,22,4,4
18,10,17,5,-4,13,-6,0,0,1,0,0,N,0
14,13,21,49,57,51,69,0,0,7,31,44,40,54
-1,11,-1,126,1,-8,-4,0,0,0,2,0,0,0
8,22,23,46,63,66,60,0,9,4,35,46,49,44
-10,19,18,-5,16,13,9,0,0,0,0,0,0,0
22,20,33,30,36,35,37,0,0,18,15,20,6,17
84,110,95,101,85,-6,105,72,100,89,87,80,110,99
8,34,22,31,47,58,64,0,16,8,20,29,40,48
32,26,26,31,38,37,25,16,1,56.17,9,14,17,10
61,64,71,70,79,65,I,50,55,59,65,69,53,67
24,36,40,21,35,20,26,0,13,,0,17,5,5
71,71,71,63,57,55,,64,69,64,61,49,51,43
60,55,58,49,49,G,56,55,45,50,41,43,51,45
6,6,-6,1,-9,20,20,0,12.92,0,0,0,0,0
50,58,43,46,47,55,54,44,51,36,37,42,45,44
36,25,40,40,26,38,28,10,0,20,24,L,10,4
90,79,70,73,66,65,46,85,74,70,69,64,57,37
4,-5,19,13,1,1,-10,0,0,0,0,0,0,0
32,38,40,26,28,37,32,11,12,12,10,4,20,10
106,98,85,84,107,133,82,99,85,77,78,101,84,69
75,80,-10,68,66,65,64,61,69,73,59,57,60,53
8,15,8,127,-3,-9,11,0,0,0,2,0,0,0
20,10,39,43,59,71,61,8,0,26,26,44,60,45
69,72,130,76,68,66,74,63,64,67,71,61,59,65
75,78,71,67,68,64,66,62,69,60,53,59,57,52
,65,65,73,59,62,48,78,58,58,72,53,54,47
52,51,51,47,60,52,59,43,43,46,40,46,46,53
86,-1,61,58,59,65,40,79,57,53,55,58,57,36
15,23,38,33,53,52,74,0,8,28,17,40,34,56
84,83,71,62,61,50,54,75,81,70,53,55,44,45
60,53,53,54,57,57,50,52,39,46,47,45,44,36
8,28,37,32,54,74,75,0,17,26,14,36,58,56
16,4,12,18,8,-5,16,0,0,0,3,0,0,0
23,23,28,44,57,55,80,8,10,11,27,44,42,61
9,5,11,9,5,12,1,0,0,0,0,0,0,0
3,3,-2,-4,1,-7,12,0,22.94,0,0,0,0,0
98,118,99,90,83,82,92,91,113,85,82,69,74,82
98,110,110,84,,115,145,91,102,105,74,71,105,88
30,34,30,30,36,37,31,14,8,10,10,15,16,13
45,46,54,45,53,44,44,35,35,45,35,40,38,33
105,94,83,107,114,84,109,97,82,72,95,105,77,96
54,52,59,43,41,57,60,45,41,45,33,27,51,54
45,41,58,47,45,50,49,39,34,46,35,31,43,42
50,47,41,48,62.17,57,42,41,38,31,37,45,52,33
73,83,76,73,64,47,45,67,77,74,66,56,47,42
45,47,55,54,48,60,45,33,K,49,45.22,34,50,31
102,88,102,113,94,104,89,96,79,88,105,85,96,83
7,10,22,31,B,56,69,0,0,8,15,31,43,54
30,35,33,30,29,37,23,14,16,15,10,9,14,3
65,63,70,68,77,79,78,55,49,57,61,71,65,68
80,81,75,67,67,64,48,72,80,73,61,65,57,48
20,40,32,28,34,25,20,2,12,17,5,6,1,0
30,28,38,20,22,25,30.07,10,11,20,0,7,1,7
20,29,35,43,59,70,66,1,15,24,29,40,54,49
13,12,43,38,57,56,77,0,0,25,19,45,41,61
8,33,24,55,43,74,60,0,23,13,42,26,64,49
7,14,5,5,7,16,-6,0,0,0,0,0,0,36.23
57,41,58,56,45,58,40,49,35,52,50,31,50,33
112,113,101,119,106,115,103,99,,89,112,99,104,97
32,32,31,32,36,31,34,14,8,5,16,16,6,6
9,12,42,36,44,56,85,0,0,30,21,34,44,75
73,73,69,60,55,57,54,64,65,63,54,49,55,54
32,40,31,24,38,23,33,13,13,12,0,21,0,10
2,14,33,41,61,73,85,0,0,21,31,44,61,66
46,60,57,52,45,58,49,37,53,51,39,40,52,42
11,22,22,45,48,70,79,1,12,7,34,31,55,61
25,33,28,27,32,24,31,0,9,L,3,17,6,5
14,16,16,11,-7,44.07,4,0,0,0,0,0,0,0
107,89,,107,89,-3,117,96,78,111,98,77,109,105
113,96,108,97,97,107,91,105,89,97,92,88,93,83
24,24,22,20,21,30,31,0,4,2,5,0,Z,12
-10,4,3,-3,-5,-4,-6,0,0,0,0,0,0,0
-1,3,18,17,14,9,-7,0,0,0,0,0,0,0
67,62,73,66,72,74,60,62,51,62,60,64,63,51
85,85,60,62,63,63,46,84,76,55,53,56,63,46
49,48,50,52,40,46,55,42,40,43,43,32,32,48
-3,0,6,0,17,6,13,0,0,0,0,0,0,0
29,25,37,22,26,36,25,13,0,13,0,11,20,0
18,-1,13,10,-5,-3,11,3,0,0,0,0,0,0
44,54,46,40,42,51,41,31,40,36,34,37,38,35
25,40,29,21,28,21,23,1,20,7,0,6,0,4
76,74,77,60,67,62,78,65,62,71,55,57,54,70
66,73,79,67,70,75,67,57,61,70,59,64,70,61
44,56,44,47,44,58,42,32,42,31,34,31,51,35
24,23,36,33,21,40,29,7,7,10,9,0,11,13
5,18,-3,-1,10,0,1,0,3,0,0,0,0,0
19,14,29,41,46,59,84,5,0,14,28,32,43,71
-5,2,13,-8,6,-4,14,0,0,0,0,0,0,0
87,102,89,99,119,99,118,80,93,84,89,114,92,110
45,,44,41,55,127,40,38,38,31,32,43,46,33
23,19,43,53,41,74,84,7,6,29,41,31,60,69
108,87,88,98,98,91,110,102,75,77,91,91,78,99
27,31,20,28,134,27,V,7,10,0,10,8,8,0
49,47,54,55,43,51,57,40,39,41,50,29,44,43
110,98,85,85,89,114,118,97,86,79,76,83,108,108
51,48,50,47,57,52,52,43,40,36,42,48,44,39
73,62,66,77,69,60,74,,56,52,72,60,52,60
25,22,25,F,55,54,66,14,12,14,40,43,42,52
40,44,51,59,53,52,47,33,33,38,50,48,40,33
15,17,34,49,54,63,66,5,0,19,33,36,47,49
-3,-2,-10,0,20,-2,-8,0,0,0,0,0,0,0
88,75,80,58,61,47,54,81,71,79,57,59,46,49
90,75,77,73,61,52,42,81,67,76,64,60,51,40
20,13,43,54,51,57,82,1,0,24,43,41,44,66
66,70,64,73,66,78,75,53,65,56,62,54,66,61
-2,13,6,13,45.56,-6,-10,0,0,0,Z,0,0,0
83,71,72,71,63,54,58,78,67,65,66,62,51,49
85,94,87,94,91,116,114,71,86,76,83,80,106,100
52,55,51,40,51,53,49,41,49,41,30,37,48,43
32,32,24,38,38,28,21,16,4,0,13,19,2,0
18,7,-7,11,7,-1,7,0,0,0,0,0,0,0
33,28,38,28,27,29,20,13,6,23,10,8,8,0
30,29,22,32,33,20,29,1,6,0,4,5,0,6
87,-9,68,62,58,48,43,79,70,64,62,52,40,35
19,17,40,33,64,59,65,2,5,25,18,46,41,55
19,-4,16,2,20,-4,12,0,0,0,0,0,0,0
20,23,37,53,60,51,77,8,9,18,37,43,41,62
42,58,43,40,48,55,57,32,52,29,35,39,42,48
70,73,67,71,50,55,55,70,65,59,69,47,,47
74,61,64,66,62,61,67,63,56,55,57,56,53,56
4,9,10,5,-5,61.05,-1,0,0,0,0,0,Z,0
27.63,106,105,101,101,113,127,84,94,W,91,93,106,76
18,19,33,41,41,61,78,5,2,23,27,29,43,63
67,70,77,71,78,62,71,55,60,A,57,72,49,57
40,41,48,45,41,60,56,26,32,40,33,31,50,50
18,22,28,32,49,55,77,1,,10,19,32,40,65
56,59,57,55,47,45,56,42,51,43,41,38,38,48
33,20,32,24,31,29,27,10,4,6,0,14,13,11
74.71,73,71,75,74,71,72,71,67,,64,69,62,64
88,78,69,58,59,58,48,85,69,61,58,52,51,39
6,12,24,33,61,54,79,0,0,9,17,43,37,69
N,-8,17,-8,11,18,12,0,0,0,0,0,0,0
81,85,77,60,58,65,59,77,83,76,56,42.33,60,55
42,59,42,52,60,46,52,32,45,37,38,46,33,39
80,78,64,76,71,80,79,74,69,53,68,64,72,66
5,15,20,36,43,63,61,0,5,10,21,28,46,45
75,69,79,68,62,59,52,73,62,73,65,60,57,49
23,37,N,27,21,22,24,6,8,3,12,0,1,8
8,13,29,55,56,62,63,0,3,12,42,40,48,52
85,117,91,85,93,97,107,71,103,80,78,V,86,95
20,32,29,36,20,37,36,0,15,1,21,0,13,13
69,64,77,80,67,65,76,61,55,69,68,62,51,64
79,71,67,73,71,70,69,70,64,57,61,58,64,63
73,77,78,65,67,74,65,60,71,66,56,53,60,57
89,82,89,103,88,99,90,82,69,83,92,79,94,84
0,30,45,48,45,65,64,0,19,29,38,30,49,52
41,47,50,43,40,46,M,27,36,45,33,31,41,34
31,39,28,,21,30,,15,20,0,3,0,7,0
63,63,70,65,76,76,75,56,54,64,58,67,69,68
70,73,80,62,70,64,53,61,69,75,59,63,57,52
85,75,60,56,58,52,60,79,67,54,54,49,51,56
20,23,29,33,61,71,72,7,7,11,,47,61,56
106,116,96,95,66.66,115,113,93,,84,82,103,101,105
64,136,67,66,78,80,60,51,51,61,55,73,75,55
76,69,75,61,59,48,41,76,60,69,52,57,43,39
31,38,26,35,35,23,35,13,23,4,12,7,6,15
-5,16,8,6,14,5,1,0,0,0,0,0,0,0
81,66,61,70,65,57,48,77,61,57,70,62,48,46
47,46,54,51,46,50,45,36,35,72.33,40,41,41,38
46,41,70.86,48,42,57,53,38,34,34,34,32,44,47
59,48,49,48,16.2,60,56,49,39,35,37,47,55,49
105,81,104,98,101,103,114,92,75,94,91,91,93,107
78,78,75,74,67,73,70,73,67,63,67,59,61,61
32,24,35,39,30,25,36,10,0,18,21,12,0,12
15,34,42,52,41,52,60,0,18,30,33,22,35,42
89,80,79,58,53,45,47,87,78,78,52,50,41,40
42,60,57,43,54,44,50,30,52,52,36,49,32,39
46,58,60,43,43,46,49,35,51,53,37,38,34,39
70,67,77,65,68,75,63,63,59,66,58,56,69,50
113,97,102,100,86,103,94,104,89,89,86,73,92,86
83,71,60,56,50,54,60,82,70,52,47,48,48,53
12,22,25,46,60,74,67,1,10,9,35,42,56,51
38,32,39,34,37,21,22,15,16,11,7,8,0,0
11,20,40,47,55,75,71,0,9,23,37,43,63,61
7,-4,6,19,-6,16,6,0,0,0,0,B,0,0
69,79,69,78,70,72,-2,55,74,58,70,63,60,49
15,18,38,34,53,,65,5,,27,24,36,52,50
8,12,34,33,41,65,66,0,0,U,15,23,50,54
74,84,68,60,67,57,46,73,82,61,58,58,49,
79,73,65,73,80,73,73,73,60,58,66,68,67,65
11,72.32,16,12,18,18,7,0,0,0,0,0,0,0
-3,-4,16,-4,2,20,2,0,0,0,0,0,0,0
25,20,32,31,41,60,65,15,9,19,21,27,49,52
43,60,59,46,46,46,47,30,46,50,36,41,38,
-5,0,0,-3,0,17,-8,0,0,0,0,0,0,0
58,45,58,54,45,48,60,51,39,51,45,31,34,50
102,87,94,101,114,113,116,89,81,86,88,104,100,110
22,29,128,30,29,37,37,6,14,4,2,11,19,20
89,116,102,93,107,100,118,76,111,88,82,98,90,112
70,64,64,72,70,80,76,56,51,56,64,58,68,68
60,55,43,49,53,42,40,52,48,33,40,47,31,33
46,50,45,46,45,51,42,34,43,50.42,41,35,46,31
17,8,17,-7,-5,6,16,0,0,0,0,0,0,1
71,77,63,68,79,61,64,61,64,49,63,74,49,59
30,27,39,27,20,37,40,9,6,17,0,1,20,11
22,33,20,53,,53,61,9,18,3,37,43,42,48
40,43,56,58,58,49,46,34,36,47,52,52,43,35
53,45,55,58,54,54,59,40,32,42,53,41,44,49
73,66,65,79,75,72,72,68,53,53,69,67,67,62
70,66,78,75,73,69,75,61,57,70,69,59,62,66
103,86,95,102,85,119,105,93,80,86,89,71,105,98
83,77,130,64,64,60,54,83,77,73,55,56,55,49
103,97,108,87,98,150,118,98,89,96,75,87,95,
21,35,34,40,32,T,33,0,9,16,25,9,7,8
61,-2,77,80,74,70,73,52,51,71,69,68,64,61
75,61,73,68,78,76,74,68,47,68,63,69,65,63
1,34,121,46,48,67,66,0,24,21,36,30,51,50
63,60,63,73,75,71,63,56,53,56,60,70,64,51
118,98,118,93,104,89,90,108,89,110,79,96,78,78
23,34,44,43,64,50,67,9,21,55.43,25,54,39,49
16,34,33,44,65,70,79,4,18,17,34,52,59,60
37,24,35,21,20,21,20,22,6,10,O,2,1,0
-2,,77,60,67,65,56,73,70,75,52,59,56,51
38,22,30,37,32,36,38,14,0,13,22,13,18,18
0,32,29,32,43,54,72,0,14,18,15,30,38,60
48,59,46,52,58,47,51,34,47,38,44,45,36,39
11,30,41,39,57,56,73,0,20,24,28,41,38,54
91,97,94,102,,97,108,85,87,84,95,79,89,97
39,26,28,25,22,123,23,17,8,7,6,0,3,0
8,13,18,-5,11,14,-2,0,0,0,0,0,0,0
3,15,40,55,64.56,56,76,0,0,24,U,33,44,59
4,10,37,48,51,55,76,0,0,27,31,39,38,63
108,113,86,119,93,116,97,103,105,74,109,81,110,87
93,89,114,108,120,92,93,81,82,107,86.75,115,85,84
50,40,55,139,53,55,N,38,35,47,36,45,44,51
33,25,A,25,23,,30,6,6,,9,5,4,3
72,61,76,71,64,77,79,65,47,70,57,52,64,94.87
40,41,45,58,53,42,59,29,31,,44,44,35,52
84,83,77,72,69,55,52,76,79,76,65,61,49,52
10,12,17,18,19,-4,18,B,0,0,0,2,0,0
51,53.66,56,43,48,43,45,37,47,44,32,35,35,34
49,41,43,44,44,43,52,39,28,36,32,32,33,41
65,71,70,77,66,71,80,56,61,60,64,52,65,68
-1,12,-6,7,-3,17,20,0,0,0,0,0,0,0
56,43,42,54,43,41,59,44,35,37,40,35,27,54
12,7,19,11,17,-5,20,0,0,0,0,F,0,5
14,21,27,-3,53,51,72,4,3,16,25,41,37,60
70,76,77,57,68,60,47,Y,67,68,50,66,51,47
104,109,80,95,84,83,100,90,97,66,83,76,72,88
16,18,12,10,-4,0,6,0,0,0,0,0,0,0
50,51,55,55,47,56,51,44,45,46,50,36,48,46
106,114,114,91,107,113,104,93,109,105,85,93,100,91
-10,14,1,-5,5,-7,-10,0,0,0,0,0,0,0
78,70,76,76,78,69,70,72,60,69,65,73,55,59
31,34,34,34,20,35,25,3,7,16,S,0,19,2
-8,-3,-8,18,6,-5,10,0,0,0,0,0,0,0
67,66,68,77,60,63,78,60,57,56,69,46,58,66
30,34,40,25,29,27,22,3,19,20,8,4,5,0
39,20,29,39,30,30,23,17,1,5,13,12,3,0
72,69,78,79,62,75,62,61,61,,70,55,64,49
60,73,75,68,63,70,75,51,66,63,58,57,60,69
21,34,35,53,51,66,79,7,18,17,37,35,56,67
11,-3,-3,-4,-2,6,13,0,0,0,0,0,0,0
40,54,52,41,43,53,48,32,,38,30,,42,41
91,93,102,88,114,105,86,80,88,93,74,105,97,80
71,71,62,63,51,61,40,71,67,58,62,49,54,35
44,43,42,49,41,45,43,35.51,38,35,,31,33,38
86,72,80,75,65,48,58,79,71,75,71,57,46,55
-4,20,-3,3,-9,12,-2,0,3,0,0,0,0,0
,72,78,75,72,70,60,70,66,65,68,58,60,50
108,103,80,94,114,116,112,96,98,74,89,102,110,107
80,109,86,117,99,89,95,70,100,77,103,91,76,88
23,22,32,36,53,58,62,12,5,18,21,38,40,43
19,13,44,43,42,56,74,9,2,32,31,25,37,63
77,80,73,65,59,55,60,77,75,73,62,57,49,60
23,10,,42,64,59,-9,7,0,24,26,53,49,62
49,44,,52,46,46,54,38,38,35,44,41,32,42
39,20,31,38,23,33,38,21,0,9,22,5,5,12
9,24,29,37,54,50,69,0,13,17,22,36,32,57
-8,-9,-8,-6,-10,12,-8,0,0,0,0,0,0,0
76,72,70,73,56,56,44,68,65,67,65,55,49,43
33,31,32,21,32,33,30,10,E,5,6,15,10,14
20,17,39,55,47,69,70,7,3,23,37,29,53,60
2,21,36,55,46,61,68,0,10,22,43,35,45,56
-4,-7,-6,,120,12,8,0,0,0,0,0,0,0
46,54,42,49,53,57,40,37,43,33,39,,46,34
19,4,,19,-4,7,-8,0,0,0,0,0,0,0
16,-7,1,6,12,-2,9,0,0,0,0,0,0,0
49,55,59,58,148,54,41,38,48,46,47,43,46,36
74,80,64,68,58,52,55,66,78,59,64,54,44,49
58,41,54,60,47,46,42,50,36,48,55,39,36,33
38,34,27,36,40,39,37,21,14,9,21,18,20,22
58,53,40,53,49,54,44,44,47,27,42,41,49,30
32,37,20,29,32,35,27,10,12,0,9,8,15,7
15,13,-1,6,6,19,-9,0,0,0,0,0,0,0
100,118,99,97,104,118,93,87,104,F,86,93,112,83
12,17,15,-10,0,-7,8,0,0,0,0,0,0,0
44,50,46,58,49,48,52,35,38,41,45,42,39,46
36,30,25,34,22,27,25,18,1,0,5,0,9,6
17,22,26,51,59,50,82,7,7,16,33,45,36,68
76,81,64,62,53,59,48,72,78,55,62,48,58,41
-8,19,-4,-9,19,-2,20,0,0,0,0,0,0,0
82,69,63,66,68,57,78.72,81,62,62,62,63,55,50
-6,15,16,12,-2,72.8,20,0,0,0,0,0,0,R
51,54,41,54,54,59,52,41,40,35,44,46,51,42
-5,3,8,-10,8,1,-4,0,0,0,0,0,0,0
-6,10,-7,-9,8,5,-7,0,36.1,0,0,0,0,0
149,54,53,49,58,43,54,43,42,43,42,46,37,42
49,40,59,46,60,49,31.91,41,35,48,36,55,35,28
8,-7,-10,11,2,2,7,0,0,0,0,0,0,0
0,26,33,46,40,66,74,0,7,14,31,26,48,59
37,33,23,34,29,35,36,14,15,3,8,0,6,10
49,54,44,50,56,54,,37,44,30,39,44,48,33
69,64,60,75,65,65,71,63,56,53,65,57,57,61
77,72,75,74,58,47,51,69,66,68,74,50,39,45
15,18,20,16,20,19,11,0,0,0,0,1,2,0
3,32,45,45,43,70,79,0,19,30,27,33,54,62
14,13,20,49,64,85.3,65,0,0,10,35,54,48,55
-2,-6,-6,-6,1,H,18,0,0,0,0,0,0,0
14,-5,128,8,-8,0,2,0,0,0,0,0,0,0
A,65,80,76,79,62,68,68,59,69,64,72,56,63
61,66,64,76,66,65,72,53,57,99.03,68,53,56,58
19,33,39,32,42,70,64,0,23,28,20,24,55,46
63,73,68,69,66,61,67,58,64,62,60,54,49,55
1,16,3,-8,15,9,9,0,0,0,0,0,0,0
38,40,30,32,22,21,40,11,22,7,11,2,0,25
28,40,38,38,30,J,22,8,24,16,14,10,15,6
40,29,25,34,36,33,31,23,9,1,15,8,5,16
73,82,141,59,54,47,55,67,78,74,53,46,39,54
6,-2,4,15,-5,-3,-4,0,0,0,0,0,0,0
47,41,S,52,45,56,58,33,36,41,46,39,44,50
71,77,76,68,62,64,40,62,73,67,62,58,57,39
76,78,76,64,79,70,68,68,65,70,51,67,59,56
34,32,34,24,28.73,37,26,16,5,19,3,6,12,8
-6,12,6,12,0,-2,H,42.71,0,0,0,0,0,0
50,48,59,57,56,53,58,40,37,54,46,42,25.82,48
-6,-3,0,20,15,-10,-9,0,0,0,0,0,0,0
79,76,69,71,63,68,66,71,65,61,62,57,60,53
64,76,67,61,73,64,75,55,63,60,53,66,52,61
75,83,72,62,58,62,45,72,83,70,55,53,59,40
23,18,,55,47,72,82,7,8,28,44,31,60,70
33,32,29,20,32,32,25,18,5,5,0,5,15,0
95,115,100,90,100,115,90,88,110,95,84,94,105,80
75,68,60,70,70,60,47,72,62,51,63,62,53,46
77,73,60,64,64,51,54,72,71,59,64,64,45,49
110,113,104,103,99,95,103,98,108,91,95,91,82,98
7,26,45,40,41,54,69,0,16,35,26,22,35,52
78,72,65,70,64,65,45,78,69,56,68,57,62,42
26,34,25,36,33,36,36,8,10,0,12,10,9,19
-5,3,14,16,-6,2,20,0,0,0,1,0,0,0
-6,70,73,65,70,54,44,79,62,69,58,66,49,38
33,21,32,39,23,36,27,6,0,16,17,0,13,4
75,80,79,63,70,63,41,75,76,78,57,70,55,37
14,34,24,51,55,68,68,0,23,8,39,45,55,53
65,63,75,V,77,71,73,59,57,67,49,69,64,64
39,24,39,22,38,30,36,19,0,13,2,9,36.01,8
9,20,43,42,47,61,85,0,9,31,31,30,49,66
25,24,37,25,37,26,20,0,0,11,5,14,2,5
80,83,71,57,55,55,54,80,79,71,53,52,49,46
17,20,3,-7,16,1,-2,1,0,0,O,0,0,0
50,46,59,56,52,44,49,37,41,50,50,40,32,36
83,82,106,89,109,81,118,70,70,94,78,98,74,112
72,76,80,66,62,75,60,59,66,75,53,52,61,46
45,57,59,44,49,46,46,,47,54,37,38,41,41
102,103,92,98,93,84,95,91,98,79,90,85,75,81
-10,7,-7,11,7,12,-8,0,0,0,0,0,0,0
58,44,51,44,44,44,42,53,34,43,35,38,34,32
8,13,-6,-1,9,1,13,0,0,0,0,0,0,0
67,74,79,77,66,60,71,Y,63,69,66,52,51,62
17,-3,7,3,13,20,-2,0,0,0,0,0,0,0
43,42,58,60,58,44,57,32,33,45,48,44,32,44
1,18,33,38,53,60,65,0,3,21,23,42,41,52
26,39,21,30,28,38,28,0,13,1,14,11,22,6
32,21,21,34,31,36,32,10,0,0,10,9,16,3
30,27,25,143,38,20,27,3,0,0,8,11,1,2
25,24,28,35,62,75,71,14,6,17,20,43,61,55
35,68.87,26,38,31,39,26,10,2,3,18,10,21,3
84,81,62,65,54,50,48,76,72,54,61,54,45,48
13,-5,9,-8,-7,-5,12,0,0,0,0,0,0,0
56,60,44,57,49,X,53,47,55,48.22,51,36,47,43
98,89,80,86,87,97,114,93,78,69,80,73,86,109
117,88,96,97,102,120,94,105,74,88,86,94,113,85
118,119,92,110,120,102,120,106,108,83,96,107,91,114
74,73,75,67,58,49,45,69,72,74,66,51,42,37
40,42,47,41,52,47,49,30,35,40,32,41,35,39
18,-6,6,-1,10,0,-6,2,0,0,0,0,0,0
G,14,-4,8,3,19,-2,0,0,0,0,0,0,0
20,-9,16,-4,2,19,-6,0,0,0,0,0,2,0
37,25,34,33,21,22,25,10,8,15,7,2,0,8
20,13,44,33,40,70,71,7,0,27,21,25,52,52
20,28,26,39,57,53,79,2,12,10,23,40,42,65
90,106,80,90,103,98,105,78,99,70,83,96,84,97
70,78,73,64,54,55,47,61,70,65,63,49,50,40
31,39,28,31,34,23,33,12,17,0,15,16,4,13
18,-8,-10,-5,-7,-3,19,0,0,0,0,0,0,3
18,-9,1,0,3,5,11,0,0,0,0,0,0,0
21,16,24,30,61,59,79,8,2,5,11,42,47,69
34,40,28,30,36,27,25,10,16,,15,19,0,0
33,28,20,-6,26,28,32,15,11,5,10,6,0,5
99,104,94,95,93,108,38.53,89,93,83,82,84,97,114
74,67,63,78,69,61,78,63,55,53,72,60,51,73
50,57,53,47,58,48,60,43,50,45,37,45,41,46
74,80,71,65,70,61,60,64,71,62,54,64,48,54
75,60,63,64,79,65,64,70.29,51,49,53,74,57,53
66,J,61,71,65,74,73,54,59,52,66,57,67,66
24,24,38,44,58,54,85,8,5,21,30,41,43,72
76,68,68,79,60,77,80,63,80.46,56,69,47,66,67
38,20,29,39,31,29,28,17,4,3,20,12,13,12
24,29,38,53,61,29.06,85,8,16,22,42,44,44,71
64,62,69,62,60,72,78,57,56,61,,46,60,69
41,53,44,55,56,53,51,34,V,37,41,42,40,46
-7,86,90,110,97,113,99,67,73,21.35,15.24,86,107,85
8,33,44,33,43,70,79,0,23,28,23,27,52,63
54,44,54,50,45,57,45,48,35,49,39,37,49,Z
39,32,27,34,32,33,27,10,16,12,9,11,4,3
89,120,95,94,114,94,105,16.17,111,,86,108,45.93,93
1,1,16,8,-9,1,-6,0,0,0,0,0,0,0
97,95,107,106,95,101,85,83,85,95,95,89,90,72
18,22,42,32,54,61,78,0,12,25,13,42,43,64
-1,-10,-3,17,20,-5,13,0,0,0,0,0,0,0
91,85,88,112,95,120,116,77,76,75,C,84,114,105
56,50,57,56,45,49,51,49,36,52,49,33,36,38
40,27,24,23,20,24,24,21,3,5,1,0,0,0
16,16,29,45,53,54,71,3,3,16,35,36,36,56
20,23,37,22,33,32,39,0,6,21,7,4,6,16
-1,20,6,10,-8,19,19,0,0,0,0,0,3,2
3,14,28,45,51,69,70,0,1,15,29,41,58,54
1,33,37,37,42,59,80,0,18,23,21,29,46,67
53,47,59,43,53,57,49,39,39,54,38,42,51,41
102,92,105,87,104,87,80,92,80,95,76,93,82,67
70,76,63,62,66,59,47,61,73,61,60,63,58,45
85,98,96,120,115,85,107,71,84,82,109,105,79,96
118,88,97,88,89,113,83,105,74,88,81,83,104,75
40,59,54,48,40,48,50,33,45,48,41,27,37,44
94,104,102,87,87,89,88,82,99,89,73,74,82,79
48,57,48,44,44,51,51,35,46,34,31,35,42,45
-4,-2,-8,6,19,3,-4,0,0,0,0,0,0,0
75,62,60,72,60,147,62,70,48,47,67,48,57,55
28.74,54,56,53,46,49,43,,49,49,42,32,38,35
33,21,34,34,20,31,28,18,1,15,7,0,10,3
57,57,51,57,42,55,43,,46,40,43,32,48,36
28,38,25,,31,134,33,11,11,0,17,9,16,17
120,106,89,118,114,108,95,113,99,82,110,100,81.42,82
17,23,34,52,64,52,74,5,8,21,37,47,33,64
89,85,96,104,111,120,105,83,72,87,92,101,112,97
1,18,44,30,56,67,68,0,8,30,12,41,50,52
30.05,60,62,76,77,60,73,58,50,52,64,64,48,59
73,65,64,77,63,78,67,66,57,52,66,49,69,56
75,74,67,72,74,60,80,69,60,59,58,68,54,70
15,19,-5,9,15,10,7,0,1,0,0,0,0,0
20,32,27,33,35,29,22,0,17,0,6,11,2,0
13,3,18,1,2,-1,17,0,0,0,0,0,0,0
-5,10,-3,0,19,-1,9,0,0,0,0,4,0,0
69,67,76,61,80,73,75,64,61,R,50,74,68,M
83,103,103,85,107,95,82,73,91,96,72,93,85,69
119,81,115,91,111,101,82,108,73,107,86,100,90,77
27,,23,27,28,24,32,,7,8,2,9,4,3
89,102,94,80,81,107,99,76,95,85,72,73,97,90
19,32,22,51,49,74,76,6,15,9,35,36,62,64
63,62,73,80,73,78,71,50,60.89,59,73,64,72,60
80,92,117,94,109,114,83,66,83,105,85,95,103,69
79,69,72,56,65,56,46,75,63,70,52,59,18.03,39
79,83,63,63,64,49,46,76,81,60,R,59,43,43
29,28,24,21,35,31,22,9,12,4,0,15,2,0
45,56,48,-2,49,53,54,37,47,41,44,41,42,44
43,56,42,53,50,53,51,37,45,33,41,43,40,37
-6,-2,0,-3,-10,-7,13,0,0,0,0,0,0,0
10,12,3,7,14,18,16,0,0,0,0,0,3,0
81,85,69,71,59,59,43,74,79,60,63,52,55,36
-6,-9,14,3,12,-1,0,0,0,0,0,0,52.72,0
34,39,29,40,26,22,30,10,14,14,19,6,1,5
65,64,66,69,62,65,80,51,,54,55,54,54,71
54,58,56,46,50,56,51,46,53,46,41,40,48,45
20,34,24,35,30,22,36,2,14,8,16,1,5,7
52,47,43,50,56,42,56,46,39,37,40,42,33,43
12,23,23,44,48,61,83,0,11,8,25,31,49,73
13,14,17,20,8,1,17,0,0,0,2,0,0,0
24,22,23,39,29,34,29,4,2,0,21,6,8,2
78,77,69,64,80,73,67,68,72,57,53,73,68,B
11,19,39,42,57,63,62,1,5,28,28,38,50,43
0,23,24,55,59,57,79,0,5,13,44,49,44,62
15,-10,33,39,57,73,83,0,6,18,25,46,61,68
97,105,87,97,80,115,95,89,96,73,86,75,108,82
115,92,99,88,92,97,89,103,83,85,79,80,86,80
13,17,31,38,54,65,64,,4,15,20,36,51,49
-7,-10,19,19,-4,7,11,0,0,0,0,0,0,0
86,76,62,61,59,47,59,83,72,59,58,59,42,51
45,41,42,59,48,51,44,32,34,36,54,35,46,31
53,44,54,60,51,58,41,47,35,83.8,49,43,53,27
36,37,32,31,40,33,37,9,10,5,4,24,4,20
26,36,21,24,30,23,31,0,8,1,0,13,6,14
-2,17,-8,4,8,1,20,0,0,0,0,0,0,0
93,93,112,93,108,109,105,80,83,99,85,102,97,92
94,119,92,84,20.59,116,107,88,110,87,77,101,106,102
1,8,-6,-6,15,11,7,0,0,0,0,0,0,0
73,66,75,62,50,48,46,73,57,66,,49,47,46
3,11,17,12,4,0,-6,0,0,0,0,0,M,0
14,24,39,31,51,56,68,0,9,22,14,36,38,53
1,11,37,30,51,66,81,0,1,20,19,36,47,64
16,10,43,48,65,55,72,0,0,29,33,48,39,59
38,36,34,33,33,28,33,21,10,9,11,10,10,14
40,50,44,48,,52,50,28,39,32,36,36,G,41
78,63,79,80,71,71,67,66,49,69,66,57,58,61
52,54,45,52,133,46,59,40,46,35,44,49,33,46
116,95,96,89,85,119,81,104,89,84,76,73,111,76
21,29,40,39,29,25,29,0,6,19,15,10,4,2
20,30,27,32,54,51,73,2.02,17,9,13,41,37,60
40,45,40,57,40,40,43,28,34,32,46,26,31,29
-1,18,-1,16,0,19,11,0,0,0,0,0,0,0
71,83,68,55,64,65,,67,83,59,49,55,61,54
80,75,79,63,76,61,61,69,66,67,52,68,56,47
86,75,76,69,57,57,41,85,66,71,69,53,55,32
81,90,85,112,111,94,82,68,78,78,98,102,81,68
91,113,101,89,114,114,82,83,105,89,82,106,109,74
-7,-5,4,18,11,-8,2,0,0,0,0,0,0,0
30,32,25,39,40,28,26,8,3,0,22,6.92,0,6
29,25,35,33,30,27,24,10,4,15,18,,11,4
11,13,39,45,47,143,81,0,0,22,35,35,49,62
99,84,91,115,108,81,109,91,71,78,105,99,67,96
82,67,76,68,61,47,54,76,60,72,61,55,40,49
56,50,43,54,46,41,46,42,44,33,42,34,27,F
83,107,90,115,86,84,83,78,93,81,107,75,70,69
66,67,68,74,64,72,60,16.0,53,54,67,55,60,50
-10,-1,-4,-3,8,2,-8,0,0,0,0,0,0,0
58,50,48,47,56,53,40,49,42,38,36,47,45,32
97,95,87,120,110,109,-5,88,89,73,110,102,99,91
20,18,4,7,7,15,0,4,3,0,0,0,0,0
77,81,77,75,A,58,47,73,76,72,68,61,53,40
65,70,73,B,76,64,67,52,56,68,38.87,63,58,56
42,41,56,55,58,47,51,28,30,51,47,46,39,44
27,33,40,26,24,22,33,12,13,19,9,2,0,5
22,29,24,44,52,62,82,7,10,13,30,40,43,69
71,83,71,66,50,59,51,64,78,63,57,41,55,42
79,84,71,67,69,55,41,75,82,66,60,60,51,36
79,66,66,64,64,67,61,70,54,61,59,54,56,54
60,77,61,75,69,71,69,50,67,51,62,55,60,63
67,61,69,69,74,66,74,62,55,64,56,66,57,68
87,82,62,61,65,51,45,82,C,61,59,64,50,37
36,29,33,31,34,36,20,19,6,4,8,15,12,2
2,20,36,X,51,62,61,0,4,21,43,35,49,42
49,57,54,48,46,53,53,37,45,48,36,37,42,47
130,66,64,72,66,69,64,65,55,51,61,60,62,53
95,92,117,84,112,77.3,91,87,78,109,78,101,93,80
57,44,50,45,44,55,47,46,33,42,36,39,41,33
24,28,34,26,33,34,25,0,11,17,0,13,18,51.16
34,139,30,26,28,37,38,17,8,1,10,7,9,17
22,-2,37,34,40,51,62,7,17,24,21,22,40,45
75,73,62,63,64,63,55,67,73,56,56,62,58,49
22,21,30,23,23,28,30,0,0,14,6.69,0,9,7
1,13,35,49,51,52,82,0,1,17,35,35,42,63
23,25,29,32,40,57,80,,7,12,17,30,38,63
48,47,58,40,54,40,48,39,33,46,35,41,29,39
77,70,68,65,67,55,49,74,68,65,58,66,55,45
72,62,60,78,73,77,62,61,50,52,69,63,72,55
3,3,-5,1,8,4,7,0,0,0,0,0,0,0
103,95,95,108,80,102,84,96,90,86,96,67,90,77
76,75,80,80,80,72,66,67,69,67,69,70,59,57
36,33,P,32,36,21,29,7,18,0,11,8,0,3
53,53,56,128,50,52,50,42,48,48,30,39,38,36
-4,-1,17,17,5,2,15,0,0,0,2,0,0,0
51,42,47,56,48,48,42,38,28,34,47,42,43,33
74,81,76,73,66,47,47,73,79,73,64,60,38,40
61,70,62,75,61,71,62,53,65,56,65,54,59,57
79,85,64,57,57,47,52,78,78,62,53,57,39,43
77,67,66,65,62,59,-3,69,59,57,61,60,51,Z
10,3,17,20,-8,-5,-6,0,0,0,0,0,0,0
90,80,74,60,66,65,45,87,79,73,60,66,65,36
A,71,64,71,76,61,78,50,59,56,59,68,49,73
7.36,22,22,37,22,30,25,0,4,2,14,0,1,
44,56,55,42,53,41,54,36,42,44,28,47,30,47
-8,-1,14,17,0,-9,3,0,0,0,0,0,0,0
19.79,73,73,,71,73,80,63,59,66,54,57,67,74
18,34,26,33,48,54,84,8,23,9,18,34,35,69
70,76,80,66,69,65,74,61,63,69,60,55,56,62
47,40,59,53,56,43,41,36,35,50,42,50,37,34
59,56,50,47,42,53,43,47,44,40,,29,46,31
79,78,74,61,74,71,76,68,66,69,48,67,66,66
63,60,80,67,75,78,75,53,50,69,56,68,71,61
34,30,36,25,25,21,27,17,10,20,10,6,2,2
26,21,40,20,29,38,20,0,0,21,0,12,11,0
0,13,42,46,45,75,68,0,0,25,30,26,63,
35,36,28,38,34,36,36,12,9,12,14,19,21,20
107,116,111,109,,82,105,98,110,104,96,93,75,91
71,70,65,58,52,59,48,66,63,64,56,45,50,41
116,111,120,105,111,102,120,102,101,108,98,98,92,115
72,75,77,80,,62,63,66,62,66,69,57,54,52
72,75,61,68,69,60,46,70,74,37.79,63,65,54,37
98,81,112,98,101,89,103,88,68,104,92,93,77,90
76,75,66,61,54,56,53,74,73,57,57,47,48,46
71,66,67,68,62,65,49,63,60,67,65,61,60,40
116,104,90,111,103,102,91,106,94,80,105,97,94,86
52,,48,41,42,58,60,41,32,43,27,29,49,54
108,100,104,83,114,107,82,102,86,98,71,103,95,77
16,-6,4,-4,0,2,-4,1,0,0,,0,0,0
115,83,120,96,84,97,F,109,71,114,83,70,88,106
109,98,113,94,100,91,115,104,85,108,89,93,80,106
11,5,2,-10,13,12,0,0,0,0,0,0,0,0
96,105,110,107,92,102,107,87,91,100,93,87,94,99
110,108,84,99,91,106,98,105,103,75,94,77,101,85
16,18,70.73,6,-5,9,7,0,0,Z,0,0,0,0
44,60,50,47,57,51,40,37,50,45,40,48,46,32
25,23,26,37,35,37,26,0,0,7,22,16,17,0
80,63,63,80,67,-2,68,73,51,58,68,53,66,60
95,92,82,116,112,84,97,88,,73,111,99,77,86
75,72,60,70,50,48,53,71,71,51,65,43,41,49
1,10,24,47,41,72,83,0,0,8,35,22,60,68
27,32,31,29,31,26,40,12,7,11,2,12,6,19
24,31,32,37,31,36,33,1,10,7,20,6,20,15
20,21,36,B,28,34,33,4,0,12,0,1,11,14
33,23,25,20,39,23,23,14,0,0,0,13,8,4
58,49,55,42,60,55,49,50,44,48,33,51,46,41
20,34,30,49,44,56,65,1,16,12,38,26,46,51
73,85,71,57,66,50,46,64,76,64,52,58,46,37
78,82,77,72,69,50,54,72,73,72,65,61,50,48
45,59,60,49,59,54,56,40,45,55,38,51,47,44
53,45,56,46,42,51,44,42,40,49,39,29,45,33
81,78,69,56,60,62,55,74,73,66,51,57,60,53
19,21,30,49,55,60,74,2,8,13,30,39,50,61
117,87,91,116,85,97,83,112,78,85,107,73,86,70
60,51,44,56,51,43,48,53,P,33,48,43,38,42
66,68,76,73,62,74,71,57,,62,67,57,65,60
22,14,35,55,64,70,81,8,0,17,40,54,54,68
90,65,63,58,59,47,40,82,56,55,50,50,38,38
106,119,-10,88,80,112,115,99,106,90,76,69,103,R
35,23,23,26,28,40,24,19,0,7,0,9,16,0
49,40,60,51,60,44,58,36,29,51,37,54,39,53
75,67,65,68,L,50,57,70,59,59,60,60,49,53
94,83,117,113,101,90,52.02,89,76,104,100,96,84,71
41,53,50,52,57,43,54,35,45,44,46,50,36,41
-7,9,0,-8,-9,10,7,0,0,0,0,0,0,0
99,91,92,103,85,107,110,87,80,85,92,78,94,103
27,21,20,28,34,31,24,7,0,3,12,6,3,2
,96,105,116,104,91,119,69,86,92,106,99,78,109
40,57,51,40,53,52,56,35,49,44,27,39,47,50
9,34.71,20,15,-2,16,3,0,0,0,0,0,0,0
78,72,61,67,61,48,52,69,64,59,58,57,42,50
80,93,110,108,87,97,81,75,82,99,94,76,89,74
19,0,15,2,8,13,14,0,0,12.5,0,0,0,0
78,72,60,66,76,73,70,64,58,53,58,63,61,65
20,39,37,39,38,39,28,4,19,14,24,9,16,1
17,32,43,31,55,51,83,5,21,33,16,,32,64
75,82,,57,54,60,57,71,81,68,49,52,60,52
61,65,67,66,61,61,67,50,58,54,56,48,52,58
8,26,25,34,62,68,84,0,16,11,15,48,49,65
12,8,2,12,7,3,6,0,0,0,0,0,0,0
25,12,27,49,59,71,80,13,0,8,31,44,52,68
96,91,92,104,84,120,112,87,81,79,94,74,106,K
24,36,29,39,24,39,38,5,20,13,22,5,13,19
23,16,41,52,40,55,65,9,3,27,36,21,44,50
15,53.5,16,20,-1,-4,17,0,0,0,,0,0,2
12,3,8,-9,3,5,19,0,0,0,0,0,0,0
120,110,84,123,83,110,90,115,99,70,69,70,104,79
33,35,30,20,31,20,20,12,20,7,0,2,29.52,0
1,35,43,39,58,68,84,0,19,33,28,48,55,68
60,71,77,62,77,71,74,49,61,63,56,64,60,60
98,95,100,100,110,88,102,85,90,95,93,98,83,97
38,33,40,34,25,33,37,17,10,16,14,7,6,17
-8,17,-1,-10,17,10,20,0,1,0,0,0,0,0
68,60,77,78,72,66,68,54,47,69,64,64,58,62
126,76.27,,44,57,40,50,30,47,51,36,43,35,
75,83,66,74,59,64,58,70,81,65,73,54,60,47.85
4,20,44,37,82.55,67,71,0,10,28,23,50,55,60
48,50,50,40,51,46,50,37,44,39,27,42,32,37
54,46,45,46,50,50,56,43,34,31,41,39,40,45
60,65,65,64,65,65,63,48,55,57,58,57,54,57
14,14,25,53,57,69,65,0,0,10,35,47,54,52
35,21,39,37,31,27,22,15,2,10,10,14,8,5
76,77,66,55,61,I,56,68,77,58,46,52,88.46,50
22,21,37,50,54,72,77,3,2,25,38,42,60,61
,25,33,38,30,27,20,7,7,8,10,12,12,0
66,79,69,72,66,73,72,58,66,59,62,56,59,65
10,10,28,37,56,65,75,0,0,17,25,37,49,64
39,22,21,22,36,27,24,24,0,1,0,10,7,8
50,49,42,44,58,58,50,,35,37,30,50,47,36
15,21,24,38,56,68,85,2,6,6,28,43,56,69
47,51,53,53,41,46,41,33,37,44,43,29,34,36
83,84,61,72,70,58,43,G,82,52,65,68,50,34
90,95,120,112,105,112,108,85,86,109,101,91,98,103
25,26,32,35,60,57,68,8,8,15,25,45,44,58
120,85,96,91,90,112,111,106,80,91,78,77,107,97
15,21,34,45,60,64,66,0,5,15,32,50,52,47
90,80,97,116,96,99,118,82,72,88,106,82,92,110
94,115,110,103,115,93,91,88,104,102,97,27.19,81,81
86,87,120,107,89,107,93,74,76,115,101,80,99,85
41,45,54,47,55,42,58,36,39,43,34,48,29,48
30,24,34,34,27,30,30,3,3,19,19,3,12,9
99,44.37,100,112,82,104,117,90,88,90,102,73,99,103
125,6,-3,-9,3,12,10,0,0,0,0,0,0,0
0,11,34,50,46,60,74,0,0,,32,34,42,58
110,98,89,91,89,100,111,98,86,79,84,83,93,102
28,22,29,30,24,29,29,10,0,14,14,0,4,6
85,77,79,60,51,50,42,82,75,75,51,48,44,40
5,-3,19,-8,0,-4,18,0,0,0,0,0,83.72,0
114,101,-9,119,98,114,,102,87,111,105,84,104,97
24,31,35,28,31,29,23,8,9,16,13,11,5,2
7,11,17,-9,-3,19,15,0,0,0,0,0,0,0
61,77,65,60,60,69,74,56,67,55,52,51,55,66
84,81,87,99.47,117,84,87,73,76,73,108,106,76,75
60,65,67,75,68,75,64,51,56,60,67,63,62,53
17,0,L,8,-2,14,7,0,0,0,0,0,0,0
81,93,83,116,90,118,85,70,87,72,102,81,113,74
59,44,50,41,48,59,40,47,39,43,28,43,52,32
121,104,112,91,100,110,103,106,96,107,81,92,100,91
31,32,26,-10,33,38,23,11,4,10,4,16,10,0
80,76,74,64,68,71,79,70,68,61,53,56,64,65
54,46,45,55,53,41,59,49,40,32,41,45,30,52
0,19,42,32,40,52,71,0,6,23,13,27,36,61
83,75,65,66,63,49,54,76,71,56,B,60,45,52
24,33,22,50,43,71,84,11,,10,32,29,58,69
70,71,61,63,73,79,76,62,59,50,51,58.41,66,70
6,30,23,32,49,71,74,0,14,W,14,33,52,64
42,49,49,40,42,49,59,29,41,40,30,36,38,50
32,28,34,34,37,37,21,9,8,11,18,21,12,0
15,19,21,46,40,51,66,0,7,8,28,24,35,55
13,20,26,31,63,50,82,0,4,16,16,46,31,65
97,114,118,94,115,117,81,90,109,108,81,108,108,70
78,66,77,66,70,60,46,78,57,74,58,67,57,42
59,47,52,51,46,52,51,49,42,39,37,35,44,46
82,71,78,67,66,60,56,78,68,69,66,62,54,49
72,60,,79,80,74,80,67,51,74,67,72,65,68
32,35,32,27,26,26,20,15.51,7,4,5,3,5,0
55,51,55,43,49,52,49,49,38,42,33,44,43,39
19,7,2,-2,6,-3,9,4,0,0,0,0,0,0
98,85,88,101,89,113,90,88,79,79,90,77,107,84
103,82,113,118,92,102,93,92,76,106,107,85,92,82
94,100,88,98,94,110,111,82,86,,91,84,96,98
117,84,108,98,115,100,102,110,72,97,90,108,88,93
53,58,49,56,54,57,44,47,44,37,48,44,47,32
-5,15,11,-6,9,-7,13,0,0,,0,0,0,0
1.93,27,22,38,58,59,72,0,12,9,26,46,40,60
78,64,73,68,75,74,73,66,51,60,62,69,68,64
13,-4,6,3,-2,15,,T,0,0,S,0,0,0
13,7,-4,11,20,-4,-5,0,0,0,0,3,0,0
5,35,2.86,38,62,56,80,0,23,25,19,45,43,63
34,36,20,35,37,38,29,14,14,0,6,18,15,7
7,17,28,38,57,57,69,0,1,9,27,44,38,54
61,70,70,76,65,62,60,52,64,62,70,60,57,50
21,24,31,22,33,40,27,5,6,5,1,11,23,12
66,67,74,67,60,62,66,52,60,64,53,50,52,55
24,21,34,51,57,53,73,9,2,16.9,33,38,35,57
79,75,67,57,61,62,47,73,73,66,49,54,60,38
72,79,74,66,67,74,68,59,72,65,56,55,67,61
48,51,47,C,57,41,46,39,39,38,37,44,30,32
95,110,92,112,103,89,101,87,104,86,104,93,83,89
52,46,49,47,49,52,58,50.78,35,39,37,42,46,44
32,30,40,21,39,33,36,16,7,20,6,21,18,9
81,87,114,91,89,89,96,69,75,104,84,76,75,87
22,33,42,41,44,75,70,9,23,28,29,33,65,59
71,66,11.07,F,56,48,47,66,64,55,65,50,42,39
Y,114,114,107,98,82,110,105,100,109,102,91,68,97
71,64,60,73,71,66,70,62,51,48,65,64,54,59
0,20,31,45,61,53,83,0,4,15,28,43,37,71
29,21,38,28,36,23,33,2,0,17,2,15,4,5
85.91,82,69,68,68,59,57,77,81,67,64,66,54,57
24,21,38,39,27,24,21,2,2,17,14,10,7,0
8,11,19,2,9,11,5,0,0,1,0,0,0,0
39,24,33,33,27,37,28,19,4,8,11,9,15,7
29,28,36,23,28,31,47.07,8,12,8,1,2,14,2
80,68,73,65,78,75,73,75,54,68,54,73,68,63
31,36,28,29,23,26,37,8,17,13,12,3,4,8
77,83,70,73,70,65,46,75,80,64,64,63,61,40
85,109,97,112,106,80,116,71,98,87,103,98,69,104
55,44,41,43,51,48,50,46,38,28,30,37,37,
L,74,69,72,79,68,66,59,63,59,65,71,63,52
75,85,65,56,66,50,59,73,81,58,47,60,41,57
27,30,24,26,38,22,33,0,12,0,10,11,0,5
6,14,44,54,52,68,72,0,0,L,41,34,52,53
5,5,13,2,11,3,8,0,0,0,A,0,0,0
-2,-3,-2,1,14,-2,18,0,0,0,0,,0,0
14,33,30,48,45,70,61,0,15,14,31,26,60,51
49,41,0,47,51,42,58,38,30,42,37,41,36,47
52,59,45,47,50,52,N,41,46,33,40,36,41,41
23,31,42,31,41,70,79,9,12,27,17,27,54,63
33,144,25,27,32,21,26,5,24,3,T,7,0,0
92,,80,89,90,101,114,80,105,73,80,85,87,109
-9,34,27,54,52,59,U,0,21,10,44,38,44,47
-6,19,-7,3,-4,18,17,0,2,0,0,0,0,0
22,35,23,34,26,37,21,2,11,0,13,0,10,1
99,84,113,111,114,111,110,91,70,104,103,103,103,105
19,12,21,35,43,60,65,5,0,9,20,25,49,55
74,72,80,63,52,49,59,66,71,72,56,48,42,59
81,108,104,119,92,101,99,68,94,99,113,80,90,88
-6,-5,-9,6,5,-9,12,0,0,0,0,0,0,0
7,14,12,2,5,7,1,54.93,0,0,0,0,0,0
42,53,54,50,54,46,40,32,41,41,43,41,40,29
84.26,-8,-6,-8,0,6,13,0,0,0,0,0,0,0
86,82,72,72,65,64,52,84,73,64,64,64,58,44
117,94,111,82,136,119,118,106,80,101,71,100,110,105
34,30,21,28,-6,38,35,17,2,0,4,9,14,14
13,11,40,37,59,,64,0,0,,21,41,35,52
92,83,114,113,96,86,110,83,74,100,100,84,73,99
109,120,111,119,111,86,98,99,109,103,107,106,72,84
9,-1,15,-8,-5,-8,9,0,0,0,0,0,0,0
81,84,61,56,59,60,50,73,77,57,50,59,52,46
2,15,7,-4,14,13,15,0,0,Y,0,0,0,0
78,81,130,67,59,56,45,72,75,67,65,58,54,39
59,54,58,55,57,51,47,46,46,53,41,44,43,39
21,33,23,39,30,34,35,0,4,0,19,4,19,8
78,82,79,60,70,51,58,71,79,74,55,69,48,51
38,38,38,30,35,34,33,15,12,10,13,8,8,12
44,43,57,56,53,43,43,38,35,44,43,43,33,32
75,84,69,74,60,59,54,68,77,69,66,53,50,53
20,29,23,26,39,35,21,0,5,5,0,14,8,0
71,84,71,69,58,59,50,62,75,66,69,49,51,45
-9,A,1,9,8,0,20,0,0,0,0,0,0,2
32,26,37,23,34,27,36,5,0,13,0,18,1,16
59,41,47,44,57,49,54,54,28,39,35,46,42,42
43,42,40,49,M,54,46,36,32,32,37,28,43,34
102,107,119,89,80,120,106,92,100,109,77,69,113,93
29,29,59.48,36,38,30,35,4,5,12,14,18,11,9
84,99,112,83,27.4,103,116,78,85,107,76,105,89,109
13,27,39,36,49,54,73,1,8,23,22,35,39,62
63,74,75,60,62,67,76,53,67,65,52,55,58,69
85,68,70,57,63,51,51,85,61,62,51,63,45,47
34,26,24,22,29,35,39,10,0,0,0,3,7,19
90,107,112,112,102,99,91,82,94,103,102,91,89,83
56,144,57,60,45,41,58,48,38,51,49,33,35,50
14,18,45,34,55,55,84,0,3,27,20,45,42,74
5,12,21,44,58,58,70,0,0,10,34,45,39,52
69,69,65,73,67,72,63,63,55,55,60,,67,55
65,66,80,69,67,61,67,53,52,48.96,64,56,48,57
15,12,25,37,51,39.25,67,2,0,10,19,36,47,56
60,78,68,74,63,69,76,53,0.67,62,67,52,61,70
-1,11,5,5,20,18,7,0,0,0,0,1,0,0
113,117,88,88,82,101,97,99,103,75,81,73,88,90
72.19,67,61,67,71,80,75,56,53,48,55,59,71,63
J,76,71,79,69,74,76,53,68,60,66,61,64,66
22,31,22,44,60,53,83,55.95,21,11,27,47,39,71
20,16,42,35,63,73,74,8,0,32,17,47,61,58
26,40,32,23,38,32,32,1,17,10,0,9,9,13
89,76,72,59,63,48,58,86,72,72,54,58,69.34,55
0,-8,5,12,14,12,10,0,0,0,0,0,0,0
73,81,65,73,65,55,56,71,72,63,68,59,53,49
93.87,,38,25,22,27,20,13,14,16,7,7,0,2
78,61,60,76,77,62,76,68,56,53,68,71,53,68
87,104,118,99,112,100,102,82,90,105,86,105,87,89
86,100,80,98,112,111,99,75,93,68,87,99,101,90
86,88,116,88,118,109,120,73,79,102,77,104,96,109
110,97,120,89,81,101,110,97,92,5.67,83,73,93,99
44,45,57,49,43,46,59,33,36,46,36,31,41,48
12,7,7,0,13,-3,8,0,0,0,0,0,0,0
41,42,63.98,141,42,55,56,36,37,45,52,33,49,50
31,35,39,30,34,20,29,11,12,18,1,6,0,9
18,8,2,8,2,2,-5,0,0,0,0,,0,0
10,-9,10,13,-7,11,2,0,0,0,0,0,0,0
19,19,-5,9,10,8,-2,0,0,0,0,0,0,48.08
120,120,82,117,89,96,106,78,113,76,108,81,82,92
2,-10,-4,12,-7,3,-1,0,0,51.71,,0,0,0
4,11,22,37,40,63,69,0,1,7,22,23,50,51
80,78,65,64,73,71,78,67,70,52,55,68,63,65
58,44,47,46,47,41,127,44,G,41,40,39,35,34
61,64,65,77,71,69,72,48,52,58,64,60,58,59
60,75,80,76,68,75,79,55,63,74,V,54,66,65
85,103,90,103,111,83,102,72,92,84,92,105,77,91
10,0,12,13,15,18,2,0,0,0,0,0,0,0
70,78,79,62,78,61,69,63,65,72,50,72,54,59
21,30,38,27,35,26,20,3,9,10,9,7,4,0
44,57,40,42,48,52,50,34,46,32,28,37,44,39
-6,17,-3,-9,18,-9,5,0,0,0,0,3,0,0
40,0,27,39,28,21,22,22,0,7,17,2,0,0
81,72,70,71,61,54,51,76,63,64,66,59,54,X
70,64,70,74,78,74,63,61,56,64,68,69,66,50
89,79,69,68,68,56,53,84,76,61,68,65,54,49
11,17,10,16,16,-9,19,0,0,0,0,0,0,0
80,72,65,56,60,50,40,71,72,62,49,55,46,39
17,20,36,38,43,75,79,0,6,23,21,28,58,61
82,83,75,55,65,61,54,79,78,72,51,B,57,50
85,109,84,114,92,89,118,80,104,98.19,107,82,75,113
133,79,80,73,64,60,76,49,67,75,65,56,51,71
71,74,69,71,56,45,55,71,69,67,69,51,43,54
61,74,78,79,74,80,78,49,63,68,65,61,72,72
15,-7,-7,12,-3,7,-3,0,0,0,0,0,0,0
49,59,48,53,Y,-2,50,44,50,40,40,32,47,41
87,67,65,60,69,58,45,87,67,62,59,62,55,45
73,63,74,80,75,70,71,62,54,67,68,66,65,61
38,29,38,40,27,30,30,13,11,17,18,5,2,8
89,80,95,89,95,97,88,80,66,90,76,87,90,80
119,95,100,95,98,101,106,112,86,89,84,93,88,97
-5,35,28,47,54,50,82,0,19,13,29,39,37,67
23,26,33,30,29,26,39,0,11,9,6,14,6,22
100,119,102,95,107,119,82,93,105,96,84,98,106,70
33,28,27,29,37,32,34,17,6,11,12,8,16,5
79,65,63,63,59,63,45,78,64,55,59,53,59,37
46,40,48,49,50,43,53,41,32,,41,39,32,46
56,52,49,40,53,42,48,49,42,44,32,44,T,36
63,60,79,61,72,67,72,49,55,68,56,62,59,58
23,17,24,30,55,55,81,11,1,8,19,41,43,63
108,98,81,98,109,95,91,96,84,67,89,96,85,78
140,81,T,63,53,49,42,65,81,74,,53,M,42
78,67,73,62,70,54,50,78,66,64,60,63,88.94,44
9,13,-8,19,7,-6,13,0,0,0,0,0,0,0
7,22,30,46,51,66,83,0,6,18,28,37,55,72
86,66,76,65,66,46,46,85,59,73,57,64,46,38
53,52,59,41,43,51,58,40,42,46,34,29,41,44
72,74,75,63,59,49,40,72,74,69,59,54,45,34
18,-6,7,-2,-5,-4,6,0,0,0,0,0,0,0
13,9,12,15,1,2,-10,0,0,0,0,0,0,0
33,29,28,25,35,34,33,16,7,8,8,15,18,8
26,30,30,25,23,143,34,3,3,5,10,0,16,14
78,72,60,58,70,51,43,77,66,55,50,67,48,38
5,27,36,51,41,74,75,0,94.78,22,38,29,60,60
3,22,39,38,46,62,72,0,9,28,27,30,52,53
14,14,40,34,59,62,M,3,0,22,20,49,44,63
85,95,100,105,100,110,82,74,86,89,99,95,96,71
23,38,28,27,25,24,32,0,13,12,3,3,2,6
32,24,39,24,146,37,40,14,1,18,0,3,17,23
24,16,27,43,50,58,65,14,3,14,27,39,43,47
82,67,74,69,65,46,42,74,65,69,64,62,44,34
102,107,97,107,108,90,114,91,94,88,94,98,79,105
27,35,39,40,25,28,33,S,19,10,16,8,12,18
42,54,55,59,56,56,60,23.29,41,50,48,45,49,51
49,49,59,42,47,50,56,38,36,50,35,36,,46
U,71,72,73,70,64,79,59,65,62,59,56,51,73
-5,9,-1,-2,-5,7,16,0,0,0,0,0,0,0
78,83,67,61,64,60,51,73,78,65,56,59,53,50
19,-7,6,7,16,18,18,1,0,0,0,0,0,1
55,45,50,43,55,49,56,44,33,41,36,41,,51
55,56,58,44,52,43,45,49,50,44,38,46,35,36
85,65,61,60,68,55,60,82,64,58,51,62,54,54
35,21,24,31,22,22,-10,7,3,7,2,0,0,0
89,77,66,71,57,47,51,83,51.08,57,68,56,45,47
13,35,28,41,55,67,84,0,19,12,29,39,48,65
81,97,115,116,101,88,112,46.21,89,104,108,87,80,99
23,28,44,37,60,61,83,11,12,34,27,41,43,67
71,70,65,69,53,51,60,62,70,65,69,48,43,51
57,60,48,51,58,59,50,46,48,35,44,45,53,59.85
20,29,39,34,31,30,21,0,7,12,6,8,5,0
129,50,59,54,51,49,58,71.43,39,46,,46,38,46
96,102,94,120,103,95,84,91,92,82,110,94,81,76
-2,I,20,-4,12,8,3,0,0,0,0,0,0,0
20,2,16,19,0,-9,-7,0,0,0,4,0,0,0
17,30,28,32,53,50,78,3,17,9,16,42,38,63
37,27,21,22,26,25,29,10,0,0,4,0,10,12
29,29,40,26,40,31,35,7,11,15,6,25,7,15
81,81,73,65,50,61,59,K,77,71,56,46,61,54
99,W,118,87,106,101,104,91,77,106,79,100,96,98
-4,11,-6,-1,18,15,6,0,0,0,0,0,0,0
115,80,97,111,87,119,115,104,66,92,98,75,107,110
19,-6,-7,-3,-2,7,-9,2,0,0,0,0,0,0
88,77,72,72,55,55,51,82,75,65,72,53,50,50
74,78,80,80,79,73,65,66,73,72,67,66,G,56
74,77,62,65,52,65,55,71,68,61,56,44,59,55
20,-2,18,19,15,-9,0,5,0,0,2,0,0,0
-10,24,36,33,24,37,24,4.19,7,16,8,9,12,1
6,26,29,49,61,66,73,0,I,18,34,45,48,59
92,93,109,95,88,92,104,79,88,103,85,82,87,94
43,48,40,42,40,53,57,38,38,30,31,32,39,50
81,65,62,63,65,50,44,75,61,54,56,64,43,42
5,23,39,38,47,66,63,0,10,29.54,26,32,,48
15,15,5,16,14,-10,19,0,0,0,0,0,0,0
21,40,32,29,33,35,40,0,13,17,6,14,9,11
-3,-1,-1,10,-3,-8,4,0,0,0,0,0,0,0
61,62,63,78,64,80,-3,52,50,58,68,50,70,57
100,81,95,100,99,84,100,86,63.63,84,86,93,74,89
85,65,62,65,67,54,42,78,64,58,60,62,45,41
11,6,18,12,-6,-1,14,0,0,0,0,0,0,0
85,81,106,110,106,95,109,72,74,95,100,101,87,103
105,84,112,109,86,102,117,97,79,99,95,78,97,111
43,42,50,56,-3,46,40,38,30,40,50,47,35,26
52,40,42,46,55,51,57,47,26,29,36,50,41,51
42,50,60,50,55,47,45,32,42,49,37,41,35,40
94,83,120,119,102,105,103,88,84.92,110,105,93,98,90
5,-9,-6,12,19,15,17,0,0,0,0,4,0,0
53,48,58,52,54,45,58,45,42,47,38,47,37,50
29,38,33,29,26,34,25,13,21,14,9,4,10,7
67,63,65,67,70,73,20.5,56,55,52,59,59,62,55
2,14,29,31,,68,61,0,0,13,13,45,50,44
H,71,68,59,68,61,49,89,63,66,51,63,57,41
2,21,38,32,57,51,71,W,4,27,13,40,36,57
14,14,26,51,44,63,68,3,0,16,36,27,46,55
11,9,3,7,-2,-4,10,0,0,0,0,0,0,X
69,79,79,61,72,68,68,55,73,74,47,62,59,58
88,76,79,68,51,46,44,79,75,70,59,51,38,43
67,67,64,74,60,63,76,59,58,55,63,46,54,70
-2,1,17,U,-3,5,-5,0,0,0,0,0,0,0
67,65,68,72,68,71,76,54,56,55,61,59,63,71
85,83,80,59,69,60,48,77,74,80,58,60,60,46
77,74,73,77,79,61,62,70,62,62,69,72,52,53
59,58,41,60,42,60,41,45,45,29,46,28,54,36
75,72,72,67,123,49,52,74,67,72,59,55,43,47
75,84,66,,0,55,42,72,75,59,57,62,50,33
9,11,34,43,47,61,62,0,0,24,27,33,45,46
77,68,64,124,53,61,50,77,64,62,73,51,54,50
8,-10,4,7,-1,16,8,0,0,0,0,0,0,0
84,118,89,U,120,K,100,74,113,79,69,112,97,86
64,66,61,75,78,78,63,57,60,47,63,67,66,57
,0,-8,19,10,20,3,0,0,0,0,0,3,0
8,21,37,44,56,63,61,0,7,25,26,39,44,43
37,25,32,32,24,20,39,21,0,13,4,0,0,13
104,91,97,92,114,90,97,95,83,85,79,104,84,91
103,113,96,103,86,89,119,95,100,83,96,72,84,105
18,16,15,20,9,-2,15,3,0,0,0,0,0,0
22,24,24,34,V,67,85,8,13,6,16,Q,55,66
11,17,28,,65,63,L,0,2,10,30,51,46,69
25,22,23,38,26,39,22,0,0,4,14,1,11,0
80,102,84,95,90,120,104,69,97,79,83,84,110,95
101,80,-4,103,117,110,109,88,73,111,93,105,99,95
103,80,89,107,118,90,117,90,66,79,96,109,79,104
15,Q,45,41,48,75,67,5,5,26,26,32,58,57
80,66,139,59,56,60,40,71,58,61,53,54,54,36
111,117,88,83,111,94,107,106,108,74,77,100,80,101
109,120,103,114,80,146,81,103,109,94,102,74,88,72
2,2,-10,1,18,-4,-2,0,0,0,0,0,0,0
81,113,116,87,91,105,96,71,108,108,78,84,94,89
10,31,33,39,63,64,64,0,12,22,20,53,52,52
80,112,,93,109,100,112,73,103,84,83,96,93,98
-4,9,0,-8,-6,-9,-2,0,0,0,0,0,0,0
84,111,102,94,108,82,83,74,106,89,81,101,75,78
50,54,58.77,46,41,40,52,40,41,52,34,28,35,38
-5,5,9,-4,-6,-2,0,0,0,0,0,0,0,0
42,40,42,41,43,55,46,K,30,37,28,35,,38
60,44,40,47,48,56,45,55,39,28,33,41,44,35
93,90,119,97,120,118,102,87,76,113,83,107,113,92
105,Q,92,105,83,89,105,99,87,85,99,76,82,93
9,10,34,1.02,45,70,72,0,0,23,24,31,60,57
2,22,35,46,56,51,72,0,3,23,K,40,36,59
22,15,39,45,62,59,84,8,0,26,33,48,46,69
72,78,78,71,66,55,58,71,72,74,65,63,55,57
22,35,40,42,52,61,69,6,21,21,27,40,50,51
6,11,25,54,55,72,77,0,0,14,40,42,61,63
20,24,41,43,58,75,85,9,9,22,30,45,60,67
8.94,97,86,80,104,107,-10,82,88,76,69,90,100,81
0,10,17,C,5,7,12,0,0,0,0,0,0,0
10,14,35,30,56,52,74,0,1,20,18,40,36,59
3,19,27,45,42,56,76,0,1,12,35,92.5,37,59
24,25,30,35,22,40,127,0,7,13,11,0,13,12
90,-3,80,64,51,49,58,86,64,72,56,44,42,58
22,134,33,38,24,38,40,0,0,12,15,0,9,23
65,60,63,76,70,78,66,51,53,51,62,63,68,55
81,82,80,99,83,81,117,68,71,73,88,71,69,107
75,76,65,75,77,62,60,63,70,60,61,64,56,51
79,63,139,65,72,61,63,72,58,58,57,61,50,58
4,14,-7,15,,13,6,0,0,0,0,0,0,0
86,78,67,67,61,48,55,86,78,60,58,53,40,55
78,63,62,80,71,70,77,64,51,57,75,58,61,63
118,99,107,100,90,C,92,111,91,99,86,83,99,81
30,23,20,39,30,35,20,6,3,0,15,4,12,0
85,110,100,88,88,109,105,,98,95,78,74,99,97
53,49,49,49,47,54,45,40,43,44,39,41,45,34
-9,139,13,17,8,-6,17,0,0,0,0,0,0,1
2,24,22,33,56,68,67,0,14,7,21,40,57,52
80,72,73,46.94,63,48,122,78,71,70,64,56,48,54
33,120,29,40,20,26,26,11,0,5,23,0,8,4
80,60,72,72,73,65,70,70,46,67,65,66,58,60
,18,30,51,47,74,73,0,4,19,40,36,59,54
110,88,119,89,91,92,101,103,75,80.56,76,83,82,89
13,33,39,55,59,71,64,0,21,29,40,43,55,53
11,18,44,51,61,53,83,0,5,25,38,44,43,68
B,47,60,48,52,43,48,44,42,54,35,43,29,37
80,67,78,62,66,60,72,74,55,64,48,58,51,58
41,49,52,58,55,45,41,35,42,42,48,41,32,36
21,38,38,Q,36,26,30,0,11,11,5,17,1,11
106,88,117,97,100,139,86,93,80,107,87,89,79,78
81,66,68,61,55,57,51,81,60,64,58,46,50,43
63,78,77,64,69,72,75,53,66,67,58,57,59,68
78,0,71,62,78,68,14.46,66,69,64,50,69,61,59
5,28,21,33,65,73,74,0,18,3,16,49,57,61
66,66,74,71,67,70,71,X,59,L,58,53,59,66
76,66,80,72,78,79,124,67,56,70,60,65,73,
60,60,63,69,68,62,74,55,48,50,55,62,56,55.67
86,83,73,72,57,62,41,84,78,65,70,53,58,38
69,61,69,78,76,144,74,56,54,57,66,71,61,62
103,108,120,105,117,93,105,89,101,106,97,111,88,94
73,60,70,73,65,75,63,67,54,64,64,53,63,51
55,52,40,53,58,130,58,44,42,35,44,53,48,48
-5,-3,8,16,19,10,10,0,0,0,0,3,0,G
24,19,32,48,57,73,74,12,6,18,38,38,55,62
79,75,66,72,78,75,72,66,70,54,62,73,65,66
38,39,28,25,31,30,30,18,11,0,3,8,10,84.23
33,27,X,40,25,23,32,16,5,0,17,0,1,11
79,79,62,61,66,23.18,65,74,66,49,47,53,53,55
-1,10,13,8,15,-1,-7,0,T,0,0,0,0,0
41,43,41,56,48,53,57,27,34,34,42,43,44,43
70,72,75,74,57,61,40,62,64,71,73,53,59,40
3,-4,-7,0,16,1,5,0,0,0,0,0,0,0
52,,44,42,48,42,43,47,39,31,33,40,28,37
-10,3,-4,-2,-5,19,-9,0,0,0,0,0,0,0
26,25,32,31,31,30,27,2,88.76,5,3,2,4,5
63,77,67,66,68,77,66,54,64,53,55,59,65,60
74,77,80,71,56,55,54,74,72,73,69,55,48,50
6,15,16,-7,5,19,17,0,W,0,0,0,0,0
68,71,61,80,78,66,73,60,65,48,74,72,60,59
5,15,11,-9,6,5,7,0,0,0,0,0,0,0
70,70,77,58,65,62,48,65,66,72,53,56,55,40
89,84,79,63,69,52,57,80,80,73,56,67,44,51
63,67,67,65,75,64,67,52,56,57,51,70,50,57
76,64,68,67,65,60,80,69,58,60,56,54,53,70
80,143,72,55,61,65,53,73,79,72,47,53,,50
77,76,70,59,55,58,59,70,67,66,58,55,53,54
63,67,76,73,66,64,69,53,56,67,59,60,55,64
88,93,84,99,92,88,112,80,81,76,85,82,82,102
15,3,-1,12,-3,136,-4,0,0,0,0,0,0,0
3,26,39,142,46,62,70,0,11,20,37,27,51,53
95,101,88,114,118,101,97,,,79,103,108,90,92
21,30,44,45,52,64,66,6,13,25,30,36,49,53
,70,80,62,51,62,40,78,68,78,60,49,58,33
32,36,26,25,29,23,31,11,18,8,1,11,0,2
17,17,25,47,50,69,65,0,5,11,36,37,58,53
24,39,39,H,27,30,20,8,11,19,2,0,5,0
20,30,38,46,51,71,81,5,11,21,27,33,53,70
68,71,78,61,70,74,77,63,58,65,55,56,69,63
80,77,77,71,61,72,62,69,E,71,64,49,63,55
62,67,69,74,65,77,67,56,61,60,63,L,71,62
47,49,52,46,42,58,46,39,41,45,37,37,48,32
6,4,5,16,12,-1,18,0,0,0,0,0,0,0
81,78,72,56,68,52,58,76,72,67,48,61,47,51
65,64,77,78,75,65,62,58,52,68,65,69,54,56
50,42,49,45,49,54,51,37,31,38,38,42,40,43
67,72,64,60,64,61,60,62,66,54,48,51,50,46
4,8,57.61,9,-10,8,1,0,0,0,0,0,0,0
132,22,37,39,26,28,37,11,0,22,20,J,3,21
111,101,99,93,102,93,83,98,87,88,81,96,86,72
84,80,78,61,62,60,45,84,76,74,56,53,55,41
85,70,71,67,67,51,50,77,67,67,67,66,45,47
101,80,108,107,83,95,83,90,74,95,101,76,82,70
7,-6,-3,6,13,-5,13,0,0,0,0,0,0,0
31,29,33,37,27,28,28,5,14,12,12,11,8,0
22,27,36,29,27,35,36,0,1,7,2,3,17,16
25,20,26,34,23,39,27,51.93,0,0,19,7,20,0
19,12,37,49,45,69,71,4,0,24,39,26,52,52
92,83,119,107,100,97,115,80,75,113,100,90,87,108
-9,0,15,5,-1,-8,15,0,0,0,0,0,0,0
86,86,115,117,84,88,118,78,79,103,107,74,77,110
97,118,120,105,84,94,117,91,109,110,98,77,85,112
62,63,71,70.67,75,63,77,52,57,58,72,68,51,64
85,81,71,63,50,55,49,84,74,68,57,49,55,43
70,81,61,63,50,46,53,70,81,56,62,41,44,50
17,0,15,-3,5,4,-10,37.43,0,0,0,0,0,0
121,54,59,52,46,55,49,46,43,45,45,33,48,38
102,84,89,118,95,92,91,94,71,75,105,89,84,84
18,14,42,42,57,64,78,1,1,25,25,44,46,59
37,23,27,28,32,31,29.79,19,0,4,0,8,4,2
40,50,43,40,55,59,56,34,38,33,28,49,45,51
108,116,102,115,119,92,85,94,110,97,106,108,81,74
31,35,23,33,40,36,30,13,8,2,17,16,21,8
69,75,62,69,68,63,71,63,63,48,63,54,56,63
53,48,59,55,41,53,40,40,42,50,45,35,47,34
74,66,69,73,71,72,71,61,55,56,62,57,59,61
81,75,80,70,70,50,40,80,67,77,69,66,47,39
77,69,80,72,67,58,43,68,63,73,69,63,56,40
19,21,41,30,47,70,61,9,11,24,16,28,55,42
41,41,41,40,60,59,41,35,29,30,35,49,,35
52,53,44,50,59,52,42,42,42,33,44,51,46,34
48,52,46,42,41,51,40,35,45,32,36,A,N,33
116,113,110,100,108,90,115,108,108,99,90,100,81,108
0,35,31,38,59,65,76,0,25,21,25,43,49,61
72,75,80,65,79,77,73,63,64,68,51,65,38.79,59
90,76,80,69,51,51,47,81,68,73,67,50,44,40
19,11,1,8,8,17,-10,0,0,0,0,0,0,0
88,145,77,65,51,46,54,79,75,76,57,46,40,52
42,52,54,54,50,45,48,36,44,44,42,39,37,36
-3,12,19,15,-1,-1,3,0,0,0,74.81,0,0,0
39,36,30,40,34,23,24,13,18,5,12,16,2,0
75,78,80,69,55,50,57,70,77,72,69,49,42,57
71,74,123,74,69,52,46,67,,67,73,65,,46
73,63,72,78,69,71,74,68,54,62,67,60,96.56,63
28,39,17.64,34,36,-7,32,1,18,8,16,10,13,5
81,95,94,83,120,99,92,76,85,89,70,112,90,79
2,25,21,41,58,D,74,0,7,9,23,39,51,56
86,101,126,117,117,116,109,77,95,71,106,112,104,103
58,48,48,41,50,49,41,49,39,36,29,37,40,35
76,72,76,71,72,79,61,69,61,,60,60,65,47
88,65,77,58,65,50,46,83,59,68,56,56,41,45
21,19,36,54,47,60,78,11,4,22,44,29,50,62
25,29,41,44,59,50,69,10,14,28,31,47,40,55
,75,60,61,69,61,57,73,66,52,56,65,52,51
-9,10,2,19,1,9,15,0,0,0,0,0,0,0
97,118,97,93,87,113,118,91,107,92,85,78,103,112
93,103,93,110,85,99,114,82,90,80,100,73,93,105
50,42,45,46,48,44,58,37,34,37,77.7,37,33,46
,81,69,63,51,59,40,,76,69,62,42,53,39
61,74,62,73,64,67,73,49,62,54,65,52,58,61
85,69,-2,63,57,46,59,76,69,60,62,54,42,52
94,119,82,113,92,-2,112,87,109,72,107,80,104,105
23,24,39,32,40,28,20,7,7,23,11,13,10,0
14,25,23,32,48,68,78,3,12,5,17,38,52,65
102,85,110,83,112,113,95,97,80,105,78,100,99,88
20,17.94,6,-6,-9,6,3,0,0,0,0,0,,89.11
0,16,3,17,14,6,,0,0,0,1,0,0,0
60,74,74,72,60,67,69,53,66,67,64,49,57,64
6,18,17,-2,2,-2,5,0,0,0,0,0,0,0
-1,15,10,15,P,6,-1,0,0,0,0,0,0,0
33,29,39,30,23,39,29,8,8,21,6,0,15,12
25,30,41,48,49,58,72,8,12,23,33,36,48,60
-7,-2,7,-2,2,4,6,0,0,0,0,0,0,0
0,R,36,41,61,60,74,,13,19,30,48,48,S
95,115,89,104,93,82,112,83,103,76,91,83,74,98
77,75,75,67,54,53,49,77,69,68,64,49,52,46
73,63,69,80,73,62,65,65,51,62,72,67,57,54
40,32,28,35,26,22,33,21,6,1,8,0,4,18
42,54,54,57,56,54,53,34,40,42,51,47,49,41
10,23,35,52,56,62,84,0,7,20,42,39,50,68
5,34,28,53,49,73,66,0,18,16,37,39,62,55
36,31,36,36,34,40,36,19,9,8,19,6,22,15
19,30,39,39,64,55,64,2,18,26,21,46,37,54
5,6,0,2,10,6,-10,0,0,0,0,0,0,
74,60,65,67,77,78,71,64,51,I,61,72,64,61
88,67,66,62,Q,63,41,79,61,57,54,68,59,36
23,34,45,37,54,51,76,5,18,32,26,35,39,57
21,21,37,21,36,28,23,4,0,19,1,9,10,6
56,53,51,56,41,48,44,50,40,44,50,,41,34
43,41,42,44,40,48,42,35,31,30,38,31,36,29
29,20,21,35,29,30,38,10,2,0,10,13,2,10
81,70,64,,58,56,47,80,65,59,63,55,55,42
67,70,68,M,150,61,70,61,57,62,56,71,48,62
17,14,14,7,6,14,15,0,0,0,0,0,0,0
109,93,117,90,117,100,87,102,84,104,81,109,91,73
75,82,71,73,70,47,47,67,81,71,65,65,39,40
82,68,62,-10,58,49,48,79,59,59,56,53,B,47
16,2,10,-4,-7,10,-3,1,0,0,0,0,0,0
62,71,73,79,80,62,65,55,58,60,68,75,49,60
75,61,60,74,65,68,,69,48,52,62,51,55,68
50,48,44,43,53,52,55,38,39,37,37,40,40,45
20,19,2,145,16,20,5,0,0,0,0,0,1,0
,83,67,62,52,52,43,70,74,61,56,44,51,34
88,78,62,60,53,48,46,84,74,53,58,53,45,46
23,13,41,48,59,66,79,4,0,31,32,49,47,67
16,10,40,54,62,73,74,0,0,24,41,48,57,56
3,10,41,46,48,54,71,0,0,29,33,31,44,55
29,124,30,20,30,28,28,8,11,1,1,6,2,3
14,22,36,53,45,54,65,0,4,20,35,27,35,47
85,80,73,72,63,53,56,78,77,66,68,58,49,54
23,40,22,33,39,34,23,8,17,7,13,21,19,2
43,41,57,R,42,40,45,32,34,46,41,32,31,Q
17,19,12,-9,17,-6,9,0,3,0,0,0,0,0
39,40,23,37,39,37,29,15,15,0,16,20,12,4
60,46,56,57,60,,57,49,41,43,48,51,27,49
113,108,93,84,102,93,108,106,96,81,73,88,80,96
102,104,103,119,120,113,103,97,90,94,105,110,105,96
119,91,90,88,89,90,113,106,81,77,77,81,76,108
28,32,24,36,27,27,21,7,11,0,11,1,10,2
109,103,103,113,91,84,96,101,93,94,108,85,72,86
41,53,57,57,48,42,44,30,43,44,48,34,33,32
6,33,45,39,65,75,70,0,20,30,23,51,61,58
28,21,,20,29,31,22,1,0,12,0,6,13,0
48,48,53,49,50,45,59,37,35,41,35,36,38,49
57,56,51,41,60,43,46,46,45,41,29,47,T,33
12,17,-7,7,10,12,0,0,0,0,0,0,0,0
43,53,126,,57,56,49,30,41,35,31,50,43,38
87,84,64,63,70,61,52,81,79,63,60,66,58,52
76,77,76,80,60,70,63,70,L,66,72,50,59,51
50,55,45,53,56,40,44,40,47,33,47,44,33,31
17,9,16,3,1,20,-8,0,0,0,0,0,0,0
88,75,60,62,52,51,42,79,69,57,61,46,91.44,69.35
74,80,73,75,65,65,78,65,66,64,61,51,59,66
63,79,78,68,63,63,71,51,71,64,63,53,57,57
19,33,,,60,69,75,4,20,32,30,49,55,60
40,52,52,47,52,54,58,33,47,40,40,38,42,45
11,-3,20,-9,-8,0,3,0,0,0,0,0,0,0
54,45,52,53,48,58,60,40,32,44,48,36,47,49
9,-9,-9,-4,3,18,7,0,0,0,0,0,0,0
69,69,60,76,61,79,60,64,56,47,67,49,68,55
78,65,60,74,61,56,40,77,63,54,65,56,50,34
25,21,31,54,57,66,78,7,3,20,42,44,56,67
78,66,64,71,69,76,67,67,52,50,,58,70,61
85,67,61,61,53,46,59,77,61,56,53,50,44,58
22,33,40,24,34,22,39,0,14,20,0,15,7,15
E,75,75,76,78,60,75,63,62,,63,72,54,67
74,69,66,64,66,71,79,64,64,55,50,Y,59,68
93,90,103,94,110,87,100,80,79,89,85,102,80,87
13,34,26,36,45,58,61,0,20,16,17,30,40,47
74,66,71,73,69,63,60,66,52,61,61,57,50,46
37,40,26,33,27,24,33,11,12,5,11,12,1,9
-6,15,5,18,-7,7,13,0,0,0,0,0,0,0
16,19,37,35,44,66,71,0,6,26,17,31,55,56
7,30,30,31,55,54,74,0,16,15,15,44,40,60
-8,19,5,17,-5,19,10,0,0,0,P,0,0,0
40,27,21,-5,20,31,37,12,0,0,12,0,7,14
12,25,45,35,56,64,67,1,9,31,20,42,51,54
3,18,19,18,-1,-2,6,0,1,0,0,0,0,0
-2,5,-10,1,14,-3,-8,0,0,0,0,0,0,0
26,20,36,20,27,-3,39,8,0,8,0,3,6,10
24,142,21,50,55,59,80,14,19,7,33,42,45,62
80,81,72,58,68,52,43,78,72,67,57,61,49,42
111,113,99,101,92,102,82,100,106,88,90,83,96,69
39,21,25,20,31,22,31,13,0,4,0,14,0,2
30,21,34,40,33,22,39,11,0,15,25,13,0,21
37,34,24,24,30,34,30,16,12,0,5,6,19,12
45,55,44,42,45,45,57,34,49,31,33,33,,49
66,62,73,77,78,80,73,56,54,64,69,67,70,59
28,30,32,,33,36,35,9,9,13,15,11,21,20
19,16,44,49,51,71,74,3,0,25,32,41,60,55
12,3,10,-9,4,20,-7,0,0,0,0,0,0,0
125,80,67,78,74,80,77,55,71,,72,65,73,71
86,72,66,73,70,64,43,82,65,57,73,61,61,40
35,29,38,24,38,21,23,13,3,12,0,17,0,0
28,27,27,-5,35,20,21,1,5,9,5,6,0,0
61,71,75,64,65,71,76,52,66,69,58,52,57,63
19,28,43,51,49,69,71,3,11,26,38,32,50,59
11,20,-5,6,5,12,19,0,0,0,0,0,0,0
82,73,75,62,64,47,46,81,66,66,59,61,42,39
73,72,71,62,76,76,69,63,59,62,57,67,62,55
61,77,75,77,77,73,76,50,64,68,72,72,62,65
3,-4,3,20,-10,14,0,0,0,0,0,0,0,0
18,-6,-9,17,-8,4,13,0,0,0,0,0,0,0
37,33,26,36,23,20,29,22,15,0,16,0,1,4
39,26,20,1.11,35,23,30,24,10,5,3,20,6,15
85,66,70,62,63,55,40,79,58,62,58,62,47,36
9,-3,16,-9,9,1,1,0,0,0,0,0,0,
42,58,60,51,46,49,53,31,48,46,42,36,,44
4,24,30.16,42,64,72,68,0,11,31,30,49,54,57
67,65,80,77,67,69,63,61,J,72,66,53,64,49
3,66.8,X,-6,-5,5,13,0,0,0,0,0,0,0
58,50,41,49,58,148,41,47,E,32,44,49,44,34
,37,40,23,24,34,37,3,22,24,1,0,10,8
72,80,60,71,76,74,60,65,69,54,64,71,65,46
117,92,85,89,108,88,112,112,84,74,83,99,74,107
6,6,17,11,-2,10,10,0,0,1,0,0,0,0
72,85,69,126,70,53,52,65,76,62,55,64,46,45
7,30,45,43,65,56,82,0,16,33,26,51,40,63
70,80,74,66,54,50,52,69,80,67,62,48,47,47
5,14,40,51,41,67,72,0,4,24,39,31,52,
99,114,81,117,84,85,108,87,103,74,108,78,76,102
10,3,6,17,19,2,14,0,0,0,0,0,0,0
76,74,65,71,77,68,126,69,68,59,63,66,59,65
94,108,100,99,87,86,91,,99,94,92,75,80,79
76,77,66,63,54,56,58,68,76,63,62,46,54,57
-7,-1,3,1,0,-10,1,0,0,0,0,0,0,0
12,12,39,35,62,-3,61,1,2,25,20,50,54,44
20,-9,9,-10,12,-4,13,2,0,0,0,0,0,0
-3,7,H,4,-9,-10,1,0,0,0,0,0,0,0
81,112,81,104,105,102,82,69,107,74,94,98,90,73
-5,4,11,18,12,10,9,0,0,0,0,0,0,0
43,48,51,57,57,56,53,36,43,43,47,46,46,41
76,61,73,63,64,80,68,67,56,61,51,59,74,62
21,34,25,35,27,24,31,0,12,6,14,1,6,5
101,126,95,104,115,84,111,87,100,84,94,107,76,100
79,73,75,74,74,75,60,69,59,61,,65,63,50
D,14,1,-3,-1,-9,19,0,0,0,0,0,0,0
60,76,K,74,63,63,65,51,67,61,64,50,57,52
49,59,52,51,49,50,45,43,48,42,44,39,41,37
112,132,81,103,118,116,93,104,85,68,95,109,109,85
-3,-7,3,4,-4,-9,4,0,0,0,0,0,0,0
43,51,49,54,40,47,58,38,40,38,40,31,35,53
20,38,32,39,31,29,34,0,23,15,23,9,6,18
112,113,108,116,101,84,108,105,103,100,107,95,79,96
37,26,29,23,29,30,33,17,11,11,4,1,2,8
29,27,36,25,20,34,30,85.2,3,16,0,0,14,12
74,69,66,66,76,63,71,68,58,52,55,,56,63
48,46,42,54,58,47,45,34,39,32,40,45,40,39
119,100,86,100,115,116,109,106,94,75,90,102,105,96
21,28,38,20,38,31,20,0,5,13,0,18,14,0
69,70,67,76,67,78,66,63,59,59,69,58,65,55
88,78,71,67,52,60,40,83,70,71,64,49,51,40
27,38,31,28,21,36,33,1,10,9,12,0,13,16
7.84,24,26,31,53,70,60,0,12,11,18,35,51,44
60,53,58,52,43,58,45,54,45,47,39,32,46,40
-2,16,4,9,-3,12,-9,0,0,0,0,0,0,0
55,41,49,59,60,50,57,48,34,38,54,48,43,43
80,60,66,75,72,60,79,66,46,58,66,65,52,74
71,74,74,69,66,75,62,60,62,62,55,60,67,57
4,28,28,52,61,63,84,0,17,14,34,44,52,69
97,115,100,95,89,98,82,90,110,95,81,78,85,77
40,37,23,,26,40,28,15,15,3,0,0,17,0
72,74,66,69,78,78,60,59,69,59,57,,68,55
25,24,25,46,46,55,72,9,8,10,35,30,44,59
-6,-4,-10,14,-7,-1,16,0,0,0,0,0,0,0
68,77,68,66,72,63,80,54,67,58,60,61,58,75
86,107,101,100,103,85,82,76,96,94,86,97,74,74
89,111,119,90,84,84,119,76,98,113,76,75,73,111
57,56,58,57,1.84,56,59,49,43,51,46,43,49,53
32,34,31,26,34,23,32,14,13,4,11,13,3,13
17,20,-5,-9,17,4,12,0,1,0,0,0,0,0
120,66,78,69,60,66,63,63,52,70,O,46,56,49
15,34,36,31,63,146,81,0,19,19,18,51,50,64
82,80,78,69,69,-7,48,74,75,72,69,66,40,47
86,80,78,55,64,50,44,78,75,78,54,59,46,36
73,60,66,68,60,62,60,61,54,56,62,50,55,47
34,22,35,23,37,38,36,5,3,18,0,13,21,18
88,86,102,81,107,105,93,83,74,88,76,101,99,81
-2,4,-1,10,7,19,17,0,0,0,0,0,0,0
60,77,80,73,80,69,76,55,72,69,63,70,58,65
11,29,38,47,44,70,78,0,14,25,36,32,57,66
22,31,35,23,26,22,36,0,4,18,0,0,6,13
84,88,114,103,114,-8,85,72,77,102,95,101,88,78
21,32,38,39,39,38,36,0,8,22,22,Y,11,14
85,70,68,57,65,54,52,77,65,59,55,61,50,51
12,18,20,4,-4,5,-9,0,0,0,0,0,0,0
49,43,41,58,60,46,40,36,31,28,46,54,38,27
83,80,62,71,64,63,59,78,79,58,,61,56,56
76,69,70,80,68,74,73,62,59,56,O,61,61,60
33,40,26,32,35,27,22,11,19,3,12,8,5,1
55,43,59,47,42,44,48,48,P,48,38,30,38,40
10,33,20,49,43,69,84,0,14,2,34,29,57,66
0,17,21,45,61,58,75,0,7,9,28,47,41,61
97,117,82,96,107,96,90,86,104,69,88,100,89,82
55,45,44,46,49,59,49,43,38,30,40,42,54,38
79,77,65,77,-2,65,80,69,69,51,64,69,59,75
71,67,68,76,64,71,80,62,59,60,71,55,62,75
25,11,27,81.27,61,62,82,10,0,11,42,48,47,63
,59,41,59,55,58,41,36,50,31,50,42,44,32
23,35,41,36,64,59,78,4,23,30,20,51,44,N
68,61,80,0.11,69,62,73,56,47,66,75,64,50,63
21,29,21,43,55,65,79,6,13,11,31,43,47,61
72,72,61,59,61,45,51,72,70,60,50,58,36,42
34,34,D,33,26,27,24,7,18,6,12,2,11,2
72,73,63,80,60,78,68,64,63,52,70,60.82,72,56
-9,15,6,-4,14,16,-8,0,0,0,0,0,0,0
60,65,61,79,64,78,80,51,57,54,69,51,65,74
67,-5,68,80,70,78,62,62,62,63,71,62,72,57
75,69,67,55,61,45,58,66,66,63,51,54,44,58
32,20,25,20,29,38,26,14,0,0,0,7,13,5
72,82,69,69,56,48,42,67,76,64,61,49,48,35
41,45,42,58,46,41,44,33,37,36,45,33,30,30
34,34,36,28,25,28,34,13,12,10,13,0,12,18
-1,7,10,7,19,-8,11,0,0,0,0,0,0,0
76,78,61,69,65,45,58,73,77,60,65,56,38,56
20,19,40,49,46,59,65,7,9,25,33,28,46,53
52,50,46,54,48,,54,45,44,38,43,43,50,43
0,-8,19,-5,135,12,3,0,0,0,0,0,0,0
71,78,124,73,65,68,77,57,64,66,62,57,56,69
90,106,84,85,117,96,97,77,92,70,78,106,86,84
23,38,38,30,30.04,21,34,0,15,18,5,0,6,19
18,35,28,47,42,54,79,6,25,11,30,68.82,39,62
14,17,21,50,43,62,75,2,7,6,35,31,46,58
46,51,54,59,60,44,43,40,45,42,49,48,31,31
4,25,31,46,61,55,66,66.12,12,12,36,42,36,50
20,13,20,34,61,71,67,2,0,8,21,46,52,52
26,28,35,30,30,33,26,0,9,15,1,8,8,9
7,25,29,47,51,62,71,0,8,17,31,,50,52
46,57,58,52,43,48,40,40,46,45,44,38,41,30
21,31,23,23,30,23,40,4,7,1,1,1,3,18
96,84,84,118,98,95,104,91,79,70,108,91,82,91
82,82,60,63,69,47,53,78,78,51,63,65,41,49
66,66,67,78,76,75,63,60,54,53,69,71,63,55
82,79,74,62,56,49,51,74,76,74,54,55,47,45
70,76,70,133,64,78,80,57,65,59,52,52,66,66
42,,49,41,54,49,58,29,45,37,29,43,40,50
22,20,23,25,31,39,37,0,0,0,3,15,11,19
97,92,94,110,105,116,113,86,85,82,98,96,107,107
84,77,66,69,63,60,56,84,74,57,68,61,60,49
40,45,41,60,57,42,47,34,39,35,49,46,34,34
80,64,67,76,74,61,75,70,52,53,64,68,48,65
73.12,29,29,21,35,27,32,21,13,14,T,9,5,3
18,31,41,55,60,57,69,0,17,30,38,43,45,51
65,69,75,69,64,60,71,52,57,62,55,56,53,60
14,33,23,41,47,74,79,0,14,7,22,31,57,69
69,69,72,74,60,62,68,58,62,60,65,54,54,58
80,65,G,61,0,51,54,75,58,69,59,54,45,51
74,65,71,62,69,48,59,65,64,68,57,69,46,58
6,-1,19,8,12,10,-7,59.81,0,3,0,0,0,0
89,77,67,55,67,52,58,85,68,63,55,58,43,58
18,17,22,39.99,46,61,68,0,5,9,29,30,44,53
68,74,79,78,73,64,67,57,62,65,70,62,54,58
40,42,45,59,40,45,57,34,31,32,45,27,37,49
8,26,,37,59,56,71,0,10,21,20,44,38,53
-5,20,18,10,-2,-8,9,0,0,0,0,0,0,0
108,81,88,92,111,85,115,99,71,78,79,105,79,104
4,-9,-8,13,-3,-1,12,0,0,0,0,0,0,0
53,46,40,57,52,57,47,44,32,33,43,41,47,33
26,22,22,20,30,39,,5,0,0,0,91.68,27.48,5
51,57,52,45,40,49,43,41,46,38,31,34,42,34
54,46,46,49,57,51,43,43,36,37,40,51,46,30
14,26,32,47,60,67,66,4,11,19,35,45,52,49
69,60,71,122,77,67,68,61,55,64,69,69,56,62
48,56,44,50,46,47,46,76.82,43,34,41,32,40,33
79,71,60,74,68,56,55,72,65,52,73,61,47,50
77,60,68,77,60,78,61,67,52,55,67,52,66,50
110,97,82,92,118,89,89,,84,76,80,107,81,79
101,88,88,109,107,85,93,95,L,78,102,94,77,85
87,69,75,C,66,57,55,84,63,74,64,59,D,50
17,30,38,,63,57,69,3,19,26,33,53,47,57
75,69,62,61,67,72,79,61,63,52,49,60,59,66
112,82,105,115,108,95,87,103,77,94,104,99,85,82
,25,33,41,52,65,77,0,15,17,22,42,48,63
53,51,43,45,55,54,40,46,45,37,39,49,49,32
116,80,92,97,88,107,108,109,67,84,85,79,95,99
20,30,22,40,40,21,,5,8,0,22,14,1,14
18,33,23,37,52,68,65,4,23,9,25,40,58,48
110,88,114,91,96,98,89,97,76,108,83,86,85,82
114,112,93,114,110,106,104,105,98,88,103,99,,99
84,85,63,59,63,56,40,79,82,57,57,61,52,39
118,111,100,99,104,98,111,113,102,95,85,91,86,105
6,19,41,53,41,70,89.11,0,3,31,34,,56,72
21,38,34,-9,39,23,39,4,20,17,13,19,0,21
34,33,27,28,28,33,29,7,14,1,12,4,5,0
77,75,64,70,72,66,73,69,68,54,60,61,52,65
33,33,23,20,20,40,21,16,16,6,0,3,24,
20,14,16,18,-2,-3,3,,0,0,0,0,0,0
36,20,20,30,35,26,37,8,1,0,7,17,6,14
39,20,32,21,143,26,40,14,0,6,3,9,0,25
3,13,19,14,55.9,-4,-8,0,0,4,0,0,0,0
7,F,33,41,65,64,85,0,4,21,23,51,54,73
81,77,80,63,66,49,46,74,68,79,N,63,48,40
60,43,45,44,59,46,46,53,35,Q,30,46,35,33
59,53,56,56,45,54,,49,39,42,49,38,42,46
79,66,68,70,58,49,47,79,64,59,68,54,45,46
80,81,113,102,-5,88,86,72,75,103,92,103,78,80
52,44,42,43,46,42,54,44,34,31,32,40,33,44
72,70,77,73,60,62,44,65,68,68,71,58,54,42
80,-5,69,62,70,60,54,78,67,63,61,68,55,48
38,29,38,35,28,33,37,12,2,18,12,5,7,17
62,79,72,62,65,148,75,55,71,50.63,55,60,60,61
75,66,74,56,68,49,44,73,61,71,48,64,46,43
61,76,76,65,76,73,65,51,62,70,56,62,59,53
11,19,20,53,63,66,65,0,1,9,42,52,52,N
80,86,104,109,81,120,91,72,73,97,98,67,112,79
78,67,74,69,74,50.37,60,65,59,61,60,65,48,50
13,14,-8,-1,3,8,16,0,0,0,0,0,0,0
79,73,75,68,73,76,60,69,63,62,62,61,64,54
48,E,49,48,58,45,45,39,40,39,36,47,39,36
118,118,118,85,120,115,87,106,112,109,74,115,109,82
60,49,57,43,60,42,56,49,43,49,29,47,29,43
31,25,28,32,26,29,29,3,7,9,56.82,5,12,6
78,65,64,142,69,75,77,69,60,59,55,60,69,63
18,19,3,15,9,8,10,0,0,0,0,0,0,0
83,109,84,89,F,97,103,78,104,79,75,77,V,93
26,21,24,27,30,28,27,0,1,0,0,13,4,6
84,73,69,72,61,48,51,79,73,61,72,61,42,51
31,31,32,30,30,24,23,15,2,13,8,11,6,0
9,X,35,30,Z,66,80,0,13,24,18,36,56,66
20,25,26,32,44,55,61,4,12,10,15,29,42,45
85,65,60,56,53,47,60,K,58,53,49,50,46,51
33,35,40,22,21,34,26,7,19,14,7,0,7,0
50,47,52,50,58,55,44,,37,41,36,49,45,33
-5,1,6,-10,-4,-6,4,0,0,0,0,0,0,0
60,42,58,47,50,43,45,48,34,46,42,42,33,33
83,67,70,59,56,60,53,80,65,63,50,54,57,44
46,54,55,47,51,44,56,41,41,45,37,43,38,45
54,43,50,40,46,46,54,45,38,42,33,37,38,45
43,50,60,14.79,53,L,132,30,38,50,37,45,45,38
24.69,34,32,46,45,51,76,2,18,14,35,31,37,61
100,90,108,97,88,110,107,94,83,98,R,78,98,96
66,63,75,,75,61,70,54,49,70,51,61,47,60
14,9,-9,3,-8,16,11,0,0,0,0,0,0,0
35,27,24,26,28,27,34,17,12,5,11,6,0,18
77,65,T,59,70,57,54,76,61,60,58,66,55,53
29,38,40,33,30,39,28,0,20,17,10,10,W,10
10,-2,4,-7,16,-4,0,0,,0,0,0,B,0
109,84,101,94,-8,114,R,103,,94,81,70,106,109
78,65,62,62,64,73.03,68,67,52,51,55,56,71,60
83,75,64,69,68,53,43,81,68,57,68,66,50,42
107,93,82,117,82,85,91,102,86,76,108,74,77,85
8,11,45,48,61,67,72,0,0,32,35,42,49,53
89,104,146,93,119,84,83,77,99,69,86,110,71,75
75,65,66,72,72,75,71,70,57,56,66,60,63,65
1,-6,-4,-2,20,-3,20,0,0,0,0,3,0,0
18,19,20,45,63,59,62,5,6,2,30,46,43,49
35,31,32,20,38,32,33,10,5,12,0,13,9,17
70,76,73,62,80,61,77,57,70,68,52,73,54,66
O,80,82,111,81,103,113,84,75,76,97,69,91,103
26,30,23,38,22,27,22,5,3,6,18,3,8,4
7,-6,13,10,4,-7,-5,0,0,0,0,0,0,0
54.15,71,61,2.42,68,62,50,77,67,52,69,64,59,42
64,75,64,60,72,62,73,50,65,54,55,64,48,65
86,70,62,61,52,56,57,85,68,60,61,49,48,51
103,100,114,94,86,104,83,56.33,91,100,86,73,98,69
11,3,18,6,-6,3,0,0,0,2,0,0,0,0
45,49,55,48,53,48,53,35,37,45,36,45,35,41
20,17,7,123,11,6,8,0,0,0,0,0,0,0
100,119,103,85,84,84,116,91,108,97,72,73,74,106
38,39,35,34,26,35,31,20,15,20,12,2,12,4
50,48,,53,59,56,58,43,37,37,42,51,50,51
70,60,79,72,70,62,79,61,53,65,64,62,52,68
41,57,47,I,43,48,60,28,47,37,32,29,42,53
79,85,79,72,51,59,44,79,79,79,68,49,56,44
79,127,78,75,,55,40,71,66,71,73,58,46,35
-4,-10,-3,12,18,-5,-1,0,0,0,0,0,0,0
17,-2,4,7,-3,1,-6,0,0,0,0,0,0,0
143,69,65,63,65,61,77,52,63,52,53,56,51,69
52.19,113,99,117,84,93,116,91,103,94,105,70,83,103
105,97,92,107,90,120,108,99,90,82,98,84,112,95
65,62,72,63,74,76,65,57,53,62,54,67,67,58
80,66,61,58,65,56,53,78,63,56,50,62,54,50
42,58,46,58,47,40,123,33,52,50.68,48,40,28,41
80,72,64,70,57,45,47,73,69,,62,55,41,40
53,48,46,54,57,49,46,41,35,39,45,47,37,39
79,73,72,55,54,55,48,,70,70,54,49,55,39
39,27,37,32,32,36,20,21,4,12,6,15,20,4
71,75,63,58,54,61,59,70,67,54,52,52,60,52
56,55,49,58,58,48,59,51,45,38,50,53,40,51
39,39,32,21,25,40,0,13,21,4,0,8,24,7
39,22,27,38,35,40,39,11,1,11,18,14,25,13
14,31,44,40,58,56,65,4,19,27,24,48,43,54
28,24,32,40,33,27,23,12,5,7,11,11,9,0
8,7,-8,4,9,19,0,0,0,0,0,0,0,0
75,66,79,78,63,67,63,61,61,69,64,56,60,52
73,63,76,79,68,60,62,62,58,65,X,61,55,56
58,60,45,44,43,52,51,46,50,40,39,38,40,42
31,29,35,30,32,24,37,10,10,15,2,9,9,20
B,117,104,109,102,117,83,89,112,92,95,94,104,72
115,98,93,117,80,103,108,110,91,84,104,75,98,95
80,77,72,59,60,45,45,80,77,70,55,57,45,43
10,-4,7,-10,-5,-8,142,0,0,0,0,0,0,0
30,30,25,22,32,40,31,8,13,1,5,5,12,6
35,31,23,35,24,26,25,16,12,5,15,0,0,0
6,22,43,42,45,56,60,0,3,26,25,34,38,45
33.63,80,80,63,77,78,68,59,73,66,58,68,72,58
82,73,70,68,52,65,54,74,65,64,65,45,59,51
62,69,65,-5,69,76,64,56,55,,50,64,V,51
79,71,75,65,57,62,53,72,69,66,59,52,54,48
-9,7,18,9,-5,13,10,0,0,0,0,0,0,0
74,77,60,71,69,61,72,66,63,46,65,59,56,63
77,77,76,69,69,46,40,74,72,75,63,69,39,36
12,16,42,54,54,50,63,0,3,30,40,42,39,49
68,69,60,129,65,72,67,55,64,53,64,54,64,53
22,38,39,28,22,38,35,6,17,24,7,0,19,19
1,18,24,53,64,50,66,0,7,6,42,45,34,56
21,26,23,45,51,59,77,3,7,7,31,39,42,59
22,-2,20,23,20,23.09,35,1,,0,2,0,17,19
21,25,30,28,29,40,20,0,W,2,1,0,11,5
98,,118,93,108,92,88,84,97,107,79,94,81,79
72,80,77,73,70,70,61,66,67,63,61,56,63,52
84,88,118,95,96,116,98,74,80,110,83,89,107,46.03
32,25,24,32,38,31,40,13,0,0,9,18,10,12
36,33,27,21,20,36,40,11,12,7,6,0,7,20
37,29,40,30,39,34,27,22,9,16,5,22,12,1
85,80,80,95,84,82,83,75,73,70,87,74,73,78
90,105,92,120,90,90,116,82,94,79,107,76,,109
3,11,31,50,47,-3,71,0,1,13,38,34,45,
5,16,3,18,19,-4,20,0,0,0,0,0,0,0
107,101,114,85,108,116,107,101,95,103,72,99,103,100
35,37,37,40,34,32,22,18,20,19,22,12,8,3
59,40,49,44,49,54,56,53,26,39,34,43,41,50
16,20,-8,16,20,-3,12,0,0,0,0,4.93,0,0
15,30,21,44,50,74,79,4,16,6,33,35,62,69
67,76,70,78,72,80,70,57,63,57,72,60,66,62
33,38,35,31,30,24,27,9,16,18,2,8,3,0
8,14,21,48,143,,64,0,0,11,34,30,57,46
31,28,32,36,26,34,30,16,3,15,9,2,10,12
19,17,23,40,62,54,72,3,6,8,23,52,40,60
16,1,-8,13,0,0,13,0,0,0,0,0,0,0
40,26,38,37,27,37,23,16,6,17,13,1,12,0
74,78,-9,67,59,54,42,66,69,57,61,53,46,33
88,94,99,112,95,114,119,80,88,87,102,83,105,105
90,114,82,90,105,98,106,76,102,72,85,98,91,100
16,18,31,43,45,50,61,2,4,19,31,32,37,45
48,51,40,58,48,46,43,34,37,30,47,40,39,34
85,85,78,57,55,46,49,78,85,73,56,52,43,42
72,67,75,61,70,80,65,64,53,70,50,56,68,59
,58,40,44,49,52,57,48,45,34,38,36,40,51
30,25,24,,37,23,28,3,7,7,0,18,0,2
78,80,76,75,64,52,80.41,78,72,74,68,64,52,46
15,27,29.37,30,50,59,63,0,13,9,18,33,44,49
0,27,33,55,62,73,78,0,14,21,37,43,62,67
73,78,74,72,57,45,48,71,72,68,65,55,40,43
63,77,60,W,63,62,69,50,69,46,53,53,51,60
88,90,115,89,108,108,119,79,84,102,76,99,97,112
11,-1,11,-4,15,7,4,0,0,0,0,0,0,0
37,30,26,40,24,26,33,8,14,0,V,,2,13
27,26,39,32,21,30,20,1,8,20,7,0,12,0
27,23,38,37,34,35,38,0,4,23,22,18,20,19
74,83,71,63,64,51,47,69,82,,57,61,46,47
105,102,99,98,102,98,101,99,89,88,85,91,92,91
3,15,34,43,51,51,60,0,0,19,26,40,36,45
86,73,74,70,65,65,54,81,72,69,69,65,60,53
51,52,49,56,55,53,44,45,39,41,43,43,48,31
63,62,78,62,,72,74,53,50,67,54,53,62,65
20,38,35,31,36,23,,60.98,21.35,18,6,13,0,2
80,65,74,72,64,51,47,73,59,66,72,63,30.85,39
75,61,68,78,64,71,80,63,49,54,67,58,66,69
117,84,107,117,97,88,98,107,73,99,107,89,77,87
40.44,43,59,42,51,40,41,40,31,45,33,43,29,28
40,51,58,53,55,40.86,53,29,38,45,44,47,44,46
-4,0,-6,-9,0,13,10,0,0,0,0,0,0,0
22,23,34,45,63,63,64,5,4,19,34,47,51,52
-7,112,113,117,120,114,85,81,103,108,110,107,100,87.67
61,77,74,67,77,70,64,56,70,63,56,71,62,51
21,39,22,23,28,26,31,0,18,1,6,5,2,7
18,33,43,43,41,57,60,,23,25,27,30,39,44
8,25,34,48,55,68,77,0,7,20,33,40,56,64
18,32,23,51,46,55,72.74,5,17,6,36,33,38,69
74,64,79,74,75,74,67,68,57,74,64,65,69,53
89,79,75,57,58,49,45,84,75,70,54,54,47,43
3,25,22,31,60,54,85,0,10,8,21,45,41,67
39,23,33,28,37,32,27,11,0,16,9,14,9,6
5,-10,14,-4,6,13,15,0,0,0,0,0,0,0
17,0,-10,2,10,-9,13,0,0,0,0,0,0,0
45,51,47,49,43,48,51,33,39,40,37,30,38,46
5,17,-5,-10,16,9,18,0,0,0,0,0,0,
16,16,25,46,58,67,83,0,6,13,33,40,54,66
1,9,18,11,14,10,-2,0,0,1,0,0,0,0
81,D,69,71,56,55,54,77,73,60,,52,55,50
3,27,45,49,49,70,65,0,15,27,30,38,53,48
2,15,-6,31,55,58,68,0,4,11,20,40,42,53
70,67,65,71,63,63,52,67,60,58,63,62,61,52
13,26,43,30,40,74,67,0,13,25,15,24,55,52
67,67,77,78,65,77,0.63,54,55,63,66,60,70,55
0,27,34,31,54,60,68,0,10,16,20,41,46,52
46,58,54,134,47,52,54,40,49,42,46,38,45,42
46,53,49,52,40,48,48,41,48,35,39,29,35,42
5,9,18,4,-5,20,6,0,0,3,0,0,0,0
40,34,25,30,38,40,37,22,11,8,6,23,13,17
80,72,79,65,66,50,49,75,65,79,56,58,50,43
150,80,61,61,53,55,42,87,72,52,55,46,55,36
9,-9,0,16,-6,-4,8,0,0,0,0,,0,0
11,-3,-6,-5,7,6,0,0,0,0,0,0,0,0
85,66,73,63,53,62,52,77,60,67,,50,55,48
8,31,37,35,52,73,75,0,17,24,19,36,58,64
53,54,59,55,58,42,59,46,47,46,42,44,30,48
23,26,22,34,22,29,37,3,,1,13,0,10,15
15,14,20,48,42,59,79,4,0,7,37,29,40,64
-10,5,6,2,-9,2,-4,0,0,0,0,0,0,0
-3,-3,8,-7,-5,15,12,0,0,0,0,0,0,0
51,46,57,42,41,44,41,39,34,49,35,33,30,31
52,40,42,44,55,45,59,40,29,36,39,45,35,46
32,21,31,33,28,34,25,13,6,11,13,8,13,10
2,26,36,38,60,52,70,0,15,17,25,50,38,59
25,31,21,24,22,39,23,5,5,3,0,6,10,0
65,74,62,68,63,65,77,58,62,51,62,58,56,66
1,24,29,45,59,58,61,0,6,11,32,44,47,51
-1,25,29,37,53,62,78,7,12,13,27,37,43,68
7,-3,-3,15,15,10,-3,0,0,0,0,0,0,0
8,-7,-5,-1,8,20,6,0,0,0,0,0,0,0
86,74,71,59,58,46,41,83,68,65,54,57,37,41
41,41,-3,45,I,60,46,33,34,52,36,30,46,38
85,102,120,97,112,120,116,72,88,106,84,98,115,111
115,92,82,93,86,91,106,104,82,71,86,72,84,92
53,59,56,60,60,46,51,43,45,45,53,48,36,39
21,31,36,44,51,75,84,3,17,W,30,33,61,65
8,-6,18,-6,7,-4,17,0,0,0,0,0,0,0
113,91,101,87,109,93,111,99,80,87,78,103,80,105
16,33,36,54,51,71,79,0,19,17,35,40,54,63
70,79,60,71,75,66,60,60,66,52,66,65,59,50
23,30,28,,126,36,20,7,3,8,18,12,14,0
3,0,-8,-7,-3,17,17,0,0,0,0,0,0,0
12,-8,,-7,4,-8,11,0,,0,0,0,0,0
80,106,,91,96,99,81,70,97,107,77,84,89,69
40,52,57,59,48,48,58,29,44,45,47,34,35,51
12,18,1,44.89,-10,-7,19,,0,0,,0,0,0
14,-8,19,8,-6,14,9,0,0,1,0,0,0,0
97,95,108,104,109,80,93,90,90,101,95,102,72,85
102,99,88,94,85,80,117,91,90,77,80,76,74,103
7,12,44,52,58,63,80,0,0,31,39,42,44,68
26,23,30,24,29,27,32,5,0,7,0,9,12,16
26,30,38,30,30,32,38,N,4,14,7,2,11,22
66,73,68,67,62,67,64,57,67,55,53,55,53,53
1,26,45,36,14.87,72,70,0,9,28,18,50,57,60
106,85,101,101,86,95,107,92,72,93,87,76,84,
60,G,45,42,58,51,46,55,45,40,30,44,40,32
75,83,74,58,52,60,50,73,79,68,56,47,60,42
,29,38,30,53,143,80,3,13,25,16,40,41,68
10,-6,-6,0,1,-9,-1,0,0,0,0,0,0,0
55,55,41,54,59,56,40,43,48,29,,45,46,27
13,10,36,46,61,59,65.56,0,0,17,29,47,77.35,50
64,71,80,71,71,80,60,51,62,66,61,58,66,51
49,60,57,-3,49,45,60,43,50,50,53,36,37,50
14,-5,1,19,14,0,16,0,0,0,0,0,0,0
27,23,21,33,34,36,40,12,0,0,12,17,18,23
27,32,25,23,35,33,31,11,4,0,5,12,17,2
103,99,118,90,105,96,81,94,89,112,82,98,84,69
,33,43,138,56,62,74,0,23,29,35,44,47,58
16.05,80,0,66,57,46,42,73,71,70,65,54,42,35
52,46,41,47,49,40,46,46,40,36,33,42,29,41
82,98,82,89,80,85,84,75,91,69,77,74,71,76
13,18,9,4,-5,16,15,,0,0,0,0,0,0
-4,-2,20,5,18,-6,-6,0,0,0,0,0,0,0
-6,19,17,-4,11,-9,17,0,0,0,0,0,0,0
42,59,41,52,40,51,59,37,51,28,46,33,43,49
23,14,23,31,41,68,62,9,0,A,21,31,50,48
60,76,62,68,62,74,69,49,69,57,62,56,67,57
117,95,115,117,H,84,84,109,88,105,112,106,73,71
9,11,-4,16,-7,-3,16,0,0,0,0,0,0,1
57,46,58,50,52,41,52,44,39,44,X,44,35,44
119,114,115,114,116,82,119,107,68.66,109,102,111,70,109
25,30,21,39,36,36,21,0,5,0,17,15,11,0
-6,9,4,11,-2,18,6,0,0,0,0,0,0,0
0,-4,18,6,19,2,-4,0,0,,0,0,0,0
41,41,51,54,52,40,52,36,31,45,46,44,34,42
17,28,41,36,63,73,85,3,11,22,17,48,58,72
57,59,72.03,58,53,52,45,49,51,46,53,45,41,40
31,30,23,35,30,37,27,6,15,0,13,14,15,8
59,52,42,46,42,41,59,47,46,34,40,28,32,45
-6,0,0,15,14,-3,10,0,0,0,0,0,0,0
70,83,80,65,53,45,44,66,78,,60,48,38,38
115,116,116,82,92,110,97,104,102,108,68,85,99,92
72,77,67,27.64,54,63,42,64,74,63,67,47,57,34
43,51,48,57,58,49,49,36,43,38,50,45,37,41
84,80,114,82,C,94,97,74,72,108,68,100,82,83
57,57,46,40,47,55,56,43,52,35,35,37,45,51
49,45,43,53,50,56,51,40,33,34,40,44,51,44
92,87,101,92,119,112,103,85,75,96,82,114,98,96
67,77,77,60,64,79,68,54,66,66,46,53,68,61
30,25,22,22,21,21,G,12,3,0,7,0,0,0
41,41,43,47,42,51,54,33,35,29,42,29,45,45
24,20,38,40,76.08,35,29,1,0,10,16,3,14,13
-6,8,4,-4,19,2,-5,0,0,0,0,0,0,0
1,28,22,50,42,67,79,0,13,9,36,24,54,60
2,17,41,35,63,74,71,0,0,26,25,48,57,56
72,69,67,71,77,63,67,58,57,55,64,71,49,55
89,82,71,56,51.36,65,41,86,74,67,52,49,62,39
38,33,24,27,34,23,23,13,13,9,5,15,0,2
0,17,33,38,55,66,W,0,0,14,19,40,55,69
18,18,31,52,45,54,69,7,8,20,38,33,42,51
86,105,88,87,120,93,83,79,91,77,78,110,87,74
40,26,24,34,38,23,31,11,2,4,10,13,0,10
76,75,64,75,72,64,71,63,69,56,69,61,52,63
78,73,66,70,77,73,77,69,63,59,61,63,61,72
36,25,22,28,35,36,36,18,0,2,9,19,14,21
66,68,67,79,66,76,65,57,55,62,68,55,70,51
78,78,66,58,67,57,48,74,75,65,57,63,56,40
29,28,31,20,22,27,8.02,2,3,11,0,0,4,8
112,97,91,82,82,90,80,105,83,86,77,77,82,71
53.4,57,41,58,48,41,41,41,43,35,45,34,36,34
78,68,65,74,M,69,77,69,59,53,61,51,63,74.96
46,40,57,42,57,,42,38,31,51,32,48,40,28
48,43,42,60,56,46,56,42,30,33,47,49,32,47
25,27,31,30,40,59,-4,15,16,20,16,28,42,55
18,3,14,14,-6,-4,8,0,0,,0,0,0,0
37,27,25,36,34,23,20,17,2,9,7,5,8,0
37,30,35,21,31,25,35,14,12,18,0,3,0,8
28,22,34,131,27,30,40,12,1,16,8,4,10,16
40,45,57,47,54,59,42,26,34,45,41,47,51,28
75,70,71,72,74,70,69,65,63,57,66,65,E,58
-3,13,3,14,13,7,-2,0,0,0,0,0,0,0
87,88,83,91,116,90,90,81,83,69,86,109,78,78
116,81,119,100,106,-9,89,107,68,113,89,93,89,82
-3,-2,10,-6,4,4,20,0,0,0,0,0,0,U
87.96,65,64,78,73,78,68,51,59,56,66,66,71,56
44,41,53,51,46,47,48,35,28,46,43,41,41,36
8,15,26,34,52,57,62,0,5,10,24,37,38,52
71,65,68,75,133,74,60,64,51,55,63,68,66,49
68,72,71,69,63,80,61,62,58,61,63,56,68,49
112,105,85,98,81,113,103,107,92,,86,72,102,90
3,26,44,40,45,62,72,0,15,,26,26,V,62
73,82,67,62,57,65,45,J,79,65,62,48,65,39
20,30,35,38,28,36,22,0,11,20,21,0,7,
107,110,109,99,120,92,45.38,102,105,98,94,110,79,72
43,42.11,46,42,44,41,49,31,35,34,37,39,33,37
113,110,86,107,99,84,90,108,102,76,96,86,73,84
36,31,26,22,38,29,33,12,6,5,5,10,0,6
24,12,23,50,46,51,61,12,0,10,33,30,39,48
148,40,23,21,27,30,27,4,13,0,4,6,4,3
50,48,44,53,55,50,51,45,40,30,43,43,42,42
106,115,89,113,97,81,98,95,110,81,101,60.84,72,90
44,40,,50,55,57,50,,29,,45,86.82,49,45
56,43,59,57,47,46,51,51,,50,44,38,32,37
78,82,60,61,66,55,42,77.47,80,57,57,66,49,36
17,32,41,30,64,60,68,0,14,31,15,45,47,49
33,25,37,26,30,30,40,18,5,14,,1,8,12
76,66,63,75,63,62,74,,54,49,69,51,54,67
X,116,116,98,92,80,120,103,105,110,93,85,68,114
5,15,32,33,49,58,81,0,2,16,22,37,44,63
19,21,30,54,59,71,63,2,3,20,38,40,59,53
,65,78,60,63,63,79,65,57,67,46,54,54,74
53,51,56,59,55,51,57,40,41,47,46,42,39,51
32,27,30,26,24,-7,22,17,5,9,5,8,4,7
85,70,62,72,65,61,41,81,61,54,65,61,52,34
9,34,40,53,42,66,80,0,23,26,34,27,52,61
0,14,41,35,I,51,77,0,0,30,25,31,32,67
29,34,40,22,23,33,26,4,7,12,0,5,4,5
34,33,30,37,21,38,36,5,5,1,21,0,9,15
85,74,68,58,66,64,40,77,73,65,52,61,63,39
29,40,34,29,35,39,29,12,16,19,7,12,14,11
38,29,29,37,24,29,37,21,13,9,12,6,0,21
80,68,72,78,72,74,67,73,58,66,68,61,63,60
73,78,76,68,51,124,42,71,77,67,60,42,48,34
9,17,12,20,14,17,-8,0,0,0,0,0,0,0
90,66,69,56,54,65,45,82,63,,55,52,60,38
53,43,53,57,57,50,42,46,34,40,49,49,45,35
52,43,46,41,41,59,53,40,29,35,28,33,53,47
2,35,33,38,50,51,60,0,20,18,28,34,33,43
69,72,70,66,72,70,67,60,60,65,60,62,58,55
104,104,94,113,93,82,94,95,94,82,107,83,71,84
-8,-3,12,-8,7,6,9,0,0,0,0,0,0,0
2,32,31,139,58,56,65,0,14,14,11,39,38,54
23,32,40,45,60,73,74,11,15,23,33,43,60,58
101,83,112,83,106,115,113,87,73,105,77,95,110,104
82,86,91,95,102,114,90,69,75,86,88,96,109,82
119,106,107,100,119,102,92,110,96,96,89,109,91,81
102,89,82,110,90,118,92,94,,76,97,78,112,85
66,80,68,61,79,73,70,55,67,56,55,68,66,62
32,35,33,40,39,35,30,15,18,6,16,13,18,14
6,8,11,8,-4,-7,-10,0,0,0,0,0,0,0
28,20,23,132,35,22,23,12,1,0,4,15,5,0
-3,-5,7,9,7,13,12,0,0,B,0,0,0,0
83,80,76,74,27.79,60,52,82,78,71,68,61,60,51
49,49,51,56,50,48,52,41,41,39,47,40,35,44
84,84,108,84,D,V,88,78,72,95,77,93,81,74
41,51,52,53,59,52,55,34,37,39,48,52,39,47
24,28,28,36,44,69,67,6,13,14,17,32,50,48
5,-2,,-3,20,0,7,0,0,0,0,0,0,0
N,29,23,54,62,70,68,11,15,12,39,47,51,56
118,112,94,102,88,87,105,110,102,85,93,81,76,93
16,29,30,36,40,54,76,3,19,20,23,24,43,66
3,14,37,52,51,63,70,0,3,21,42,39,45,51
53,59,40,52,50,49,40,46,51,29,45,39,37,29
110,98,114,114,116,93,113,98,92,107,104,107,79,101
20,33,36,20,26,30,29,0,16,18,0,6,3,1
135,31,35,42,54,50,71,1,13,25,25,38,38,55
74,62,70,79,70,65,,64,49,60,70,58,51,53
85,84,86,96,91,105,114,73,71,81,90,86,100,104
68,65,77,75,71,80,62,62,51,71,61,58,97.71,56
71,78,79,80,71,61,63,59,65,65,66,58,56,57
47,59,49,42,56,44,41,41,46,38,30,49,37,27
16,19,7,6,15,12,4,0,2,0,0,0,0,0
9,28,36,41,53,61,65,0,9,20,26,36,51,50
18,14,42,43,58,51,81,1,0,26,31,39,35,70
-5,-9,-1,,-10,16,-10,0,0,C,0,0,0,0
-8,7,-2,17,14,,-3,0,C,0,0,0,0,0
71,62,72,70,71,80,61,65,49,66,65,60,70,55
-2,-10,-1,5,15,10,8,0,0,0,0,0,0,0
14,17,34,54,59,65,63,2,3,20,43,41,X,47
46,52,46,46,58,58,58,34,41,34,34,44,45,
44,51,42,60,49,55,54,39,41,33,50,43,48,49
85,105,114,85,84,101,90,80,91,102,78,70,96,85
18,15,12,17,8,17,17,2,0,0,0,0,0,0
1,31,32,36,62,27.35,62,0,12,18,19,48,59,44
87,P,112,95,83,101,102,82,66.0,104,89,74,93,92
43,47,57,60,57,51,47,29,40,52,46,44,45,34
72,67,75,60,56,48,45,66,58,67,58,54,46,43
79,73,70,71,63,74,61,72,61,62,61,49,69,52
34,21,24,30,33,22,35,8,0,8,4,9,0,6
49,48,47,60,149,46,50,41,39,33,52,42,W,40
81,80,99,102,91,,104,71,73,1.01,91,84,76,91
43,53,49,57,57,57,51,34,47,35,50,52,43,43
67,72,61,60,76,78,74,55,64,52,53,71,66,63
68,62,-3,61,70,79,61,58,55,56,94.08,61,68,55
72,74,74,76,63,69,66,59,67,68,67,52,63,58
105,109,117,82,118,109,84,91,100,112,77,106,100,75
104,88,95,84,96,105,83,95,83,81,77,83,92,74
29,31,23,P,25,32,24,8,5,0,3,0,9,0
-10,17,41,39,65,70,60,1,4,30,20,49,56,41
95,89,100,106,114,86,119,84,77,94,92,101,81,113
8,24,44,50,49,75,71,0,13,28,31,33,63,59
83,86,94,110,98,108,99,78,78,88,102,93,99,92
4,17,-5,4,11,-3,8,0,2,0,0,0,0,0
44,44,51,60,40,42,43,38,39,42,46,34,30,36
18,25,37,54,64,60,72,7,6,27,44,48,50,60
70,74,65,74,72.49,62,72,63,66,60,65,61,54,64
46,57,53,42,57,,56,38,48,42,28,46,43,49
74,81,N,63,59,57,139,73,73,65,60,52,52,41
86,88,87,116,82,97,92,81,77,80,105,68,85,81
43,44,49,54,47,55,44,34,38,43,49,36,41,39
99,112,116,90,94,97,80,87,99,105,76,89,88,75
64,71,68,67,72,66,67,56,65,58,53,66,E,54
46,48,48,44,53,48,52,35,39,38,37,43,41,41
V,53,53,43,50,48,58,47,45,47,29,44,41,47
49,53,Z,56,48,45,49,35,42,44,44,39,31,36
46,44,57,55,60,40,56,41,37,47,50,53,27,48
75,77,60,60,70,137,63,67,66,49,54,59,48,50
21,36,35,38,20,29,28,0,17,11,10,4,8,10
19,12,33,32,56,61,63,8,1,18,13,37,44,53
37,29,26,27,35,39,40,17,2,7,5,11,14,14
80,69,76,68,70,52,53,72,64,71,64,68,46,48
87,77,67,65,66,52,50,82,68,65,63,59,47,42
12,16,2,-8,15,16,9,0,0,0,0,0,0,0
0,15,15,4,-6,6,16,0,0,0,0,0,0,0
81,85,80,63,63,63,43,72,82,77,58,60,63,38
73,38.67,68,64,58,47,52,,58,66,56,53,44,44
90,83,73,65,56,61,46,87,78,66,64,54,55,40
21,-5,31,40,40,34,22,1,9,O,16,18,6,6
73,68,65,55,50,57,42,68,64,65,46,45,56,35
67,65,71,65,78,71,76,54,56,57,53,71,62,70
49,60,42,55,46,43,49,38,46,35,48,41,36,43
15,16,36,32,53,60,64,0,5,22,21,41,41,46
12,4,6,0,11,3,-5,0,0,0,0,0,0,0
85,109,83,90,109,80,107,80,103,71,81,97,75,101
103,110,116,95,120,98,105,89,103,102,89,110,91,93
57,44,51,50,50,H,43,48,36,40,39,39,44,34
6,20,14,19,-7,-5,20,0,2,0,4,0,0,A
75,70,68,68,56,53,50,66,69,61,63,54,51,48
25,16,42,34,49,60,74,11,5,32,20,37,42,61
53,52,58,51,42,59,46,45,41,53,46,34,54,37
-7,18,19,-9,15,17,4,0,2,1,0,0,0,0
54,40,48,58,47,49,58,44,28,35,53,41,38,53
88,84,77,56,T,61,59,81,75,76,47,50,54,51
75.07,25,38,24,29,32,38,0,7,15,3,6,5,18
79,75,75,67,80,67,63,70,66,66,55,67,62,55
81,100,83,85,116,117,105,75,92,77,73,107,110,93
90,65,60,74,57,61,50,82,62,56,73,56,61,42
15,15,5,12,-6,2,-5,0,0,0,0,0,0,0
101,88,107,112,104,97,119,96,74,98,98,94,87,113
83,75,61,67,63,57,42,75,70,57,65,56,48,37
10,5,3,-6,-4,0,126,0,0,B,0,0,0,0
56.91,72,77,57,64,49,9.56,78,65,75,49,63,46,38
42,44,40,41,49,42,53,36,75.77,33,29,42,31,44
84,69,66,60,52,61,57,80,66,60,51,44,55,57
89,105,111,97,116,118,98,76,95,52.2,83,103,113,86
16,Y,21,33,58,63,80,3,23,2,17,39,47,65
7,,3,5,-3,10,-2,0,0,0,0,0,0,0
16,120,12,16,13,-4,2,0,0,0,0,0,0,0
24,26,29,36,40,53,64,7,8,11,18,30,37,49
71,63,68,75,79,60,67,62,54,54,62,70,52,60
85,117,91,113,102,89,105,78,104,77,102,97,75,97
19,13,H,49,55,52,63,6,2,10,30,37,38,45
68,66,70,78,63,76,73,57,57,58,70,53,70,68
43,52,51,56,54,47.31,46,30,47,46,48,42,41,35
4,10,38,55,65,55,39.44,0,0,21,44,50,45,57
71,72,74,75,67,60,52,70,71,67,67,61,X,46
53,58,58,54,46,43,48,47,44,53,44,37,36,42
36,31,26,30,31,32,38,21,9,2,14,4,12,14
0,16,29,49,52,52,85,0,4,16,36,37,39,75
57,52,45,41,45,54,41,47,39,32,33,31,48,29
23,25,33,45,44,56,77,9,11,21,26,26,37,67
81,-6,84,98,113,112,89,71,106,79,89,99,105,75
19,30,36,35,62,64,84,1,20,19,17,47,51,73
60,67,68,62,68,70,66,53,58,57,53,63,60,56
55,55,42,50,60,58,43,46,48,30,37,47,53,30
75,65,,73,60,63,49,75,63,61,68,56,54,43
34,38,38,34,33,20,22,10,10,22,13,11,0,3
66,63,79,80,74,77,75,52,52,73,66,69,70,63
70,71,,69,66,53,40,70,65,80,Z,64,49,36
36,28,26,26,34,33,31,19,2,5,7,16,17,15
28,38,36,29,21,36,21,4,23,9,14,0,14,0
-2,4,-7,19,-2,-10,,0,0,0,0,0,0,0
44,46,57,50,56,59,52,39,35,47,37,49,47,46
85,73,62,74,50,48,45,81,68,58,67,33.5,39,42
-1,19,-6,1,-9,-3,16,0,0,0,0,0,0,0
-1,17,17,10,15,-8,18,0,2,66.01,0,0,0,12.04
44,40,44,55,55,53,50,39,29,36,44,43,41,45
15,19,-7,-7,13,1,1,,0,0,0,0,0,0
28,33,-3,20,25,27,40,5,A,20,0,3,10,17
47,57,45,60,60,57,59,41,43,32,55,49,43,47
,47,40,58,50,43,47,33,42,35,48,44,38,36
75,82,71,75,57,59,59,75,79,71,67,49,55,57
114,101,118,102,98,99,97,107,90,105,91,85,88,92
44,54,48,49,56,52,41,33,42,42,37,50,41,28
11,8,17,4,-1,-2,3,0,0,2,0,0,0,0
51,54,42,55,46,54,52,46,45,30,46,32,46,43
-2,-7,8,-8,-1,-2,-2,0,0,0,0,0,0,0
73,76,71,79,70,73,78,59,67,65,70,57,65,69
40,36,21,26,27,28,24,,12,0,2,8,12,0
93,89,88,89,87,99,108,83,79,83,79,76,88,97
85,66,64,64,60,56,42,83,60,55,56,55,55,41
77,68,64,74,-4,68,64,68,55,54,60,59,62,54
98,82,102,95,112,118,97,92,68,97,87,105,108,87
99,93,87,96,116,117,120,88,81,81,86,108,104,106
23,16,40,51,54,73,85,6,5,26,32,36,55,71
31,38,34,40,25,28,35,3,16,17,20,3,3,10
23,27,26,33,45,67,73,11,13,13,14,30,54,55
14,14,-10,14,8,10,1,0,0,0,0,0,A,0
41,45,F,58,56,41,58,Q,32,39,49,43,34,45
11,24,K,50,48,67,75,0,10,20,36,30,54,59
95,112,103,115,81,85,84,65.63,100,94,101,74,77,S
-1,12,-8,-5,0,11,11,0,0,0,0,0,0,0
68,61,71,61,77,71,63,58,54,65,51,72,57,57
17,-4,1,16,4,14,14,0,0,0,0,56.25,0,0
84,77,77,56,63,59,42,76,74,68,50,63,58,35
117,95,89,95,113,114,94,103,83,78,90,101,107,82
25,35,24,32,42,71,74,12,18,9,13,28,59,59
24,29,31,37,21,32,39,1,90.95,11,13,0,15,15
31,32,35,124,31,26,28,14,15,9,14,5,11,13
38,35,39,40,29,,39,13,19,12,23,8,4,12
64,79,69,61,78,60,77,51,72,55,56,69,51,72
16,26,41,41,46,68,80,3,,29,25,32,57,67
45,51,53,53,57,57,44,35,43,45,45,47,51,34
76,83,69,59,58,58,43,68,81,60,55,49,B,36
22,26,30,35,40,38,26,5,0,11,15,14,11,11
34,33,36,33,24,26,38,12,8,12,13,1,2,13
80,96,111,110,110,114,98,71,90,103,102,98,107,90
-4,5,1,6,9,19,11,0,0,0,0,0,0,0
60,69,72,61,66,60,68,49,64,63,50,58,48,54
109,90,87,112,84,91,100,103,78,74,101,74,82,92
83,66,73,69,54,62,42,83,57,71,68,53,58,40
44,63.19,57,48,54,53,51,31,39,43,38,45,40,37
52,53,45,54,46,58,49,47,41,33,47,33,46,38
73,81,64,58,64,45,47,64,77,59,56,59,41,38
104,104,109,38.19,108,81,102,97,99,103,82,100,70,97
73,77,65,75,61,61,43,66,75,58,75,56,59,34
25,25,22,26,32,22,20,10,10,0,7,7,0,5
-6,23,40,27,37,20,35,12,0,25,3,17,0,6
78,82,72,71,58,60,59,78,73,72,70,56,52,51
19,20,33,35,48,54,60,5,5,20,21,31,42,43
74,71,74,70,53,55,43,73,66,67,70,49,52,39
73,78,73,67,56,,52,68,73,70,66,52,41,52
39,36,20,23,39,25,35,15,10,,0,16,0,12
69,70,73,72,63,68,69,60,57,60,58,51,54,60
89,82,,60,50,61,40,81,77,77,52,45,55,39
80,86,96,112,94,98,110,72,81,84,98,87,85,97
26,32,31,36,37,38,34,0,17,3,15,11,23,11
73,63,76,63,69,79,76,61,49,67,57,56,67,69
92,120,88,119,94,94,-3,84,113,76,108,80,87,88
76,74,60,71,64,49,47,67,65,51,64,56,48,47
45,53,48,60,53,52,S,38,42,41,54,48,38,31
80,110,98,84,81,94,106,73,102,88,70,70,86,94
6,13,20,3,18,5,20,0,0,2,0,0,0,0
84,85,76,74,68,58,52,82,78,74,70,60,50,44
27,40,29,23,20,25,20,9,11,1,5,0,1,0
14,32,40,34,53,72,69,1,15,27,23,40,57,59
42,57,60,45,40,50,58,34,46,49,37,34,42,51
140,20,-1,76.33,-9,-10,-1,0,0,0,0,0,0,0
105,102,113,113,,118,110,97,94,101,101,106,111,97
51,55,45,53,57,49,-4,42,49,38,43,45,44,32
28,26,22,20,40,27,24,0,10,0,3,11,8,0
81,72,65,62,53,59,40,79,69,61,60,49,51,37
83,68,79,61,55,53,60,77,63,72,57,53,44,60
26,39,34,20,34,35,27,K,14,11,0,14,13,6
77,71,69,66,68,75,69,70,66,57,52,57,61,60
32,34,31,38,36,39,21,12,15,8,21,14,20,6
34,31,36,34,64.56,39,30,19,5,8,5,5,11,57.21
131,19,41,35,56,64,62,0,3,28,24,45,45,50
118,97,106,83,92,93,119,,91,96,74,86,86,109
90,75,73,61,65,57,41,83,72,65,55,64,56,39
74,67,76,73,69,76,69,61,61,71,65,61,71,61
54,58,56,44,57,50,48,42,51,50,32,44,42,34
32,25,34,15.77,24,35,20,3,0,13,0,8,18,0
78,81,60,65,61,55,51,75,81,56,57,55,55,51
69,-9,67,80,73,77,80,62,67,55,74,65,68,19.13
70,62,75,76,74,77,71,62,56,63,65,67,70,66
16,11,27,42,61,67,60,0,0,13,28,48,52,49
70,73,75,76,60,76,62,57,64,64,69,50,62,52
42,60,44,48,-9,50,41,35,52,38,36,36,36,33
75,74,67,64,50,52,55,69,66,61,57,42,49,52
54,54,51,50,50,40,52,47,48,43,44,41,34,47
77,63,60,65,64,76,73,66,53,49,59,52,63,66
41,60,51,42,45,60,52,34,51,38,37,33,51,43
23,26,29,31,32,22,20,0,11,10,F,11,0,0
23,28,21,37,39,34,40,0,8,0,19,24,10,20
7,1,19,7,-2,17,10,0,0,0,0,0,1,0
88,114,95,102,92,108,97,77,108,90,96,80,94,84
7,18,20,16,11,19,10,0,0,0,0,0,0,0
41,52,43,48,60,59,53,31,43,34,41,46,52,40
78,74,63,58,64,147,49,73,71,57,55,64,57,49
66,78,73,120,75,73,70,57,73,62,57,61,65,56
45,58,44,57,56,52,57,39,53,38,49,42,44,44
15,81.19,-6,5,2,-7,-2,0,0,0,0,0,0,0
77,78,69,72,78,76,64,65,73,55,67,71,62,55
53,56,43,60,59,49,40,41,51,32,55,48,35,26
55,-7,49,41,44,50,50,45,47,40,35,30,43,40
-2,92.12,30,24,29,28,21,9,15,8,0,14,11,4
43,48,55,,48,59,43,29,39,46,50,65.97,49,32
25,30,38,134,21,38,20,3,11,11,4,1,18,0
7,1,17,5,-7,10,-10,0,0,0,0,P,0,
21,12,24,30,54,59,64,10,0,12,19,42,42,54
26,28,20,25,27,40,31,0,13,5,0,0,23,7
26,33,40,36,26,25,27,6,7,24,19,0,6,7
85,78,65,73,60,59,58,79,78,63,65,54,53,53
4,34,30,51,49,62,,0,18,19,35,39,43,42
66,61,66,73,77,R,P,57,49,53,64,71,58,66
25,27,24,25,38,22,26,7,8,0,1,21,2,0
28,34,36,24,21,27,32,8,16,7,5,0,7,17
73,77,63,64,65,50,52,68,73,60,57,62,46,49
35,27,28,32,,23,23,9,2,0,16,3,1,0
114,81,119,92,104,91,,104,76,107,81,98,79,98
8,,20,45,46,60,72,0,16,9,30,33,45,62
7,20,36,42,47,59,65,0,8,26,24,31,49,47
76,61,74,77,60,63,70,65,50,68,72,55,50,63
38,21,34,33,29,W,26,16,5,13,6,8,5,0
76,79,78,78,76,67,66,66,Y,71,73,70,58,56
19,,36,48,65,68,80,3,12,20,32,55,49,62
46,52,53,52,57,57,43,38,47,42,44,52,50,31
79,69,79,71,67,66,60,74,62,65,66,57,56,54
1,18,34,37,55,75,78,0,0,21,20,41,64,65
22,18,29,31,45,71,68,4,6,14,19,30,58,53
83,84,70,55,62,48,60,75,75,63,52,59,42,58
9,0,-1,18,14,2,-8,0,9.76,0,,0,0,0
3,26,42,53,61,56,74,0,15,77.81,39,49,37,55
18,129,-7,5,14,-1,4,0,0,0,0,0,0,0
93,90,80,100,104,82,103,87,,68,86,95,75,90
91,85,89,88,102,89,113,79,72,84,82,96,84,107
73.0,47,43,46,50,53,49,43,34,30,38,45,46,41
84,83,63,57,66,45,45,,81,60,53,58,41,44
11,7,8,1,-9,-3,-7,0,0,0,0,0,0,0
85,103,101,115,115,86,111,73,98,92,103,102,72,99
86,109,90,106,91,84,117,77,103,79,101,85,72,103
34,28,22,38,39,24,26,6,4,2,9,14,7,1
9,18,10,4,4,14,0,0,0,72.98,0,0,0,0
80,65,67,62,55,53,48,72,62,61,53,50,53,47
57,56,56,46,45,54,59,45,51,51,40,39,42,49
54,45,134,47,46,42,49,45,38,32,38,40,36,38
10,10,40,30,64,67,76,0,0,27,14,50,56,62
9,30,,51,70.11,55,75,0,16,11,35,30,45,58
-6,0,16,16,-8,-7,11,0,0,0,0,0,0,0
75,68.36,78,78,69,61,,62,66,65,68,57,51,68
62,80,78,60,62,78,61,56,75,72,49,50,68,49
61,74,80,63,79,77,80,56,60,67,55,67,72,74
89,65,69,57,53,64,56,87,62,65,52,52,58,55
40,29,31,E,35,40,33,16,9,4,5,17,18,4
86,66,68,73,66,58,54,79,63,59,68,65,49,49
97,111,104,115,84,105,107,87,104,98,110,74,91,97
21,17,30,40,62,53,71,5,6,1.22,21,51,39,58
67,78,61,78,67,79,63,60,66,56,65,54,72,55
79,74,63,74,64,57,51,70,67,62,65,56,49,43
17,34,27,50,-4,74,62,2,21,11,38,31,57,45
11,-8,-9,-3,-7,17,6,0,0,0,0,0,0,0
62,64,74,75,62,71,72,57,59,60,,57,64,63
82,81,65,55,55,60,47,77,81,56,54,52,56,38
84,70,66,62,62,59,43,80,70,57,55,62,54,41
53,53,47,60,46,52,55,40,45,35,48,41,46,41
5,35,42,-2,40,50,73,0,22,23,17,29,34,60
53,60,41,41,43,53,60,46,52,34,35,31,46,51
64,67,80,60,68,68,76,57,57,72,54,62,58,63
24,33,32,26,25,35,28,0,6,5,3,0,20,12
60,62,70,66,76,65,76,53,51,64,60,64,52,71
77,76,71,72,62,70,72,69,67,60,66,57,57,64
Y,60,40,58,57,55,44,36,46,27,47,52,47,38
110,95,103,112,90,94,114,98,84,90,105,79,80,101
48,47.83,49,58,40,48,56,40,55,35,49,33,36,42
91,108,98,115,81,O,96,78,98,92,102,69,108,90
21,21,33,52,63,63,74,2,3,21,34,53,47,55
114,117,119,96,104,111,93,102,105,106,88,96,105,82
1,22,43,36,48,61,78,0,9,31,17,33,45,62
83,81,64,71,63,53,60,80,72,62,64,61,48,57
,70,64,64,65,62,52,71,65,64,58,65,56,52
45,60,48,48,40,51,48,36,52,41,34,28,42,35
19,16,8,5,12,39.13,11,0,1,0,0,0,0,0
51,47,48,56,123,59,42,41,36,35,42,44,45,33
3,3,-3,1,I,9,17,0,0,0,0,0,0,0
21,30,41,54,51,133,72,4,17,22,38,40,49,62
120,67,69,64,64,79,A,69,54,58,53,53,72,50
99,110,99,84,118,110,110,86,105,85,79,106,104,104
76,66,62,58,55,61,41,75,66,54,50,55,57,36
8,-6,17,12,-5,-7,8,0,0,2,0,0,0,0
59,55,44,51,58,52,45,52,50,30,43,48,44,37
55,60,56,41,-8,51,59,44,51,46,28,41,41,50
78,74,80,72,75,63,64,64,62,73,59,,51,56
72,78,64,58,-6,56,41,72,77,62,57,60,25.52,37
114,-6,108,118,97,116,106,106,89,102,104,92,110,99
71,77,72,60,75,69,76,58,70,A,55,61,64,67
81,O,78,67,70,59,46,73,64,73,65,67,54,43
87,142,85,80,112,105,101,80,75,73,75,99,93,95
79,74,68,65,58,59,41,75,67,63,60,51,59,
80,81,76,67,58,64,51,79,66.68,75,64,49,59,50
82,79,80,71,68,48,50,82,75,76,65,64,47,43
4,13,20,34,65,52,69,0,0,1,20,49,34,53
19,8,10,3,11,-3,8,0,0,0,0,0,0,0
40,48,46,52,44,50,55,33,38,37,40,37,44,43
110,90,91,87,108,85,90,101,81,78,77,99,79,85
20,11,24,32,41,54,78,3,0,8,19,31,37,64
85,116,114,80,112,110,116,71,107,104,68,103,102,110
87,79,62,68,68,47,55,81,79,58,67,60,39,53
84,120,83,110,100,115,113,78,8.08,78,100,90,107,108
76,79,62,80,74,76,79,71,70,57,71,68,,71
24,29,39,41,61,50,78,8,16,26,26,43,38,68
63,68,72,69,73,74,62,53,63,67,57,66,62,54
25,24,32,35,36,22,34,0,3,12,8,15,1,17
29,27,33,21,35,27,29,4,2,9,0,20,6,3
38,32,27,21,23,40,38,,5,11,0,0,17,14
71,81,76,64,65,55,56,66,72,,56,61,48,47
86,70,61,64,60,61,42,84,67,58,56,52,60,36
0,10,130,H,-7,-10,9,0,0,0,0,0,0,0
113,109,83,97,120,102,100,102,104,76,91,115,88,90
86,92,83,118,120,85,,75,83,71,110,110,78,74
2,32,38,31,40,73,65,0,19,24,15,27,59,51
21,27,38,55,57,65,70,2,10,23,36,42,50,53
94,114,117,90,103,112,101,83,108,109,77,95,105,92
74,65,79,71,74,62,68,63,57,65,61,62,56,62
117,88,86,101,119,109,105,108,81,74,92,111,85.71,91
2,11,45,43,60,64,84,0,0,29,27,43,50,67
84,83,60,75,52,51,54,79,77,60,72,52,50,54
21,24,32,31,32,27,32,1,2,16,3,,5,13
8,-9,20,11,5,10,-2,0,0,0,0,0,0,0
18,12,34,35,56,60,83,8,0,17,22,46,46,70
88,113,117,120,107,113,105,76,103,111,110,98,106,100
60,63,67,70,76,77,65,48,51,55,59,63,70,51
40,49,46,52,49,41,46,26,43,39,46,43,31,40
10,-10,11,14,20,-10,24.56,0,0,0,0,0,0,0
54,57,54,41,42,42,50,43,43,49,27,33,36,37
20,11,45,54,59,81.67,60,1,0,31,39,42,56,46
26,30,37,36,34,25,29,0,8,21,12,17,0,3
111,112,99,117,114,82,80,106,105,94,105,I,69,66
70,67,80,76,79,60,65,65,56,73,68,73,49,57
86,69,69,75,64,53,53,77,68,68,73,57,46,49
78,,67,63,80,61,75,70,71,53,56,68,49,63
20,-3,18,19,14,17,-2,4,0,3,0,0,1,0
20,22,22,27,29,31,30,0,5,1,9,10,6,13
63,70,63,76,62,75,78,58,57,58,64,56,63,68
49,53,42,50,55,52,42,39,44,30,37,48,42,31
79,70,68,59,69,51,V,79,G,62,50,67,51,55
7,-7,-1,6,11,15,17,0,0,0,,0,0,0
72,66,62,70,65,64,49,63,60,62,61,56,59,41
112,98,87,106,92,89,117,98,90,76,98,78,76,110
68,73,72,64,75,73,75,57,80.65,64,54,69,68,68
111,114,113,96,109,113,116,102,107,103,90,101,107,102
24,20,33,35,27,29,38,3,0,15,9,11,10,15
89,81,84,105,98,86,84,75,68,75,97,93,73,75
113,119,104,87,82,85,87,103,111,93,81,77,78,73
8,-7,8,20,6,-3,11,0,0,0,0,0,0,0
47,45,48,59,55,54,S,34,37,39,53,50,45,38
85,95,102,98,97,90,86,80,86,90,86,86,84,75
88,67,60,60,69,54,56,87,63,56,57,63,49,51
102,102,96,84,96,104,83,93,97,88,75,82,97,76
17,33,41,45,45,69,81,0,T,22,28,29,58,70
19,10,15,-9,-1,-3,8,0,0,0,0,0,0,0
44,46,56,49,60,55,57,34,36,42,35,52,44,45
-4,-6,11,-6,1,-6,14,0,0,0,0,0,0,0
20,33,35,Y,49,54,61,,21,25,41,35,43,48
70,71,68,71,62,59,48,70,69,61,66,54,51,40
3,14,20,33,49,70,61,0,0,10,23,38,51,49
30,31,28,29,32,37,23,6,9,6,5,10,11,0
27,27,28,39,24,23,20,6,0,3,15,3,3,3
69,67,71,79,80,60,73,55,57,57,70,68,55,68
10,,18,13,1,-1,8,0,0,0,0,0,0,0
82,75,64,75,53,50,48,82,73,55,71,51,45,H
76,66,72,73,54,65,41,67,60,64,73,50,62,41
28,21,20,34,21,21,21,1,4,0,7,0,1,6
37,38,39,21,20,20,23,11,16,19,5,4,0,45.28
13,23,24,41,64,72,84,3,4,11,27,51,56,68
70,68,76,71,S,56,57,65,61,72,63,57,48,52
16,-3,7,-4,6,2,,0,0,0,0,0,0,0
79,73,71,66,60,-9,62,72,64,57,53,50,58,53
54,41,53,45,53,42,54,40,35,44,34,43,30,42
51,54,43,42,57,44,Z,43,42,67.89,30,50,39,47
43,48,43,60,50,52,42,29,42,38,52,40,42,28
34,33,25,35,30,23,40,9,12,6,7,4,6,25
80,65,62,60,57,60,57.1,78,65,59,53,49,59,51
92,84,109,81,110,94,108,82,77,97,68,103,84,101
76,76,-10,66,69,63,64,63,71,63,60,62,53,56
5,29,25,32,42,56,65,0,16,15,15,27,45,50
89,81,65,74,66,58,55,86,78,63,68,66,53,52
81,112,103,113,107,139,99,68,100,91,105,93,100,91
2.62,2,7,12,19,-5,7,0,0,0,54.47,1,0,0
78,78,79,63,69,75,77,65,67,72,55,55,69,72
-2,18,1,4,11,19,16,0,0,0,0,0,0,0
93,96,110,80,110,89,110,88,88,98,72,105,78,103
39,26,32,22,34,26,31,19,0,14,0,14,1,6
119,107,89,93,114,87,91,110,96,78,83,101,79,V
63,61,80,67,61,67,62,51,56,69,56,49,54,54
-10,-10,20,2,-10,6,11,0,0,2,0,0,0,0
2,17,-9,-6,-4,6,-9,0,0,0,0,0,0,0
18,-9,18,16,-9,17,7,0,0,0,0,0,0,0
84,103,117,81,108,93,100,72,91,111,70,101,85,94
13,23,125,43,60,58,70,0,5,25,31,48,39,59
68,60,66,66,66,80,74,58,55,57,53,52,70,67
114,110,108,93,87,133,32.57,107,97,100,83,74,73,77
100,90,82,118,95,92,105,94,79,74,104,87,81,100
56,57,58,55,58,57,44,46,47,51,43,45,45,34
35,32,33,30,21,20,37,7,12,15,6,0,0,17
105,93,112,88,114,101,105,93,81,105,75,102,93,92
75,65,72,75,53,49,44,75,59,67,70,52,45,37
26,35,21,23,37,29,35,2,19,0,3,22,5,7
39,28,26,35,21,20,21,12,11,2,12,2,0,0
87,81,63,64,60,53,58,78,72,61,60,57,47,51
36,33,20,30,39,28,34,9,15,4,12,10,11,8
120,117,81,89,99,107,91,108,110,67,83,91,102,83
29,39,22,39,28,38,25,10,18,0,19,1,14,3
71,66,63,66,64,53,43,62,59,63,66,60,51,36
37,28,31,27,30,20,39,14,0,8,6,9,0,14
69,73,64,66,80,75,74,61,62,54,57,74,64,62
33,28,36,28,24,23,36,18,2,15,5,0,0,19
33,29,22,35,35,39.53,20,11,4,0,10,8,9,1
94,92,114,102,87,105,96,89,79,X,93,75,98,85
36,37,36,36,23,29,36,8,19,7,10,0,4,10
40,21,37,26,36,22,30,16,3,18,7,10,1,8
60,78,74,77,78,80,72,48,R,64,65,64,66,61
57,48,53,49,58,,44,43,42,41,39,49,44,
104,83,92,103,119,107,112,98,77,,91,108,95,98
120,92,116,100,120,102,94,109,78,104,92,112,92,81
77,61,69,73,73,80,69,65,8.8,63,64,59,74,62
63,E,66,74,67,61,69,51,62,57,61,60,53,57
73,81,61,62,54,57,41,69,72,53,58,48,52,34
52,43,49,53,55,44,40,44,38,35,40,48,31,28
115,96,115,90,93,87,96,109,86,109,81,79,79,86
112,108,100,97,101,118,101,107,95,88,86,81.02,111,88
78,78,77,56,56,46,49,77,72,75,50,48,37,40
35,28,35,26,34,40,20,8,8,17,3,18,23,0
101,108,94,103,105,109,96,90,103,80,91,98,98,83
20,30,35,34,20,30,33,0,13,8,13,42.37,15,5
48,43,42,50,50,42,54,38,30,49.15,43,39,33,43
94,83,F,84,109,88,88,80,77,100,70,101,79,78
72,75,65,65,55,54,52,69,69,57,61,51,52,48
70,63,75,65,74,71,80,63,49,66,57,69,59,73
20,20,33,23,34,,36,0,0,16,0,16,17,15
14,23,37,34,61,50,72,4,12,21,16,44,39,54
11,11,38,45,55,75,68,0,0,23,27,42,64,58
28,32,26,,36,22,32,0,16,4,88.91,10,1,10
148,46,48,58,53,57,55,50,37,39,46,42,49,46
8,9,-5,16,3,9,13,0,0,0,0,0,0,0
7,139,34,37,54,73,61,0,0,20,22,35,62,43
-9,77,66,64,51,I,59,74,70,58,56,46,46,54
15,19,22,43,47,75,85,0,4,11,33,33,62,67
79,66,76,60,69,63,57,72,64,73,56,64,62,52
118,119,81,96,96,116,117,105,113,70,90,87,111,108
85,,72,57,68,59,46,77,81,68,54,61,56,37
120,95,115,83,92,110,104,110,81,105,74,79,96,94
65,76,80,80,63,63,79,56,62,66,71,50,55,73
L,70,70,63,73,78,70,60,63,60,55,65,72,69.37
61,68,71,70,61,76,78,56,54,60,60,56,71,73
80,73,60,68,61,74,67,73,60,51,54,47,65,55
-7,1,-7,17,6,6,7,0,0,0,0,0,0,0
32,40,22,38,29,38,25,10,14,0,21,4,19,10
22,21,32,20,37,31,20,5,0,5,0,T,9,0
64,67,85.16,62,67,69,62,51,54,62,50,54,59,48
62,68,76,64,69,63,63,55,62,62,52,56,52,53
53,44,46,42,41,45,45,48,34,37,28,36,38,36
60,72,79,75,72.96,63,77,46,61,68,67,55,50,69
97,84,113,83,115,83,108,84,72,101,78,106,78,95
86,100,81,102,106,115,120,77,89,G,97,,105,115
80,108,82,115,120,108,101,66,102,76,101,109,95,87
69,65,72,69,66,61,69,58,54,67,56,53,51,59
-1,18,-7,3,17,-8,-7,0,1,0,0,0,0,0
91,82,103,108,82,108,83,79,74,93,100,70,100,69
107,118,106,93,85,114,92,100,106,96,84,72,101,85
118,142,94,88,91,120,90,109,105,86,74,86,114,83
85,78,78,65,64,56,58,81,76,73,59,62,47,51
5,11,25,52,59,60,61,0,0,12,42,48,42,47
100,107,88,100,91,100,119,89,102,81,91,83,88,106
31,40,36,26,30,21,25,11,18,11,9,10,0,0
5,11,44,49,52,52,78,0,0,29,34,,33,66
36,35,29,29,30,22,33,7,19,2,1,1,0,13
Q,-4,-1,-6,-10,-9,-1,0,0,0,0,0,0,0
16,-6,8,2,14,,-2,0,0,0,0,0,0,0
4,18,-9,11,17,1,-1,0,0,0,0,1,0,0
36,37,36,20,38,30,32,12,21,11,0,16,5,12
82,82,66,65,54,47,58,81,76,62,62,50,39,53
45,59,54,40,45,41,47,32,45,47,27,31,16.74,38
65,72,80,63,H,78,65,55,63,75,52,55,69,57
19,23,32,41,60,-9,54.82,9,7,17,27,50,44,63
37,25,24,29,38,27,25,11,7,0,9,13,6,3
1,-6,-4,13,-7,G,11,0,0,0,0,0,0,0
0,-3,2,3,-5,-7,-3,0,0,0,0,0,0,0
-10,1,-8,11,-7,20,17,0,0,0,0,0,2,0
71,79,71,62,69,37.32,75,58,73,58,56,64,63,70
60,51,59,43,51,58,59,48,43,51,35,45,51,54
83,65,61,64,67,52,46,74,58,54,64,62,50,41
81,76,64,74,50,52,55,77,75,60,65,44,47,49
17,4,8,9,16,16,17,0,0,0,0,0,0,0
17,12,17,-3,9,0,1,0,0,H,0,0,0,0
38,21,36,24,37,35,39,9,1,16,7,21,9,23
109,80,108,102,112,97,88,101,74,97,94,105,88,74
67,71,68,72,69,63,61,56,62,57,58,57,51,49
18,32,20,31,65,60,65,7,15,1,17,46,50,49
33,20,29,21,31,30,37,5,3,8,0,11,13,16
41,44,46,58,55,49,58,27,35,34,52,42,41,45
89,76,69,60,68,52,42,80,67,68,55,68,51,35
72,73,-8,72,53,55,45,69,69,64,68,50,50,44
2,31,45,36,63,55,76,0,18,32,24,50,39,62
83,68,75,59,59,46,41,78,68,69,57,57,41,38
58,54,45,48,47,54,57,47,42,39,43,37,49,52
26,22,,29,35,28,36,9,1,16,10,10,13,11
-10,12,18,0,8,1,-5,0,0,0,0,0,,0
72,65,77,74,51,45,42,70,56,74,72,46,43,36
11,-7,13,11,3,2,-8,0,G,0,0,0,0,0
34,37,25,32,26,36,35,10,21,0,13,7,21,16
102,102,82,90,85,97,84,94,94,77,81,79,91,79
110,119,81,82,103,91,88,96,113,74,75,97,85,81
72,73,69,74,73,72,66,67,68,62,68,,59,59
71,84,66,56,56,45,49,69,75,58,,48,43,48
,40,37,23,27,24,29,0,16,22,0,3,0,11
51,59,50,40,40,60,42,37,53,38,26,26,51,31
21,32,40,39,21,39,123,0,6,,12,3,18,3
59,54,45,50,59,43,48,53,43,39,40,47,37,39
77,78,75,79,70,61,60,72,68,63,69,65,47,47
1,34,38,36,59,58,67,0,21,25,22,49,39,18.28
32,36,33,27,20,23,23,17,10,17,0,1,0,0
25,27,34,38,24,37,22,7,11,7,19,1,12,0
56,53,51,45,54,46,45,47,41,38,38,44,38,38
27,36,35,R,26,33,32,0,12,14,1,5,10,4
24,25,44,31,40,-8,77,7,10,26,13,24,56,61
2,,-6,15,9,8,13,0,0,0,0,0,0,0
77,76,,66,69,51,44,75,,51,60,67,48,42
83,73,79,56,69,51,43,R,70,77,56,63,47,43
3,5,20,8,8,16,17,0,Z,0,0,0,0,0
59,52,51,55,42,52,50,47,42,38,44,31,44,43
75,65,67,62,51,56,53,72,56,63,57,45,56,46
15,30,41,32,47,75,66,0,17,23,16,36,57,53
92,94,83,84,93,94,80,83,80,75,78,79,84,73
79,-9,71,72,76,69,76,67,61,61,58,64,64,71
33,28,30,21,35,38,33,6,8,14,0,17,19,7
33,20,23,25,32,37,38,15,0,0,10,3,18,9
53,47,F,44,40,48,47,44,39,31,33,26,39,40
98,116,86,105,106,107,82,92,103,76,91,96,101,75
20,-5,6,18,-3,18,20,2,0,0,3,0,2,0
20,-7,15.87,11,-9,12,-10,0,0,0,0,0,0,0
12,55.39,42,45,49,63,F,0,7,26,34,31,53,58
109,106,83,106,82,108,89,97,93,77,101,68,,80
61,61,80,79,66,80,63,52,49,75,72,56,75,57
59,54,-8,58,54,57,46,45,44,40,44,42,45,37
28,36,40,33,38,27,29,10,12,15,11,20,0,10
70,71,79,72,61,76,65,65,64,73,63,54,63,51
8,-9,10,6,N,-4,-9,0,0,0,0,0,0,0
57,52,47,43,42,48,53,52,43,42,33,13.97,39,44
27,39,35,30,31,34,23,6,11,19,4,11,10,8
50,42,45,47,53,53,45,37,30,39,38,47,46,40
25,10,36,52,51,65,83,9,0,23,40,40,49,72
97,116,111,94,118,93,105,89,111,99,83,112,83,99
27,23,32,23,20,20,33,5,5,15,2,2,0,10
66,78,62,,74,72,63,53,73,57,68,65,66,57
65,60,71,71,78,68,-1,60,54,59,63,72,54,65
89,67,77,65,53,63,59,88,63,76,60,45,58,57
4,-9,0,4,-8,11,8,0,0,0,0,0,0,0
40,60,47,55,60,40,56,29,51,39,48,,26,42
30,36,34,34,26,29,21,13,9,12,6,3,8,0
87,71,79,75,58,58,126,79,65,72,66,56,50,48
52,55,43,47,55,44,49,42,43,38,41,45,39,39
70,69,79,73,63,50,O,61,63,71,64,59,42,55
37,24,29,28,20,39,34,8,0,14,7,3,24,10
88,75,62,55,54,54,57,85,74,57,49,52,50,48
65,61,77,76,65,60,70,57,52,72,64,60,51,59
86,78,68,67,57,52,50,84,74,63,64,49,44,42
25,23,21,21,36,20,22,3,4,0,1,14,0,0
119,107,116,94,107,91,115,105,94,107,86,R,79,106
56,49,55,,51,48,58,43,36,46,34,46,34,48
81,69,68,62,60,57,42,77,60,68,59.2,58,53,33
59,46,41,43,53,50,46,48,40,30,34,40,45,37
79,72,69,73,64,67,74,74,67,61,60,53,57,63
59,47.72,57,48,46,60,43,49,38,51,95.43,38,47,34
73,75,P,61,77,74,61,68,61,57,49,65,69,48
19,10,39,36,46,58,M,5,0,21,17,27,40,53
25,34,21,35,20,34,21,7,5,5,16,0,17,0
28,21,28,26,27,35,26,5,0,0,4,1,13,6
20,26,23,40,20,39,40,0,2,8,20,2,17,20
47,55,53,48,41,46,45,42,50,45,41,30,32,38
88,120,114,116,106,103,94,83,109,103,103,97,89,85
88,81,80,63,54,46,51,84,72,78,54,49,43,51
25,14,26,34,57,72,61,12,0,7,16,41,59,
-9,2,14,-2,12.53,11,126,0,0,0,0,0,0,0
22,17,37,35,45,54,82,8,5,21,25,27,43,69
65,69,62,80,141,73,66,52,63,54,71,55,60,60
24,24,31,23,31,29,36,0,2,3,0,14,3,9
25,36,40,22,24,39,31,0,16,23,6,0,24,15
29,28,24,24,38,21,20,3,7,0,3,18,0,0
20,32,30,33,30,25,28,5,26.61,3,10,5,0,3
14,14,23,42,58,56,65,0,2,8,23,40,39,53
14,23,38,35,64,71,76,0,11,21,17,45,57,60
-4,3,-8,17,6,-6,120,0,0,0,0,0,0,0
15,28,42,36,65,72,64,0,16,29,17,,56,51
94,97,112,91,126,114,93,82,84,106,86,84,101,83
25,19,39,38,41,67,68,12,7,26,19,31,56,53
74,83,72,75,68,49,40,73,79,65,70,67,42,37
8,19,19,12,7,14,-6,0,0,0,0,0,0,25.39
97,111,96,87,98,86,113,87,103,82,77,35.98,76,107
50,50,57,55,40,93.6,59,W,36,48,46,26,51,49
-3,13,4,13,6,20,19,0,0,0,0,0,0,4
0,25,30,38,41,69,71,0,15,19,27,24,54,59
39,34,37,24,36,22,38,14,16,13,8,21,0,15
4,32,35,55,54,59,84,0,22,23,41,42,49,66
1,-6,11,9,8,1,0,0,0,0,0,0,0,0
-7,-6,19,-10,-1,-3,9,0,0,0,0,0,0,0
16,14,12,-9,18,20,-9,0,0,0,0,0,5,0
76,69,69,63,52,47,48,85.38,61,67,56,43,47,40
40,31,35,22,,31,35,20,2,20,4,11,7,14
4,30,28,38,59,75,80,0,12,16,22,47,62,68
71,75,64,58,59,54,42,67,74,55,58,51,45,42
88,87,99,112,87,83,89,81,77,93,98,81,70,78
50,40,40,44,47,46,56,40,35,31,38,37,39,45
83,91,116,117,86,84,111,69,8.01,105,110,75,,97
90,74,60,65,66,58,47,81,66,55,64,61,57,43
102,115,83,111,98,98,106,94,109,69,98,86,87,101
17,34,21,40,51,137,84,2,18,8,28,34,38,73
94,94,80,113,133,88,82,81,84,70,102,95,79,72
26,21,37,37,31,31,38,3,0,15,19,2,16,9
82,70,78,-10,55,56,52,79,66,69,57,47,38.18,43
118,92,111,91,113,117,105,107,87,99,82,99,106,99
